[2025-12-20 03:57:14] ========== Starting database backup ==========
[2025-12-20 03:57:14] Database: xie080886 @ 127.0.0.1:3306
[2025-12-20 03:57:14] Creating database backup...
mysqldump: [Warning] Using a password on the command line interface can be insecure.
mysqldump: Error: 'Access denied; you need (at least one of) the PROCESS privilege(s) for this operation' when trying to dump tablespaces
[2025-12-20 03:57:15] Backup created: /www/wwwroot/vitufinance.com/backups/database/xie080886_2025-12-20.sql (844K)
[2025-12-20 03:57:15] Compressing backup...
[2025-12-20 03:57:15] Backup compressed: /www/wwwroot/vitufinance.com/backups/database/xie080886_2025-12-20.sql.gz (96K)
[2025-12-20 03:57:15] Cleaning old backups (keeping last 7 days)...
[2025-12-20 03:57:15] Total backups retained: 1
[2025-12-20 03:57:15] Pushing backup to Git repository...
[main 10de7c1] Auto backup: Database backup 2025-12-20
 2 files changed, 11 insertions(+)
 create mode 100644 backups/backup.log
 create mode 100644 backups/database/xie080886_2025-12-20.sql.gz
To github.com:gsyi5839-alt/https-vitufinance.com-.git
   bcf8378..10de7c1  main -> main
[2025-12-20 03:57:19] Successfully pushed backup to Git repository
[2025-12-20 03:57:19] ========== Backup completed successfully ==========
[2025-12-20 03:57:19] 
[2025-12-21 03:00:01] ========== Starting database backup ==========
[2025-12-21 03:00:01] Database: xie080886 @ 127.0.0.1:3306
[2025-12-21 03:00:01] Creating database backup...
mysqldump: [Warning] Using a password on the command line interface can be insecure.
mysqldump: Error: 'Access denied; you need (at least one of) the PROCESS privilege(s) for this operation' when trying to dump tablespaces
[2025-12-21 03:00:01] Backup created: /www/wwwroot/vitufinance.com/backups/database/xie080886_2025-12-21.sql (2.2M)
[2025-12-21 03:00:01] Compressing backup...
[2025-12-21 03:00:01] Backup compressed: /www/wwwroot/vitufinance.com/backups/database/xie080886_2025-12-21.sql.gz (348K)
[2025-12-21 03:00:01] Cleaning old backups (keeping last 7 days)...
[2025-12-21 03:00:01] Total backups retained: 2
[2025-12-21 03:00:01] Pushing backup to Git repository...
[main bbd722e] Auto backup: Database backup 2025-12-21
 2 files changed, 11 insertions(+)
 create mode 100644 backups/database/xie080886_2025-12-21.sql.gz
To github.com:gsyi5839-alt/https-vitufinance.com-.git
   1d54ca0..bbd722e  main -> main
[2025-12-21 03:00:05] Successfully pushed backup to Git repository
[2025-12-21 03:00:05] ========== Backup completed successfully ==========
[2025-12-21 03:00:05] 
[2025-12-21 19:21:58] ==========================================
[2025-12-21 19:21:58] Starting backup: vitufinance_backup_20251221_192158
[2025-12-21 19:21:58] ==========================================
[2025-12-21 19:21:58] 1. Backing up critical source files...
[2025-12-21 19:21:58]    Critical files backed up: /www/wwwroot/vitufinance.com/backups/critical/critical_20251221_192158.tar.gz
[2025-12-21 19:21:58] 2. Backing up database...
[2025-12-21 19:21:59]    Database backed up: /www/wwwroot/vitufinance.com/backups/daily/db_20251221_192158.sql.gz
[2025-12-21 19:21:59] 3. Generating file integrity hashes...
[2025-12-21 19:21:59]    Hashes saved: /www/wwwroot/vitufinance.com/backups/critical/hashes_20251221_192158.sha256
[2025-12-21 19:21:59] 4. Checking for git changes...
[2025-12-21 19:21:59]    Git commit created
[2025-12-21 19:21:59] 5. Cleaning up old backups...
[2025-12-21 19:22:00]    Old backups cleaned (keeping last 7 days)
[2025-12-21 19:22:00] ==========================================
[2025-12-21 19:22:00] Backup completed successfully!
[2025-12-21 19:22:00] ==========================================
[2025-12-21 19:22:00]    Total backup size: 1.1M
[2025-12-21 19:22:00] ==========================================
[2025-12-22 02:00:01] ==========================================
[2025-12-22 02:00:01] Starting backup: vitufinance_backup_20251222_020001
[2025-12-22 02:00:01] ==========================================
[2025-12-22 02:00:01] 1. Backing up critical source files...
[2025-12-22 02:00:01]    Critical files backed up: /www/wwwroot/vitufinance.com/backups/critical/critical_20251222_020001.tar.gz
[2025-12-22 02:00:01] 2. Backing up database...
[2025-12-22 02:00:01]    Database backed up: /www/wwwroot/vitufinance.com/backups/daily/db_20251222_020001.sql.gz
[2025-12-22 02:00:01] 3. Generating file integrity hashes...
[2025-12-22 02:00:01]    Hashes saved: /www/wwwroot/vitufinance.com/backups/critical/hashes_20251222_020001.sha256
[2025-12-22 02:00:01] 4. Checking for git changes...
[2025-12-22 02:00:01]    Git commit created
[2025-12-22 02:00:01] 5. Cleaning up old backups...
[2025-12-22 02:00:01]    Old backups cleaned (keeping last 7 days)
[2025-12-22 02:00:01] ==========================================
[2025-12-22 02:00:01] Backup completed successfully!
[2025-12-22 02:00:01] ==========================================
[2025-12-22 02:00:01]    Total backup size: 1.8M
[2025-12-22 02:00:01] ==========================================
[2025-12-22 03:00:01] ========== Starting database backup ==========
[2025-12-22 03:00:01] Database: xie080886 @ 127.0.0.1:3306
[2025-12-22 03:00:01] Creating database backup...
mysqldump: [Warning] Using a password on the command line interface can be insecure.
mysqldump: Error: 'Access denied; you need (at least one of) the PROCESS privilege(s) for this operation' when trying to dump tablespaces
mysqldump: 10193427 has insufficient privileges to SHOW CREATE PROCEDURE `AddColumnIfNotExists`!
[2025-12-22 03:00:02] ERROR: Database backup failed!
[2025-12-23 02:00:01] ==========================================
[2025-12-23 02:00:01] Starting backup: vitufinance_backup_20251223_020001
[2025-12-23 02:00:01] ==========================================
[2025-12-23 02:00:01] 1. Backing up critical source files...
[2025-12-23 02:00:01]    Critical files backed up: /www/wwwroot/vitufinance.com/backups/critical/critical_20251223_020001.tar.gz
[2025-12-23 02:00:01] 2. Backing up database...
[2025-12-23 02:00:02]    Database backed up: /www/wwwroot/vitufinance.com/backups/daily/db_20251223_020001.sql.gz
[2025-12-23 02:00:02] 3. Generating file integrity hashes...
[2025-12-23 02:00:02]    Hashes saved: /www/wwwroot/vitufinance.com/backups/critical/hashes_20251223_020001.sha256
[2025-12-23 02:00:02] 4. Checking for git changes...
[2025-12-23 02:00:02]    Git commit created
[2025-12-23 02:00:02] 5. Cleaning up old backups...
[2025-12-23 02:00:02]    Old backups cleaned (keeping last 7 days)
[2025-12-23 02:00:02] ==========================================
[2025-12-23 02:00:02] Backup completed successfully!
[2025-12-23 02:00:02] ==========================================
[2025-12-23 02:00:02]    Total backup size: 2.9M
[2025-12-23 02:00:02] ==========================================
[2025-12-23 03:00:01] ========== Starting database backup ==========
[2025-12-23 03:00:01] Database: xie080886 @ 127.0.0.1:3306
[2025-12-23 03:00:01] Creating database backup...
mysqldump: [Warning] Using a password on the command line interface can be insecure.
mysqldump: Error: 'Access denied; you need (at least one of) the PROCESS privilege(s) for this operation' when trying to dump tablespaces
mysqldump: 10193427 has insufficient privileges to SHOW CREATE PROCEDURE `AddColumnIfNotExists`!
[2025-12-23 03:00:02] ERROR: Database backup failed!
[2025-12-23 23:46:24] [INFO] ========== Starting database backup ==========
[2025-12-23 23:46:24] [INFO] Backup time: 2025-12-23_23-46-24
[2025-12-23 23:46:24] [INFO] Project: /www/wwwroot/vitufinance.com
[2025-12-23 23:46:24] [INFO] Database: xie080886 @ 127.0.0.1:3306
[2025-12-23 23:46:24] [INFO] Creating database backup...
mysqldump: [Warning] Using a password on the command line interface can be insecure.
mysqldump: Error: 'Access denied; you need (at least one of) the PROCESS privilege(s) for this operation' when trying to dump tablespaces
mysqldump: 10193427 has insufficient privileges to SHOW CREATE PROCEDURE `AddColumnIfNotExists`!
[2025-12-23 23:46:25] [ERROR] Database backup failed! Exit code: 2
[2025-12-23 23:46:56] [INFO] ========== Starting database backup ==========
[2025-12-23 23:46:56] [INFO] Backup time: 2025-12-23_23-46-56
[2025-12-23 23:46:56] [INFO] Project: /www/wwwroot/vitufinance.com
[2025-12-23 23:46:57] [INFO] Database: xie080886 @ 127.0.0.1:3306
[2025-12-23 23:46:57] [INFO] Creating database backup...
mysqldump: [Warning] Using a password on the command line interface can be insecure.
[2025-12-23 23:46:57] [INFO] Backup created: xie080886_2025-12-23.sql (5.7M)
[2025-12-23 23:46:57] [INFO] Compressing backup...
[2025-12-23 23:46:58] [INFO] Backup compressed: xie080886_2025-12-23.sql.gz (1.1M)
[2025-12-23 23:46:58] [INFO] Cleaning up old backups...
[2025-12-23 23:46:58] [INFO] Total backups retained: 3
[2025-12-23 23:46:58] [INFO] Pushing backup to Git repository...
[main 2d96568] 🗄️ Auto Backup: 2025-12-23
 2 files changed, 21 insertions(+)
 create mode 100644 backups/database/xie080886_2025-12-23.sql.gz
To github.com:gsyi5839-alt/https-vitufinance.com-.git
   d65d026..2d96568  main -> main
[2025-12-23 23:47:03] [INFO] Successfully pushed to 'main' branch
[2025-12-23 23:47:03] [INFO] Git push completed successfully
[2025-12-23 23:47:03] [INFO] =========================================
[2025-12-23 23:47:03] [INFO] Backup Summary:
[2025-12-23 23:47:03] [INFO]   File: xie080886_2025-12-23.sql.gz
[2025-12-23 23:47:03] [INFO]   Size: 1.1M
[2025-12-23 23:47:03] [INFO]   Location: /www/wwwroot/vitufinance.com/backups/database
[2025-12-23 23:47:03] [INFO] ========== Backup completed successfully ==========
[2025-12-23 23:47:03] [INFO] 
[2025-12-24 02:00:01] ==========================================
[2025-12-24 02:00:01] Starting backup: vitufinance_backup_20251224_020001
[2025-12-24 02:00:01] ==========================================
[2025-12-24 02:00:01] 1. Backing up critical source files...
[2025-12-24 02:00:01]    Critical files backed up: /www/wwwroot/vitufinance.com/backups/critical/critical_20251224_020001.tar.gz
[2025-12-24 02:00:01] 2. Backing up database...
[2025-12-24 02:00:02]    Database backed up: /www/wwwroot/vitufinance.com/backups/daily/db_20251224_020001.sql.gz
[2025-12-24 02:00:02] 3. Generating file integrity hashes...
[2025-12-24 02:00:02]    Hashes saved: /www/wwwroot/vitufinance.com/backups/critical/hashes_20251224_020001.sha256
[2025-12-24 02:00:02] 4. Checking for git changes...
[2025-12-24 02:00:02]    Git commit created
[2025-12-24 02:00:02] 5. Cleaning up old backups...
[2025-12-24 02:00:02]    Old backups cleaned (keeping last 7 days)
[2025-12-24 02:00:02] ==========================================
[2025-12-24 02:00:02] Backup completed successfully!
[2025-12-24 02:00:02] ==========================================
[2025-12-24 02:00:02]    Total backup size: 5.1M
[2025-12-24 02:00:02] ==========================================
[2025-12-25 02:00:01] ==========================================
[2025-12-25 02:00:01] Starting backup: vitufinance_backup_20251225_020001
[2025-12-25 02:00:01] ==========================================
[2025-12-25 02:00:01] 1. Backing up critical source files...
[2025-12-25 02:00:02]    Critical files backed up: /www/wwwroot/vitufinance.com/backups/critical/critical_20251225_020001.tar.gz
[2025-12-25 02:00:02] 2. Backing up database...
[2025-12-25 02:00:03]    Database backed up: /www/wwwroot/vitufinance.com/backups/daily/db_20251225_020001.sql.gz
[2025-12-25 02:00:03] 3. Generating file integrity hashes...
[2025-12-25 02:00:03]    Hashes saved: /www/wwwroot/vitufinance.com/backups/critical/hashes_20251225_020001.sha256
[2025-12-25 02:00:03] 4. Checking for git changes...
[2025-12-25 02:00:03]    Git commit created
[2025-12-25 02:00:03] 5. Cleaning up old backups...
[2025-12-25 02:00:03]    Old backups cleaned (keeping last 7 days)
[2025-12-25 02:00:03] ==========================================
[2025-12-25 02:00:03] Backup completed successfully!
[2025-12-25 02:00:03] ==========================================
[2025-12-25 02:00:03]    Total backup size: 6.7M
[2025-12-25 02:00:03] ==========================================
[2025-12-25 03:00:01] [INFO] ========== Starting database backup ==========
[2025-12-25 03:00:01] [INFO] Backup time: 2025-12-25_03-00-01
[2025-12-25 03:00:01] [INFO] Project: /www/wwwroot/vitufinance.com
[2025-12-25 03:00:01] [INFO] Database: xie080886 @ 127.0.0.1:3306
[2025-12-25 03:00:01] [INFO] Creating database backup...
mysqldump: [Warning] Using a password on the command line interface can be insecure.
[2025-12-25 03:00:02] [INFO] Backup created: xie080886_2025-12-25.sql (7.7M)
[2025-12-25 03:00:02] [INFO] Compressing backup...
[2025-12-25 03:00:03] [INFO] Backup compressed: xie080886_2025-12-25.sql.gz (1.4M)
[2025-12-25 03:00:03] [INFO] Cleaning up old backups...
[2025-12-25 03:00:03] [INFO] Total backups retained: 4
[2025-12-25 03:00:03] [INFO] Pushing backup to Git repository...
[main febb8db] 🗄️ Auto Backup: 2025-12-25
 2 files changed, 20 insertions(+)
 create mode 100644 backups/database/xie080886_2025-12-25.sql.gz
To github.com:gsyi5839-alt/https-vitufinance.com-.git
   e8fcfc9..febb8db  main -> main
[2025-12-25 03:00:10] [INFO] Successfully pushed to 'main' branch
[2025-12-25 03:00:10] [INFO] Git push completed successfully
[2025-12-25 03:00:10] [INFO] =========================================
[2025-12-25 03:00:10] [INFO] Backup Summary:
[2025-12-25 03:00:10] [INFO]   File: xie080886_2025-12-25.sql.gz
[2025-12-25 03:00:10] [INFO]   Size: 1.4M
[2025-12-25 03:00:10] [INFO]   Location: /www/wwwroot/vitufinance.com/backups/database
[2025-12-25 03:00:10] [INFO] ========== Backup completed successfully ==========
[2025-12-25 03:00:10] [INFO] 
[2025-12-26 02:00:01] ==========================================
[2025-12-26 02:00:01] Starting backup: vitufinance_backup_20251226_020001
[2025-12-26 02:00:01] ==========================================
[2025-12-26 02:00:01] 1. Backing up critical source files...
[2025-12-26 02:00:01]    Critical files backed up: /www/wwwroot/vitufinance.com/backups/critical/critical_20251226_020001.tar.gz
[2025-12-26 02:00:01] 2. Backing up database...
[2025-12-26 02:00:02]    Database backed up: /www/wwwroot/vitufinance.com/backups/daily/db_20251226_020001.sql.gz
[2025-12-26 02:00:02] 3. Generating file integrity hashes...
[2025-12-26 02:00:02]    Hashes saved: /www/wwwroot/vitufinance.com/backups/critical/hashes_20251226_020001.sha256
[2025-12-26 02:00:02] 4. Checking for git changes...
[2025-12-26 02:00:02]    Git commit created
[2025-12-26 02:00:02] 5. Cleaning up old backups...
[2025-12-26 02:00:02]    Old backups cleaned (keeping last 7 days)
[2025-12-26 02:00:02] ==========================================
[2025-12-26 02:00:02] Backup completed successfully!
[2025-12-26 02:00:02] ==========================================
[2025-12-26 02:00:02]    Total backup size: 9.8M
[2025-12-26 02:00:02] ==========================================
[2025-12-27 02:00:02] ==========================================
[2025-12-27 02:00:02] Starting backup: vitufinance_backup_20251227_020002
[2025-12-27 02:00:02] ==========================================
[2025-12-27 02:00:02] 1. Backing up critical source files...
[2025-12-27 02:00:02]    Critical files backed up: /www/wwwroot/vitufinance.com/backups/critical/critical_20251227_020002.tar.gz
[2025-12-27 02:00:02] 2. Backing up database...
[2025-12-27 02:00:02]    Database backed up: /www/wwwroot/vitufinance.com/backups/daily/db_20251227_020002.sql.gz
[2025-12-27 02:00:02] 3. Generating file integrity hashes...
[2025-12-27 02:00:03]    Hashes saved: /www/wwwroot/vitufinance.com/backups/critical/hashes_20251227_020002.sha256
[2025-12-27 02:00:03] 4. Checking for git changes...
[2025-12-27 02:00:03]    Git commit created
[2025-12-27 02:00:03] 5. Cleaning up old backups...
[2025-12-27 02:00:03]    Old backups cleaned (keeping last 7 days)
[2025-12-27 02:00:03] ==========================================
[2025-12-27 02:00:03] Backup completed successfully!
[2025-12-27 02:00:03] ==========================================
[2025-12-27 02:00:03]    Total backup size: 12M
[2025-12-27 02:00:03] ==========================================
[2025-12-28 02:00:01] ==========================================
[2025-12-28 02:00:01] Starting backup: vitufinance_backup_20251228_020001
[2025-12-28 02:00:01] ==========================================
[2025-12-28 02:00:01] 1. Backing up critical source files...
[2025-12-28 02:00:01]    Critical files backed up: /www/wwwroot/vitufinance.com/backups/critical/critical_20251228_020001.tar.gz
[2025-12-28 02:00:01] 2. Backing up database...
[2025-12-28 02:00:02]    Database backed up: /www/wwwroot/vitufinance.com/backups/daily/db_20251228_020001.sql.gz
[2025-12-28 02:00:02] 3. Generating file integrity hashes...
[2025-12-28 02:00:02]    Hashes saved: /www/wwwroot/vitufinance.com/backups/critical/hashes_20251228_020001.sha256
[2025-12-28 02:00:02] 4. Checking for git changes...
[2025-12-28 02:00:02]    Git commit created
[2025-12-28 02:00:02] 5. Cleaning up old backups...
[2025-12-28 02:00:02]    Old backups cleaned (keeping last 7 days)
[2025-12-28 02:00:02] ==========================================
[2025-12-28 02:00:02] Backup completed successfully!
[2025-12-28 02:00:02] ==========================================
[2025-12-28 02:00:02]    Total backup size: 15M
[2025-12-28 02:00:02] ==========================================
[2025-12-28 03:00:01] [INFO] ========== Starting database backup ==========
[2025-12-28 03:00:01] [INFO] Backup time: 2025-12-28_03-00-01
[2025-12-28 03:00:01] [INFO] Project: /www/wwwroot/vitufinance.com
[2025-12-28 03:00:01] [INFO] Database: xie080886 @ 127.0.0.1:3306
[2025-12-28 03:00:01] [INFO] Creating database backup...
mysqldump: [Warning] Using a password on the command line interface can be insecure.
[2025-12-28 03:00:02] [INFO] Backup created: xie080886_2025-12-28.sql (13M)
[2025-12-28 03:00:02] [INFO] Compressing backup...
[2025-12-28 03:00:04] [INFO] Backup compressed: xie080886_2025-12-28.sql.gz (2.1M)
[2025-12-28 03:00:04] [INFO] Cleaning up old backups...
[2025-12-28 03:00:04] [INFO] Total backups retained: 5
[2025-12-28 03:00:04] [INFO] Pushing backup to Git repository...
[main 08ea00e] 🗄️ Auto Backup: 2025-12-28
 2 files changed, 20 insertions(+)
 create mode 100644 backups/database/xie080886_2025-12-28.sql.gz
To github.com:gsyi5839-alt/https-vitufinance.com-.git
   b4141b5..08ea00e  main -> main
[2025-12-28 03:00:14] [INFO] Successfully pushed to 'main' branch
[2025-12-28 03:00:14] [INFO] Git push completed successfully
[2025-12-28 03:00:14] [INFO] =========================================
[2025-12-28 03:00:14] [INFO] Backup Summary:
[2025-12-28 03:00:14] [INFO]   File: xie080886_2025-12-28.sql.gz
[2025-12-28 03:00:14] [INFO]   Size: 2.1M
[2025-12-28 03:00:14] [INFO]   Location: /www/wwwroot/vitufinance.com/backups/database
[2025-12-28 03:00:14] [INFO] ========== Backup completed successfully ==========
[2025-12-28 03:00:14] [INFO] 
[2025-12-29 02:00:01] ==========================================
[2025-12-29 02:00:01] Starting backup: vitufinance_backup_20251229_020001
[2025-12-29 02:00:01] ==========================================
[2025-12-29 02:00:01] 1. Backing up critical source files...
[2025-12-29 02:00:01]    Critical files backed up: /www/wwwroot/vitufinance.com/backups/critical/critical_20251229_020001.tar.gz
[2025-12-29 02:00:01] 2. Backing up database...
[2025-12-29 02:00:02]    Database backed up: /www/wwwroot/vitufinance.com/backups/daily/db_20251229_020001.sql.gz
[2025-12-29 02:00:02] 3. Generating file integrity hashes...
[2025-12-29 02:00:03]    Hashes saved: /www/wwwroot/vitufinance.com/backups/critical/hashes_20251229_020001.sha256
[2025-12-29 02:00:03] 4. Checking for git changes...
[2025-12-29 02:00:03]    Git commit created
[2025-12-29 02:00:03] 5. Cleaning up old backups...
[2025-12-29 02:00:03]    Old backups cleaned (keeping last 7 days)
[2025-12-29 02:00:03] ==========================================
[2025-12-29 02:00:03] Backup completed successfully!
[2025-12-29 02:00:03] ==========================================
[2025-12-29 02:00:03]    Total backup size: 21M
[2025-12-29 02:00:03] ==========================================
[2025-12-30 02:00:01] ==========================================
[2025-12-30 02:00:01] Starting backup: vitufinance_backup_20251230_020001
[2025-12-30 02:00:01] ==========================================
[2025-12-30 02:00:01] 1. Backing up critical source files...
[2025-12-30 02:00:01]    Critical files backed up: /www/wwwroot/vitufinance.com/backups/critical/critical_20251230_020001.tar.gz
[2025-12-30 02:00:01] 2. Backing up database...
[2025-12-30 02:00:03]    Database backed up: /www/wwwroot/vitufinance.com/backups/daily/db_20251230_020001.sql.gz
[2025-12-30 02:00:03] 3. Generating file integrity hashes...
[2025-12-30 02:00:03]    Hashes saved: /www/wwwroot/vitufinance.com/backups/critical/hashes_20251230_020001.sha256
[2025-12-30 02:00:03] 4. Checking for git changes...
[2025-12-30 02:00:03]    Git commit created
[2025-12-30 02:00:03] 5. Cleaning up old backups...
[2025-12-30 02:00:03]    Old backups cleaned (keeping last 7 days)
[2025-12-30 02:00:03] ==========================================
[2025-12-30 02:00:03] Backup completed successfully!
[2025-12-30 02:00:03] ==========================================
[2025-12-30 02:00:03]    Total backup size: 22M
[2025-12-30 02:00:03] ==========================================
[2025-12-31 02:00:01] ==========================================
[2025-12-31 02:00:01] Starting backup: vitufinance_backup_20251231_020001
[2025-12-31 02:00:01] ==========================================
[2025-12-31 02:00:01] 1. Backing up critical source files...
[2025-12-31 02:00:01]    Critical files backed up: /www/wwwroot/vitufinance.com/backups/critical/critical_20251231_020001.tar.gz
[2025-12-31 02:00:01] 2. Backing up database...
[2025-12-31 02:00:03]    Database backed up: /www/wwwroot/vitufinance.com/backups/daily/db_20251231_020001.sql.gz
[2025-12-31 02:00:03] 3. Generating file integrity hashes...
[2025-12-31 02:00:03]    Hashes saved: /www/wwwroot/vitufinance.com/backups/critical/hashes_20251231_020001.sha256
[2025-12-31 02:00:03] 4. Checking for git changes...
[2025-12-31 02:00:03]    Git commit created
[2025-12-31 02:00:03] 5. Cleaning up old backups...
[2025-12-31 02:00:03]    Old backups cleaned (keeping last 7 days)
[2025-12-31 02:00:03] ==========================================
[2025-12-31 02:00:03] Backup completed successfully!
[2025-12-31 02:00:03] ==========================================
[2025-12-31 02:00:03]    Total backup size: 24M
[2025-12-31 02:00:03] ==========================================
[2025-12-31 03:00:01] [INFO] ========== Starting database backup ==========
[2025-12-31 03:00:01] [INFO] Backup time: 2025-12-31_03-00-01
[2025-12-31 03:00:01] [INFO] Project: /www/wwwroot/vitufinance.com
[2025-12-31 03:00:01] [INFO] Database: xie080886 @ 127.0.0.1:3306
[2025-12-31 03:00:01] [INFO] Creating database backup...
mysqldump: [Warning] Using a password on the command line interface can be insecure.
[2025-12-31 03:00:02] [INFO] Backup created: xie080886_2025-12-31.sql (16M)
[2025-12-31 03:00:02] [INFO] Compressing backup...
[2025-12-31 03:00:05] [INFO] Backup compressed: xie080886_2025-12-31.sql.gz (2.5M)
[2025-12-31 03:00:05] [INFO] Cleaning up old backups...
[2025-12-31 03:00:05] [INFO] Total backups retained: 4
[2025-12-31 03:00:05] [INFO] Pushing backup to Git repository...
[main 526b66f] 🗄️ Auto Backup: 2025-12-31
 2 files changed, 20 insertions(+)
 create mode 100644 backups/database/xie080886_2025-12-31.sql.gz
To github.com:gsyi5839-alt/https-vitufinance.com-.git
   cd4a15b..526b66f  main -> main
[2025-12-31 03:00:15] [INFO] Successfully pushed to 'main' branch
[2025-12-31 03:00:15] [INFO] Git push completed successfully
[2025-12-31 03:00:15] [INFO] =========================================
[2025-12-31 03:00:15] [INFO] Backup Summary:
[2025-12-31 03:00:15] [INFO]   File: xie080886_2025-12-31.sql.gz
[2025-12-31 03:00:15] [INFO]   Size: 2.5M
[2025-12-31 03:00:15] [INFO]   Location: /www/wwwroot/vitufinance.com/backups/database
[2025-12-31 03:00:15] [INFO] ========== Backup completed successfully ==========
[2025-12-31 03:00:15] [INFO] 
[2026-01-01 02:00:01] ==========================================
[2026-01-01 02:00:01] Starting backup: vitufinance_backup_20260101_020001
[2026-01-01 02:00:01] ==========================================
[2026-01-01 02:00:01] 1. Backing up critical source files...
[2026-01-01 02:00:01]    Critical files backed up: /www/wwwroot/vitufinance.com/backups/critical/critical_20260101_020001.tar.gz
[2026-01-01 02:00:02] 2. Backing up database...
[2026-01-01 02:00:03]    Database backed up: /www/wwwroot/vitufinance.com/backups/daily/db_20260101_020001.sql.gz
[2026-01-01 02:00:03] 3. Generating file integrity hashes...
[2026-01-01 02:00:03]    Hashes saved: /www/wwwroot/vitufinance.com/backups/critical/hashes_20260101_020001.sha256
[2026-01-01 02:00:03] 4. Checking for git changes...
[2026-01-01 02:00:03]    Git commit created
[2026-01-01 02:00:03] 5. Cleaning up old backups...
[2026-01-01 02:00:03]    Old backups cleaned (keeping last 7 days)
[2026-01-01 02:00:03] ==========================================
[2026-01-01 02:00:03] Backup completed successfully!
[2026-01-01 02:00:03] ==========================================
[2026-01-01 02:00:03]    Total backup size: 28M
[2026-01-01 02:00:03] ==========================================
[2026-01-01 03:00:01] [INFO] ========== Starting database backup ==========
[2026-01-01 03:00:01] [INFO] Backup time: 2026-01-01_03-00-01
[2026-01-01 03:00:01] [INFO] Project: /www/wwwroot/vitufinance.com
[2026-01-01 03:00:01] [INFO] Database: xie080886 @ 127.0.0.1:3306
[2026-01-01 03:00:01] [INFO] Creating database backup...
mysqldump: [Warning] Using a password on the command line interface can be insecure.
[2026-01-01 03:00:02] [INFO] Backup created: xie080886_2026-01-01.sql (17M)
[2026-01-01 03:00:02] [INFO] Compressing backup...
[2026-01-01 03:00:05] [INFO] Backup compressed: xie080886_2026-01-01.sql.gz (2.8M)
[2026-01-01 03:00:05] [INFO] Cleaning up old backups...
[2026-01-01 03:00:05] [INFO] Total backups retained: 4
[2026-01-01 03:00:05] [INFO] Pushing backup to Git repository...
[main 0cd78a8] 🗄️ Auto Backup: 2026-01-01
 2 files changed, 20 insertions(+)
 create mode 100644 backups/database/xie080886_2026-01-01.sql.gz
To github.com:gsyi5839-alt/https-vitufinance.com-.git
   526b66f..0cd78a8  main -> main
[2026-01-01 03:00:14] [INFO] Successfully pushed to 'main' branch
[2026-01-01 03:00:14] [INFO] Git push completed successfully
[2026-01-01 03:00:14] [INFO] =========================================
[2026-01-01 03:00:14] [INFO] Backup Summary:
[2026-01-01 03:00:14] [INFO]   File: xie080886_2026-01-01.sql.gz
[2026-01-01 03:00:14] [INFO]   Size: 2.8M
[2026-01-01 03:00:14] [INFO]   Location: /www/wwwroot/vitufinance.com/backups/database
[2026-01-01 03:00:14] [INFO] ========== Backup completed successfully ==========
[2026-01-01 03:00:14] [INFO] 
[2026-01-02 02:00:01] ==========================================
[2026-01-02 02:00:01] Starting backup: vitufinance_backup_20260102_020001
[2026-01-02 02:00:01] ==========================================
[2026-01-02 02:00:01] 1. Backing up critical source files...
[2026-01-02 02:00:01]    Critical files backed up: /www/wwwroot/vitufinance.com/backups/critical/critical_20260102_020001.tar.gz
[2026-01-02 02:00:01] 2. Backing up database...
[2026-01-02 02:00:02]    Database backed up: /www/wwwroot/vitufinance.com/backups/daily/db_20260102_020001.sql.gz
[2026-01-02 02:00:02] 3. Generating file integrity hashes...
[2026-01-02 02:00:02]    Hashes saved: /www/wwwroot/vitufinance.com/backups/critical/hashes_20260102_020001.sha256
[2026-01-02 02:00:02] 4. Checking for git changes...
[2026-01-02 02:00:02]    Git commit created
[2026-01-02 02:00:02] 5. Cleaning up old backups...
[2026-01-02 02:00:02]    Old backups cleaned (keeping last 7 days)
[2026-01-02 02:00:02] ==========================================
[2026-01-02 02:00:02] Backup completed successfully!
[2026-01-02 02:00:02] ==========================================
[2026-01-02 02:00:02]    Total backup size: 33M
[2026-01-02 02:00:02] ==========================================
[2026-01-03 02:00:01] ==========================================
[2026-01-03 02:00:01] Starting backup: vitufinance_backup_20260103_020001
[2026-01-03 02:00:01] ==========================================
[2026-01-03 02:00:01] 1. Backing up critical source files...
[2026-01-03 02:00:01]    Critical files backed up: /www/wwwroot/vitufinance.com/backups/critical/critical_20260103_020001.tar.gz
[2026-01-03 02:00:01] 2. Backing up database...
[2026-01-03 02:00:02]    Database backed up: /www/wwwroot/vitufinance.com/backups/daily/db_20260103_020001.sql.gz
[2026-01-03 02:00:02] 3. Generating file integrity hashes...
[2026-01-03 02:00:02]    Hashes saved: /www/wwwroot/vitufinance.com/backups/critical/hashes_20260103_020001.sha256
[2026-01-03 02:00:02] 4. Checking for git changes...
[2026-01-03 02:00:03]    Git commit created
[2026-01-03 02:00:03] 5. Cleaning up old backups...
[2026-01-03 02:00:03]    Old backups cleaned (keeping last 7 days)
[2026-01-03 02:00:03] ==========================================
[2026-01-03 02:00:03] Backup completed successfully!
[2026-01-03 02:00:03] ==========================================
[2026-01-03 02:00:03]    Total backup size: 33M
[2026-01-03 02:00:03] ==========================================
[2026-01-04 02:00:01] ==========================================
[2026-01-04 02:00:01] Starting backup: vitufinance_backup_20260104_020001
[2026-01-04 02:00:01] ==========================================
[2026-01-04 02:00:01] 1. Backing up critical source files...
[2026-01-04 02:00:01]    Critical files backed up: /www/wwwroot/vitufinance.com/backups/critical/critical_20260104_020001.tar.gz
[2026-01-04 02:00:01] 2. Backing up database...
[2026-01-04 02:00:03]    Database backed up: /www/wwwroot/vitufinance.com/backups/daily/db_20260104_020001.sql.gz
[2026-01-04 02:00:03] 3. Generating file integrity hashes...
[2026-01-04 02:00:03]    Hashes saved: /www/wwwroot/vitufinance.com/backups/critical/hashes_20260104_020001.sha256
[2026-01-04 02:00:03] 4. Checking for git changes...
[2026-01-04 02:00:03]    Git commit created
[2026-01-04 02:00:03] 5. Cleaning up old backups...
[2026-01-04 02:00:03]    Old backups cleaned (keeping last 7 days)
[2026-01-04 02:00:03] ==========================================
[2026-01-04 02:00:03] Backup completed successfully!
[2026-01-04 02:00:03] ==========================================
[2026-01-04 02:00:03]    Total backup size: 35M
[2026-01-04 02:00:03] ==========================================
[2026-01-04 03:00:01] [INFO] ========== Starting database backup ==========
[2026-01-04 03:00:01] [INFO] Backup time: 2026-01-04_03-00-01
[2026-01-04 03:00:01] [INFO] Project: /www/wwwroot/vitufinance.com
[2026-01-04 03:00:01] [INFO] Database: xie080886 @ 127.0.0.1:3306
[2026-01-04 03:00:01] [INFO] Creating database backup...
mysqldump: [Warning] Using a password on the command line interface can be insecure.
[2026-01-04 03:00:03] [INFO] Backup created: xie080886_2026-01-04.sql (22M)
[2026-01-04 03:00:03] [INFO] Compressing backup...
[2026-01-04 03:00:06] [INFO] Backup compressed: xie080886_2026-01-04.sql.gz (3.4M)
[2026-01-04 03:00:06] [INFO] Cleaning up old backups...
[2026-01-04 03:00:06] [INFO] Total backups retained: 4
[2026-01-04 03:00:06] [INFO] Pushing backup to Git repository...
[main 2d408b2] 🗄️ Auto Backup: 2026-01-04
 2 files changed, 20 insertions(+)
 create mode 100644 backups/database/xie080886_2026-01-04.sql.gz
To github.com:gsyi5839-alt/https-vitufinance.com-.git
   4ab293b..2d408b2  main -> main
[2026-01-04 03:00:15] [INFO] Successfully pushed to 'main' branch
[2026-01-04 03:00:15] [INFO] Git push completed successfully
[2026-01-04 03:00:15] [INFO] =========================================
[2026-01-04 03:00:15] [INFO] Backup Summary:
[2026-01-04 03:00:15] [INFO]   File: xie080886_2026-01-04.sql.gz
[2026-01-04 03:00:15] [INFO]   Size: 3.4M
[2026-01-04 03:00:15] [INFO]   Location: /www/wwwroot/vitufinance.com/backups/database
[2026-01-04 03:00:15] [INFO] ========== Backup completed successfully ==========
[2026-01-04 03:00:15] [INFO] 
[2026-01-05 02:00:01] ==========================================
[2026-01-05 02:00:01] Starting backup: vitufinance_backup_20260105_020001
[2026-01-05 02:00:01] ==========================================
[2026-01-05 02:00:01] 1. Backing up critical source files...
[2026-01-05 02:00:01]    Critical files backed up: /www/wwwroot/vitufinance.com/backups/critical/critical_20260105_020001.tar.gz
[2026-01-05 02:00:01] 2. Backing up database...
[2026-01-05 02:00:03]    Database backed up: /www/wwwroot/vitufinance.com/backups/daily/db_20260105_020001.sql.gz
[2026-01-05 02:00:03] 3. Generating file integrity hashes...
[2026-01-05 02:00:03]    Hashes saved: /www/wwwroot/vitufinance.com/backups/critical/hashes_20260105_020001.sha256
[2026-01-05 02:00:03] 4. Checking for git changes...
[2026-01-05 02:00:03]    Git commit created
[2026-01-05 02:00:03] 5. Cleaning up old backups...
[2026-01-05 02:00:03]    Old backups cleaned (keeping last 7 days)
[2026-01-05 02:00:03] ==========================================
[2026-01-05 02:00:03] Backup completed successfully!
[2026-01-05 02:00:03] ==========================================
[2026-01-05 02:00:03]    Total backup size: 39M
[2026-01-05 02:00:03] ==========================================
[2026-01-06 02:00:02] ==========================================
[2026-01-06 02:00:02] Starting backup: vitufinance_backup_20260106_020002
[2026-01-06 02:00:02] ==========================================
[2026-01-06 02:00:02] 1. Backing up critical source files...
[2026-01-06 02:00:02]    Critical files backed up: /www/wwwroot/vitufinance.com/backups/critical/critical_20260106_020002.tar.gz
[2026-01-06 02:00:02] 2. Backing up database...
[2026-01-06 02:00:03]    Database backed up: /www/wwwroot/vitufinance.com/backups/daily/db_20260106_020002.sql.gz
[2026-01-06 02:00:03] 3. Generating file integrity hashes...
[2026-01-06 02:00:03]    Hashes saved: /www/wwwroot/vitufinance.com/backups/critical/hashes_20260106_020002.sha256
[2026-01-06 02:00:03] 4. Checking for git changes...
[2026-01-06 02:00:03]    Git commit created
[2026-01-06 02:00:03] 5. Cleaning up old backups...
[2026-01-06 02:00:03]    Old backups cleaned (keeping last 7 days)
[2026-01-06 02:00:03] ==========================================
[2026-01-06 02:00:03] Backup completed successfully!
[2026-01-06 02:00:03] ==========================================
[2026-01-06 02:00:03]    Total backup size: 40M
[2026-01-06 02:00:03] ==========================================
[2026-01-07 02:00:01] ==========================================
[2026-01-07 02:00:01] Starting backup: vitufinance_backup_20260107_020001
[2026-01-07 02:00:01] ==========================================
[2026-01-07 02:00:01] 1. Backing up critical source files...
[2026-01-07 02:00:01]    Critical files backed up: /www/wwwroot/vitufinance.com/backups/critical/critical_20260107_020001.tar.gz
[2026-01-07 02:00:01] 2. Backing up database...
[2026-01-07 02:00:03]    Database backed up: /www/wwwroot/vitufinance.com/backups/daily/db_20260107_020001.sql.gz
[2026-01-07 02:00:03] 3. Generating file integrity hashes...
[2026-01-07 02:00:03]    Hashes saved: /www/wwwroot/vitufinance.com/backups/critical/hashes_20260107_020001.sha256
[2026-01-07 02:00:03] 4. Checking for git changes...
[2026-01-07 02:00:03]    Git commit created
[2026-01-07 02:00:03] 5. Cleaning up old backups...
[2026-01-07 02:00:03]    Old backups cleaned (keeping last 7 days)
[2026-01-07 02:00:03] ==========================================
[2026-01-07 02:00:03] Backup completed successfully!
[2026-01-07 02:00:03] ==========================================
[2026-01-07 02:00:03]    Total backup size: 42M
[2026-01-07 02:00:03] ==========================================
[2026-01-07 03:00:01] [INFO] ========== Starting database backup ==========
[2026-01-07 03:00:01] [INFO] Backup time: 2026-01-07_03-00-01
[2026-01-07 03:00:01] [INFO] Project: /www/wwwroot/vitufinance.com
[2026-01-07 03:00:01] [INFO] Database: xie080886 @ 127.0.0.1:3306
[2026-01-07 03:00:01] [INFO] Creating database backup...
mysqldump: [Warning] Using a password on the command line interface can be insecure.
[2026-01-07 03:00:03] [INFO] Backup created: xie080886_2026-01-07.sql (26M)
[2026-01-07 03:00:03] [INFO] Compressing backup...
[2026-01-07 03:00:06] [INFO] Backup compressed: xie080886_2026-01-07.sql.gz (4.0M)
[2026-01-07 03:00:06] [INFO] Cleaning up old backups...
[2026-01-07 03:00:06] [INFO] Total backups retained: 4
[2026-01-07 03:00:06] [INFO] Pushing backup to Git repository...
[main f4b1276] 🗄️ Auto Backup: 2026-01-07
 2 files changed, 20 insertions(+)
 create mode 100644 backups/database/xie080886_2026-01-07.sql.gz
To github.com:gsyi5839-alt/https-vitufinance.com-.git
   2d408b2..f4b1276  main -> main
[2026-01-07 03:00:21] [INFO] Successfully pushed to 'main' branch
[2026-01-07 03:00:21] [INFO] Git push completed successfully
[2026-01-07 03:00:21] [INFO] =========================================
[2026-01-07 03:00:21] [INFO] Backup Summary:
[2026-01-07 03:00:21] [INFO]   File: xie080886_2026-01-07.sql.gz
[2026-01-07 03:00:21] [INFO]   Size: 4.0M
[2026-01-07 03:00:21] [INFO]   Location: /www/wwwroot/vitufinance.com/backups/database
[2026-01-07 03:00:21] [INFO] ========== Backup completed successfully ==========
[2026-01-07 03:00:21] [INFO] 
[2026-01-08 02:00:01] ==========================================
[2026-01-08 02:00:01] Starting backup: vitufinance_backup_20260108_020001
[2026-01-08 02:00:01] ==========================================
[2026-01-08 02:00:01] 1. Backing up critical source files...
[2026-01-08 02:00:02]    Critical files backed up: /www/wwwroot/vitufinance.com/backups/critical/critical_20260108_020001.tar.gz
[2026-01-08 02:00:02] 2. Backing up database...
[2026-01-08 02:00:03]    Database backed up: /www/wwwroot/vitufinance.com/backups/daily/db_20260108_020001.sql.gz
[2026-01-08 02:00:03] 3. Generating file integrity hashes...
[2026-01-08 02:00:03]    Hashes saved: /www/wwwroot/vitufinance.com/backups/critical/hashes_20260108_020001.sha256
[2026-01-08 02:00:03] 4. Checking for git changes...
[2026-01-08 02:00:04]    Git commit created
[2026-01-08 02:00:04] 5. Cleaning up old backups...
[2026-01-08 02:00:04]    Old backups cleaned (keeping last 7 days)
[2026-01-08 02:00:04] ==========================================
[2026-01-08 02:00:04] Backup completed successfully!
[2026-01-08 02:00:04] ==========================================
[2026-01-08 02:00:04]    Total backup size: 46M
[2026-01-08 02:00:04] ==========================================
[2026-01-09 02:00:01] ==========================================
[2026-01-09 02:00:01] Starting backup: vitufinance_backup_20260109_020001
[2026-01-09 02:00:01] ==========================================
[2026-01-09 02:00:01] 1. Backing up critical source files...
[2026-01-09 02:00:01]    Critical files backed up: /www/wwwroot/vitufinance.com/backups/critical/critical_20260109_020001.tar.gz
[2026-01-09 02:00:01] 2. Backing up database...
[2026-01-09 02:00:02]    Database backed up: /www/wwwroot/vitufinance.com/backups/daily/db_20260109_020001.sql.gz
[2026-01-09 02:00:02] 3. Generating file integrity hashes...
[2026-01-09 02:00:02]    Hashes saved: /www/wwwroot/vitufinance.com/backups/critical/hashes_20260109_020001.sha256
[2026-01-09 02:00:02] 4. Checking for git changes...
[2026-01-09 02:00:03]    Git commit created
[2026-01-09 02:00:03] 5. Cleaning up old backups...
[2026-01-09 02:00:03]    Old backups cleaned (keeping last 7 days)
[2026-01-09 02:00:03] ==========================================
[2026-01-09 02:00:03] Backup completed successfully!
[2026-01-09 02:00:03] ==========================================
[2026-01-09 02:00:03]    Total backup size: 48M
[2026-01-09 02:00:03] ==========================================
[2026-01-10 02:00:02] ==========================================
[2026-01-10 02:00:02] Starting backup: vitufinance_backup_20260110_020002
[2026-01-10 02:00:02] ==========================================
[2026-01-10 02:00:02] 1. Backing up critical source files...
[2026-01-10 02:00:02]    Critical files backed up: /www/wwwroot/vitufinance.com/backups/critical/critical_20260110_020002.tar.gz
[2026-01-10 02:00:02] 2. Backing up database...
[2026-01-10 02:00:03]    Database backed up: /www/wwwroot/vitufinance.com/backups/daily/db_20260110_020002.sql.gz
[2026-01-10 02:00:03] 3. Generating file integrity hashes...
[2026-01-10 02:00:03]    Hashes saved: /www/wwwroot/vitufinance.com/backups/critical/hashes_20260110_020002.sha256
[2026-01-10 02:00:03] 4. Checking for git changes...
[2026-01-10 02:00:04]    Git commit created
[2026-01-10 02:00:04] 5. Cleaning up old backups...
[2026-01-10 02:00:04]    Old backups cleaned (keeping last 7 days)
[2026-01-10 02:00:04] ==========================================
[2026-01-10 02:00:04] Backup completed successfully!
[2026-01-10 02:00:04] ==========================================
[2026-01-10 02:00:04]    Total backup size: 50M
[2026-01-10 02:00:04] ==========================================
[2026-01-10 03:00:01] [INFO] ========== Starting database backup ==========
[2026-01-10 03:00:01] [INFO] Backup time: 2026-01-10_03-00-01
[2026-01-10 03:00:01] [INFO] Project: /www/wwwroot/vitufinance.com
[2026-01-10 03:00:01] [INFO] Database: xie080886 @ 127.0.0.1:3306
[2026-01-10 03:00:01] [INFO] Creating database backup...
mysqldump: [Warning] Using a password on the command line interface can be insecure.
[2026-01-10 03:00:03] [INFO] Backup created: xie080886_2026-01-10.sql (30M)
[2026-01-10 03:00:03] [INFO] Compressing backup...
[2026-01-10 03:00:07] [INFO] Backup compressed: xie080886_2026-01-10.sql.gz (4.7M)
[2026-01-10 03:00:07] [INFO] Cleaning up old backups...
[2026-01-10 03:00:07] [INFO] Total backups retained: 3
[2026-01-10 03:00:07] [INFO] Pushing backup to Git repository...
[main cb0b0f6] 🗄️ Auto Backup: 2026-01-10
 2 files changed, 20 insertions(+)
 create mode 100644 backups/database/xie080886_2026-01-10.sql.gz
To github.com:gsyi5839-alt/https-vitufinance.com-.git
   cb99b9c..cb0b0f6  main -> main
[2026-01-10 03:00:20] [INFO] Successfully pushed to 'main' branch
[2026-01-10 03:00:20] [INFO] Git push completed successfully
[2026-01-10 03:00:20] [INFO] =========================================
[2026-01-10 03:00:20] [INFO] Backup Summary:
[2026-01-10 03:00:20] [INFO]   File: xie080886_2026-01-10.sql.gz
[2026-01-10 03:00:20] [INFO]   Size: 4.7M
[2026-01-10 03:00:20] [INFO]   Location: /www/wwwroot/vitufinance.com/backups/database
[2026-01-10 03:00:20] [INFO] ========== Backup completed successfully ==========
[2026-01-10 03:00:20] [INFO] 
[2026-01-11 02:00:01] ==========================================
[2026-01-11 02:00:01] Starting backup: vitufinance_backup_20260111_020001
[2026-01-11 02:00:01] ==========================================
[2026-01-11 02:00:01] 1. Backing up critical source files...
[2026-01-11 02:00:01]    Critical files backed up: /www/wwwroot/vitufinance.com/backups/critical/critical_20260111_020001.tar.gz
[2026-01-11 02:00:01] 2. Backing up database...
[2026-01-11 02:00:03]    Database backed up: /www/wwwroot/vitufinance.com/backups/daily/db_20260111_020001.sql.gz
[2026-01-11 02:00:03] 3. Generating file integrity hashes...
[2026-01-11 02:00:03]    Hashes saved: /www/wwwroot/vitufinance.com/backups/critical/hashes_20260111_020001.sha256
[2026-01-11 02:00:03] 4. Checking for git changes...
[2026-01-11 02:00:04]    Git commit created
[2026-01-11 02:00:04] 5. Cleaning up old backups...
[2026-01-11 02:00:04]    Old backups cleaned (keeping last 7 days)
[2026-01-11 02:00:04] ==========================================
[2026-01-11 02:00:04] Backup completed successfully!
[2026-01-11 02:00:04] ==========================================
[2026-01-11 02:00:04]    Total backup size: 51M
[2026-01-11 02:00:04] ==========================================
[2026-01-12 02:00:01] ==========================================
[2026-01-12 02:00:01] Starting backup: vitufinance_backup_20260112_020001
[2026-01-12 02:00:01] ==========================================
[2026-01-12 02:00:01] 1. Backing up critical source files...
[2026-01-12 02:00:01]    Critical files backed up: /www/wwwroot/vitufinance.com/backups/critical/critical_20260112_020001.tar.gz
[2026-01-12 02:00:01] 2. Backing up database...
[2026-01-12 02:00:04]    Database backed up: /www/wwwroot/vitufinance.com/backups/daily/db_20260112_020001.sql.gz
[2026-01-12 02:00:04] 3. Generating file integrity hashes...
[2026-01-12 02:00:04]    Hashes saved: /www/wwwroot/vitufinance.com/backups/critical/hashes_20260112_020001.sha256
[2026-01-12 02:00:04] 4. Checking for git changes...
[2026-01-12 02:00:04]    Git commit created
[2026-01-12 02:00:04] 5. Cleaning up old backups...
[2026-01-12 02:00:04]    Old backups cleaned (keeping last 7 days)
[2026-01-12 02:00:04] ==========================================
[2026-01-12 02:00:04] Backup completed successfully!
[2026-01-12 02:00:04] ==========================================
[2026-01-12 02:00:04]    Total backup size: 53M
[2026-01-12 02:00:04] ==========================================
[2026-01-13 02:00:01] ==========================================
[2026-01-13 02:00:01] Starting backup: vitufinance_backup_20260113_020001
[2026-01-13 02:00:01] ==========================================
[2026-01-13 02:00:01] 1. Backing up critical source files...
[2026-01-13 02:00:01]    Critical files backed up: /www/wwwroot/vitufinance.com/backups/critical/critical_20260113_020001.tar.gz
[2026-01-13 02:00:01] 2. Backing up database...
[2026-01-13 02:00:04]    Database backed up: /www/wwwroot/vitufinance.com/backups/daily/db_20260113_020001.sql.gz
[2026-01-13 02:00:04] 3. Generating file integrity hashes...
[2026-01-13 02:00:04]    Hashes saved: /www/wwwroot/vitufinance.com/backups/critical/hashes_20260113_020001.sha256
[2026-01-13 02:00:04] 4. Checking for git changes...
[2026-01-13 02:00:04]    Git commit created
[2026-01-13 02:00:04] 5. Cleaning up old backups...
[2026-01-13 02:00:04]    Old backups cleaned (keeping last 7 days)
[2026-01-13 02:00:04] ==========================================
[2026-01-13 02:00:04] Backup completed successfully!
[2026-01-13 02:00:04] ==========================================
[2026-01-13 02:00:04]    Total backup size: 54M
[2026-01-13 02:00:04] ==========================================
[2026-01-13 03:00:01] [INFO] ========== Starting database backup ==========
[2026-01-13 03:00:01] [INFO] Backup time: 2026-01-13_03-00-01
[2026-01-13 03:00:01] [INFO] Project: /www/wwwroot/vitufinance.com
[2026-01-13 03:00:01] [INFO] Database: xie080886 @ 127.0.0.1:3306
[2026-01-13 03:00:01] [INFO] Creating database backup...
mysqldump: [Warning] Using a password on the command line interface can be insecure.
[2026-01-13 03:00:03] [INFO] Backup created: xie080886_2026-01-13.sql (34M)
[2026-01-13 03:00:03] [INFO] Compressing backup...
[2026-01-13 03:00:08] [INFO] Backup compressed: xie080886_2026-01-13.sql.gz (5.3M)
[2026-01-13 03:00:08] [INFO] Cleaning up old backups...
[2026-01-13 03:00:08] [INFO] Total backups retained: 3
[2026-01-13 03:00:08] [INFO] Pushing backup to Git repository...
[main f52cfed] 🗄️ Auto Backup: 2026-01-13
 2 files changed, 20 insertions(+)
 create mode 100644 backups/database/xie080886_2026-01-13.sql.gz
To github.com:gsyi5839-alt/https-vitufinance.com-.git
   cb0b0f6..f52cfed  main -> main
[2026-01-13 03:00:25] [INFO] Successfully pushed to 'main' branch
[2026-01-13 03:00:25] [INFO] Git push completed successfully
[2026-01-13 03:00:25] [INFO] =========================================
[2026-01-13 03:00:25] [INFO] Backup Summary:
[2026-01-13 03:00:25] [INFO]   File: xie080886_2026-01-13.sql.gz
[2026-01-13 03:00:25] [INFO]   Size: 5.3M
[2026-01-13 03:00:25] [INFO]   Location: /www/wwwroot/vitufinance.com/backups/database
[2026-01-13 03:00:25] [INFO] ========== Backup completed successfully ==========
[2026-01-13 03:00:25] [INFO] 
[2026-01-14 02:00:01] ==========================================
[2026-01-14 02:00:01] Starting backup: vitufinance_backup_20260114_020001
[2026-01-14 02:00:01] ==========================================
[2026-01-14 02:00:01] 1. Backing up critical source files...
[2026-01-14 02:00:01]    Critical files backed up: /www/wwwroot/vitufinance.com/backups/critical/critical_20260114_020001.tar.gz
[2026-01-14 02:00:01] 2. Backing up database...
[2026-01-14 02:00:03]    Database backed up: /www/wwwroot/vitufinance.com/backups/daily/db_20260114_020001.sql.gz
[2026-01-14 02:00:03] 3. Generating file integrity hashes...
[2026-01-14 02:00:03]    Hashes saved: /www/wwwroot/vitufinance.com/backups/critical/hashes_20260114_020001.sha256
[2026-01-14 02:00:03] 4. Checking for git changes...
[2026-01-14 02:00:04]    Git commit created
[2026-01-14 02:00:04] 5. Cleaning up old backups...
[2026-01-14 02:00:04]    Old backups cleaned (keeping last 7 days)
[2026-01-14 02:00:04] ==========================================
[2026-01-14 02:00:04] Backup completed successfully!
[2026-01-14 02:00:04] ==========================================
[2026-01-14 02:00:04]    Total backup size: 58M
[2026-01-14 02:00:04] ==========================================
[2026-01-15 02:00:01] ==========================================
[2026-01-15 02:00:01] Starting backup: vitufinance_backup_20260115_020001
[2026-01-15 02:00:01] ==========================================
[2026-01-15 02:00:01] 1. Backing up critical source files...
[2026-01-15 02:00:01]    Critical files backed up: /www/wwwroot/vitufinance.com/backups/critical/critical_20260115_020001.tar.gz
[2026-01-15 02:00:01] 2. Backing up database...
[2026-01-15 02:00:03]    Database backed up: /www/wwwroot/vitufinance.com/backups/daily/db_20260115_020001.sql.gz
[2026-01-15 02:00:03] 3. Generating file integrity hashes...
[2026-01-15 02:00:03]    Hashes saved: /www/wwwroot/vitufinance.com/backups/critical/hashes_20260115_020001.sha256
[2026-01-15 02:00:03] 4. Checking for git changes...
[2026-01-15 02:00:04]    Git commit created
[2026-01-15 02:00:04] 5. Cleaning up old backups...
[2026-01-15 02:00:04]    Old backups cleaned (keeping last 7 days)
[2026-01-15 02:00:04] ==========================================
[2026-01-15 02:00:04] Backup completed successfully!
[2026-01-15 02:00:04] ==========================================
[2026-01-15 02:00:04]    Total backup size: 60M
[2026-01-15 02:00:04] ==========================================
[2026-01-16 02:00:01] ==========================================
[2026-01-16 02:00:01] Starting backup: vitufinance_backup_20260116_020001
[2026-01-16 02:00:01] ==========================================
[2026-01-16 02:00:01] 1. Backing up critical source files...
[2026-01-16 02:00:01]    Critical files backed up: /www/wwwroot/vitufinance.com/backups/critical/critical_20260116_020001.tar.gz
[2026-01-16 02:00:01] 2. Backing up database...
[2026-01-16 02:00:03]    Database backed up: /www/wwwroot/vitufinance.com/backups/daily/db_20260116_020001.sql.gz
[2026-01-16 02:00:03] 3. Generating file integrity hashes...
[2026-01-16 02:00:03]    Hashes saved: /www/wwwroot/vitufinance.com/backups/critical/hashes_20260116_020001.sha256
[2026-01-16 02:00:03] 4. Checking for git changes...
[2026-01-16 02:00:03]    Git commit created
[2026-01-16 02:00:03] 5. Cleaning up old backups...
[2026-01-16 02:00:03]    Old backups cleaned (keeping last 7 days)
[2026-01-16 02:00:03] ==========================================
[2026-01-16 02:00:03] Backup completed successfully!
[2026-01-16 02:00:03] ==========================================
[2026-01-16 02:00:03]    Total backup size: 66M
[2026-01-16 02:00:03] ==========================================
[2026-01-16 03:00:01] [INFO] ========== Starting database backup ==========
[2026-01-16 03:00:01] [INFO] Backup time: 2026-01-16_03-00-01
[2026-01-16 03:00:01] [INFO] Project: /www/wwwroot/vitufinance.com
[2026-01-16 03:00:01] [INFO] Database: xie080886 @ 127.0.0.1:3306
[2026-01-16 03:00:01] [INFO] Creating database backup...
mysqldump: [Warning] Using a password on the command line interface can be insecure.
[2026-01-16 03:00:02] [INFO] Backup created: xie080886_2026-01-16.sql (38M)
[2026-01-16 03:00:02] [INFO] Compressing backup...
[2026-01-16 03:00:07] [INFO] Backup compressed: xie080886_2026-01-16.sql.gz (5.9M)
[2026-01-16 03:00:07] [INFO] Cleaning up old backups...
[2026-01-16 03:00:07] [INFO] Total backups retained: 3
[2026-01-16 03:00:07] [INFO] Pushing backup to Git repository...
[main be91f20] 🗄️ Auto Backup: 2026-01-16
 2 files changed, 20 insertions(+)
 create mode 100644 backups/database/xie080886_2026-01-16.sql.gz
To github.com:gsyi5839-alt/https-vitufinance.com-.git
   475f892..be91f20  main -> main
[2026-01-16 03:00:19] [INFO] Successfully pushed to 'main' branch
[2026-01-16 03:00:19] [INFO] Git push completed successfully
[2026-01-16 03:00:19] [INFO] =========================================
[2026-01-16 03:00:19] [INFO] Backup Summary:
[2026-01-16 03:00:19] [INFO]   File: xie080886_2026-01-16.sql.gz
[2026-01-16 03:00:19] [INFO]   Size: 5.9M
[2026-01-16 03:00:19] [INFO]   Location: /www/wwwroot/vitufinance.com/backups/database
[2026-01-16 03:00:19] [INFO] ========== Backup completed successfully ==========
[2026-01-16 03:00:19] [INFO] 
[2026-01-17 02:00:01] ==========================================
[2026-01-17 02:00:01] Starting backup: vitufinance_backup_20260117_020001
[2026-01-17 02:00:01] ==========================================
[2026-01-17 02:00:01] 1. Backing up critical source files...
[2026-01-17 02:00:01]    Critical files backed up: /www/wwwroot/vitufinance.com/backups/critical/critical_20260117_020001.tar.gz
[2026-01-17 02:00:01] 2. Backing up database...
[2026-01-17 02:00:03]    Database backed up: /www/wwwroot/vitufinance.com/backups/daily/db_20260117_020001.sql.gz
[2026-01-17 02:00:03] 3. Generating file integrity hashes...
[2026-01-17 02:00:03]    Hashes saved: /www/wwwroot/vitufinance.com/backups/critical/hashes_20260117_020001.sha256
[2026-01-17 02:00:03] 4. Checking for git changes...
[2026-01-17 02:00:04]    Git commit created
[2026-01-17 02:00:04] 5. Cleaning up old backups...
[2026-01-17 02:00:04]    Old backups cleaned (keeping last 7 days)
[2026-01-17 02:00:04] ==========================================
[2026-01-17 02:00:04] Backup completed successfully!
[2026-01-17 02:00:04] ==========================================
[2026-01-17 02:00:04]    Total backup size: 65M
[2026-01-17 02:00:04] ==========================================
[2026-01-18 02:00:01] ==========================================
[2026-01-18 02:00:01] Starting backup: vitufinance_backup_20260118_020001
[2026-01-18 02:00:01] ==========================================
[2026-01-18 02:00:01] 1. Backing up critical source files...
[2026-01-18 02:00:01]    Critical files backed up: /www/wwwroot/vitufinance.com/backups/critical/critical_20260118_020001.tar.gz
[2026-01-18 02:00:01] 2. Backing up database...
[2026-01-18 02:00:04]    Database backed up: /www/wwwroot/vitufinance.com/backups/daily/db_20260118_020001.sql.gz
[2026-01-18 02:00:04] 3. Generating file integrity hashes...
[2026-01-18 02:00:04]    Hashes saved: /www/wwwroot/vitufinance.com/backups/critical/hashes_20260118_020001.sha256
[2026-01-18 02:00:04] 4. Checking for git changes...
[2026-01-18 02:00:04]    Git commit created
[2026-01-18 02:00:04] 5. Cleaning up old backups...
[2026-01-18 02:00:04]    Old backups cleaned (keeping last 7 days)
[2026-01-18 02:00:04] ==========================================
[2026-01-18 02:00:04] Backup completed successfully!
[2026-01-18 02:00:04] ==========================================
[2026-01-18 02:00:04]    Total backup size: 67M
[2026-01-18 02:00:04] ==========================================
[2026-01-19 02:00:01] ==========================================
[2026-01-19 02:00:01] Starting backup: vitufinance_backup_20260119_020001
[2026-01-19 02:00:01] ==========================================
[2026-01-19 02:00:01] 1. Backing up critical source files...
[2026-01-19 02:00:01]    Critical files backed up: /www/wwwroot/vitufinance.com/backups/critical/critical_20260119_020001.tar.gz
[2026-01-19 02:00:01] 2. Backing up database...
[2026-01-19 02:00:04]    Database backed up: /www/wwwroot/vitufinance.com/backups/daily/db_20260119_020001.sql.gz
[2026-01-19 02:00:04] 3. Generating file integrity hashes...
[2026-01-19 02:00:04]    Hashes saved: /www/wwwroot/vitufinance.com/backups/critical/hashes_20260119_020001.sha256
[2026-01-19 02:00:04] 4. Checking for git changes...
[2026-01-19 02:00:04]    Git commit created
[2026-01-19 02:00:04] 5. Cleaning up old backups...
[2026-01-19 02:00:04]    Old backups cleaned (keeping last 7 days)
[2026-01-19 02:00:04] ==========================================
[2026-01-19 02:00:04] Backup completed successfully!
[2026-01-19 02:00:04] ==========================================
[2026-01-19 02:00:04]    Total backup size: 69M
[2026-01-19 02:00:04] ==========================================
[2026-01-19 03:00:01] [INFO] ========== Starting database backup ==========
[2026-01-19 03:00:01] [INFO] Backup time: 2026-01-19_03-00-01
[2026-01-19 03:00:01] [INFO] Project: /www/wwwroot/vitufinance.com
[2026-01-19 03:00:01] [INFO] Database: xie080886 @ 127.0.0.1:3306
[2026-01-19 03:00:01] [INFO] Creating database backup...
mysqldump: [Warning] Using a password on the command line interface can be insecure.
[2026-01-19 03:00:02] [INFO] Backup created: xie080886_2026-01-19.sql (41M)
[2026-01-19 03:00:02] [INFO] Compressing backup...
[2026-01-19 03:00:08] [INFO] Backup compressed: xie080886_2026-01-19.sql.gz (6.5M)
[2026-01-19 03:00:08] [INFO] Cleaning up old backups...
[2026-01-19 03:00:08] [INFO] Total backups retained: 3
[2026-01-19 03:00:08] [INFO] Pushing backup to Git repository...
[main e395881] 🗄️ Auto Backup: 2026-01-19
 2 files changed, 20 insertions(+)
 create mode 100644 backups/database/xie080886_2026-01-19.sql.gz
To github.com:gsyi5839-alt/https-vitufinance.com-.git
   be91f20..e395881  main -> main
[2026-01-19 03:00:28] [INFO] Successfully pushed to 'main' branch
[2026-01-19 03:00:28] [INFO] Git push completed successfully
[2026-01-19 03:00:28] [INFO] =========================================
[2026-01-19 03:00:28] [INFO] Backup Summary:
[2026-01-19 03:00:28] [INFO]   File: xie080886_2026-01-19.sql.gz
[2026-01-19 03:00:28] [INFO]   Size: 6.5M
[2026-01-19 03:00:28] [INFO]   Location: /www/wwwroot/vitufinance.com/backups/database
[2026-01-19 03:00:28] [INFO] ========== Backup completed successfully ==========
[2026-01-19 03:00:28] [INFO] 
[2026-01-20 02:00:01] ==========================================
[2026-01-20 02:00:01] Starting backup: vitufinance_backup_20260120_020001
[2026-01-20 02:00:01] ==========================================
[2026-01-20 02:00:01] 1. Backing up critical source files...
[2026-01-20 02:00:01]    Critical files backed up: /www/wwwroot/vitufinance.com/backups/critical/critical_20260120_020001.tar.gz
[2026-01-20 02:00:01] 2. Backing up database...
[2026-01-20 02:00:03]    Database backed up: /www/wwwroot/vitufinance.com/backups/daily/db_20260120_020001.sql.gz
[2026-01-20 02:00:03] 3. Generating file integrity hashes...
[2026-01-20 02:00:03]    Hashes saved: /www/wwwroot/vitufinance.com/backups/critical/hashes_20260120_020001.sha256
[2026-01-20 02:00:03] 4. Checking for git changes...
[2026-01-20 02:00:04]    Git commit created
[2026-01-20 02:00:04] 5. Cleaning up old backups...
[2026-01-20 02:00:04]    Old backups cleaned (keeping last 7 days)
[2026-01-20 02:00:04] ==========================================
[2026-01-20 02:00:04] Backup completed successfully!
[2026-01-20 02:00:04] ==========================================
[2026-01-20 02:00:04]    Total backup size: 73M
[2026-01-20 02:00:04] ==========================================
[2026-01-21 02:00:01] ==========================================
[2026-01-21 02:00:01] Starting backup: vitufinance_backup_20260121_020001
[2026-01-21 02:00:01] ==========================================
[2026-01-21 02:00:01] 1. Backing up critical source files...
[2026-01-21 02:00:01]    Critical files backed up: /www/wwwroot/vitufinance.com/backups/critical/critical_20260121_020001.tar.gz
[2026-01-21 02:00:01] 2. Backing up database...
[2026-01-21 02:00:03]    Database backed up: /www/wwwroot/vitufinance.com/backups/daily/db_20260121_020001.sql.gz
[2026-01-21 02:00:03] 3. Generating file integrity hashes...
[2026-01-21 02:00:03]    Hashes saved: /www/wwwroot/vitufinance.com/backups/critical/hashes_20260121_020001.sha256
[2026-01-21 02:00:03] 4. Checking for git changes...
[2026-01-21 02:00:04]    Git commit created
[2026-01-21 02:00:04] 5. Cleaning up old backups...
[2026-01-21 02:00:04]    Old backups cleaned (keeping last 7 days)
[2026-01-21 02:00:04] ==========================================
[2026-01-21 02:00:04] Backup completed successfully!
[2026-01-21 02:00:04] ==========================================
[2026-01-21 02:00:04]    Total backup size: 74M
[2026-01-21 02:00:04] ==========================================
[2026-01-22 02:00:01] ==========================================
[2026-01-22 02:00:01] Starting backup: vitufinance_backup_20260122_020001
[2026-01-22 02:00:01] ==========================================
[2026-01-22 02:00:01] 1. Backing up critical source files...
[2026-01-22 02:00:01]    Critical files backed up: /www/wwwroot/vitufinance.com/backups/critical/critical_20260122_020001.tar.gz
[2026-01-22 02:00:01] 2. Backing up database...
[2026-01-22 02:00:03]    Database backed up: /www/wwwroot/vitufinance.com/backups/daily/db_20260122_020001.sql.gz
[2026-01-22 02:00:03] 3. Generating file integrity hashes...
[2026-01-22 02:00:03]    Hashes saved: /www/wwwroot/vitufinance.com/backups/critical/hashes_20260122_020001.sha256
[2026-01-22 02:00:03] 4. Checking for git changes...
[2026-01-22 02:00:03]    Git commit created
[2026-01-22 02:00:03] 5. Cleaning up old backups...
[2026-01-22 02:00:03]    Old backups cleaned (keeping last 7 days)
[2026-01-22 02:00:03] ==========================================
[2026-01-22 02:00:03] Backup completed successfully!
[2026-01-22 02:00:03] ==========================================
[2026-01-22 02:00:03]    Total backup size: 76M
[2026-01-22 02:00:03] ==========================================
[2026-01-22 03:00:01] [INFO] ========== Starting database backup ==========
[2026-01-22 03:00:01] [INFO] Backup time: 2026-01-22_03-00-01
[2026-01-22 03:00:01] [INFO] Project: /www/wwwroot/vitufinance.com
[2026-01-22 03:00:01] [INFO] Database: xie080886 @ 127.0.0.1:3306
[2026-01-22 03:00:01] [INFO] Creating database backup...
mysqldump: [Warning] Using a password on the command line interface can be insecure.
[2026-01-22 03:00:02] [INFO] Backup created: xie080886_2026-01-22.sql (45M)
[2026-01-22 03:00:02] [INFO] Compressing backup...
[2026-01-22 03:00:09] [INFO] Backup compressed: xie080886_2026-01-22.sql.gz (7.1M)
[2026-01-22 03:00:09] [INFO] Cleaning up old backups...
[2026-01-22 03:00:09] [INFO] Total backups retained: 3
[2026-01-22 03:00:09] [INFO] Pushing backup to Git repository...
[main c389ec7] 🗄️ Auto Backup: 2026-01-22
 2 files changed, 20 insertions(+)
 create mode 100644 backups/database/xie080886_2026-01-22.sql.gz
To github.com:gsyi5839-alt/https-vitufinance.com-.git
   e395881..c389ec7  main -> main
[2026-01-22 03:00:30] [INFO] Successfully pushed to 'main' branch
[2026-01-22 03:00:30] [INFO] Git push completed successfully
[2026-01-22 03:00:30] [INFO] =========================================
[2026-01-22 03:00:30] [INFO] Backup Summary:
[2026-01-22 03:00:30] [INFO]   File: xie080886_2026-01-22.sql.gz
[2026-01-22 03:00:30] [INFO]   Size: 7.1M
[2026-01-22 03:00:30] [INFO]   Location: /www/wwwroot/vitufinance.com/backups/database
[2026-01-22 03:00:30] [INFO] ========== Backup completed successfully ==========
[2026-01-22 03:00:30] [INFO] 
[2026-01-23 02:00:01] ==========================================
[2026-01-23 02:00:01] Starting backup: vitufinance_backup_20260123_020001
[2026-01-23 02:00:01] ==========================================
[2026-01-23 02:00:01] 1. Backing up critical source files...
[2026-01-23 02:00:02]    Critical files backed up: /www/wwwroot/vitufinance.com/backups/critical/critical_20260123_020001.tar.gz
[2026-01-23 02:00:02] 2. Backing up database...
[2026-01-23 02:00:05]    Database backed up: /www/wwwroot/vitufinance.com/backups/daily/db_20260123_020001.sql.gz
[2026-01-23 02:00:05] 3. Generating file integrity hashes...
[2026-01-23 02:00:05]    Hashes saved: /www/wwwroot/vitufinance.com/backups/critical/hashes_20260123_020001.sha256
[2026-01-23 02:00:05] 4. Checking for git changes...
[2026-01-23 02:00:05]    Git commit created
[2026-01-23 02:00:05] 5. Cleaning up old backups...
[2026-01-23 02:00:05]    Old backups cleaned (keeping last 7 days)
[2026-01-23 02:00:05] ==========================================
[2026-01-23 02:00:05] Backup completed successfully!
[2026-01-23 02:00:05] ==========================================
[2026-01-23 02:00:05]    Total backup size: 80M
[2026-01-23 02:00:05] ==========================================
[2026-01-24 02:00:01] ==========================================
[2026-01-24 02:00:01] Starting backup: vitufinance_backup_20260124_020001
[2026-01-24 02:00:01] ==========================================
[2026-01-24 02:00:01] 1. Backing up critical source files...
[2026-01-24 02:00:01]    Critical files backed up: /www/wwwroot/vitufinance.com/backups/critical/critical_20260124_020001.tar.gz
[2026-01-24 02:00:01] 2. Backing up database...
[2026-01-24 02:00:04]    Database backed up: /www/wwwroot/vitufinance.com/backups/daily/db_20260124_020001.sql.gz
[2026-01-24 02:00:04] 3. Generating file integrity hashes...
[2026-01-24 02:00:04]    Hashes saved: /www/wwwroot/vitufinance.com/backups/critical/hashes_20260124_020001.sha256
[2026-01-24 02:00:04] 4. Checking for git changes...
[2026-01-24 02:00:05]    Git commit created
[2026-01-24 02:00:05] 5. Cleaning up old backups...
[2026-01-24 02:00:05]    Old backups cleaned (keeping last 7 days)
[2026-01-24 02:00:05] ==========================================
[2026-01-24 02:00:05] Backup completed successfully!
[2026-01-24 02:00:05] ==========================================
[2026-01-24 02:00:05]    Total backup size: 82M
[2026-01-24 02:00:05] ==========================================
[2026-01-25 02:00:01] ==========================================
[2026-01-25 02:00:01] Starting backup: vitufinance_backup_20260125_020001
[2026-01-25 02:00:01] ==========================================
[2026-01-25 02:00:01] 1. Backing up critical source files...
[2026-01-25 02:00:01]    Critical files backed up: /www/wwwroot/vitufinance.com/backups/critical/critical_20260125_020001.tar.gz
[2026-01-25 02:00:01] 2. Backing up database...
[2026-01-25 02:00:04]    Database backed up: /www/wwwroot/vitufinance.com/backups/daily/db_20260125_020001.sql.gz
[2026-01-25 02:00:04] 3. Generating file integrity hashes...
[2026-01-25 02:00:04]    Hashes saved: /www/wwwroot/vitufinance.com/backups/critical/hashes_20260125_020001.sha256
[2026-01-25 02:00:04] 4. Checking for git changes...
[2026-01-25 02:00:05]    Git commit created
[2026-01-25 02:00:05] 5. Cleaning up old backups...
[2026-01-25 02:00:05]    Old backups cleaned (keeping last 7 days)
[2026-01-25 02:00:05] ==========================================
[2026-01-25 02:00:05] Backup completed successfully!
[2026-01-25 02:00:05] ==========================================
[2026-01-25 02:00:05]    Total backup size: 83M
[2026-01-25 02:00:05] ==========================================
[2026-01-25 03:00:01] [INFO] ========== Starting database backup ==========
[2026-01-25 03:00:01] [INFO] Backup time: 2026-01-25_03-00-01
[2026-01-25 03:00:01] [INFO] Project: /www/wwwroot/vitufinance.com
[2026-01-25 03:00:01] [INFO] Database: xie080886 @ 127.0.0.1:3306
[2026-01-25 03:00:01] [INFO] Creating database backup...
mysqldump: [Warning] Using a password on the command line interface can be insecure.
[2026-01-25 03:00:02] [INFO] Backup created: xie080886_2026-01-25.sql (49M)
[2026-01-25 03:00:02] [INFO] Compressing backup...
[2026-01-25 03:00:09] [INFO] Backup compressed: xie080886_2026-01-25.sql.gz (7.8M)
[2026-01-25 03:00:09] [INFO] Cleaning up old backups...
[2026-01-25 03:00:09] [INFO] Total backups retained: 3
[2026-01-25 03:00:09] [INFO] Pushing backup to Git repository...
[main c22ed24] 🗄️ Auto Backup: 2026-01-25
 2 files changed, 20 insertions(+)
 create mode 100644 backups/database/xie080886_2026-01-25.sql.gz
To github.com:gsyi5839-alt/https-vitufinance.com-.git
   c389ec7..c22ed24  main -> main
[2026-01-25 03:00:32] [INFO] Successfully pushed to 'main' branch
[2026-01-25 03:00:32] [INFO] Git push completed successfully
[2026-01-25 03:00:32] [INFO] =========================================
[2026-01-25 03:00:32] [INFO] Backup Summary:
[2026-01-25 03:00:32] [INFO]   File: xie080886_2026-01-25.sql.gz
[2026-01-25 03:00:32] [INFO]   Size: 7.8M
[2026-01-25 03:00:32] [INFO]   Location: /www/wwwroot/vitufinance.com/backups/database
[2026-01-25 03:00:32] [INFO] ========== Backup completed successfully ==========
[2026-01-25 03:00:32] [INFO] 
[2026-01-26 02:00:01] ==========================================
[2026-01-26 02:00:01] Starting backup: vitufinance_backup_20260126_020001
[2026-01-26 02:00:01] ==========================================
[2026-01-26 02:00:01] 1. Backing up critical source files...
[2026-01-26 02:00:01]    Critical files backed up: /www/wwwroot/vitufinance.com/backups/critical/critical_20260126_020001.tar.gz
[2026-01-26 02:00:01] 2. Backing up database...
[2026-01-26 02:00:05]    Database backed up: /www/wwwroot/vitufinance.com/backups/daily/db_20260126_020001.sql.gz
[2026-01-26 02:00:05] 3. Generating file integrity hashes...
[2026-01-26 02:00:05]    Hashes saved: /www/wwwroot/vitufinance.com/backups/critical/hashes_20260126_020001.sha256
[2026-01-26 02:00:05] 4. Checking for git changes...
[2026-01-26 02:00:06]    Git commit created
[2026-01-26 02:00:06] 5. Cleaning up old backups...
[2026-01-26 02:00:06]    Old backups cleaned (keeping last 7 days)
[2026-01-26 02:00:06] ==========================================
[2026-01-26 02:00:06] Backup completed successfully!
[2026-01-26 02:00:06] ==========================================
[2026-01-26 02:00:06]    Total backup size: 87M
[2026-01-26 02:00:06] ==========================================
[2026-01-27 02:00:01] ==========================================
[2026-01-27 02:00:01] Starting backup: vitufinance_backup_20260127_020001
[2026-01-27 02:00:01] ==========================================
[2026-01-27 02:00:01] 1. Backing up critical source files...
[2026-01-27 02:00:01]    Critical files backed up: /www/wwwroot/vitufinance.com/backups/critical/critical_20260127_020001.tar.gz
[2026-01-27 02:00:01] 2. Backing up database...
[2026-01-27 02:00:04]    Database backed up: /www/wwwroot/vitufinance.com/backups/daily/db_20260127_020001.sql.gz
[2026-01-27 02:00:04] 3. Generating file integrity hashes...
[2026-01-27 02:00:04]    Hashes saved: /www/wwwroot/vitufinance.com/backups/critical/hashes_20260127_020001.sha256
[2026-01-27 02:00:04] 4. Checking for git changes...
[2026-01-27 02:00:05]    Git commit created
[2026-01-27 02:00:05] 5. Cleaning up old backups...
[2026-01-27 02:00:05]    Old backups cleaned (keeping last 7 days)
[2026-01-27 02:00:05] ==========================================
[2026-01-27 02:00:05] Backup completed successfully!
[2026-01-27 02:00:05] ==========================================
[2026-01-27 02:00:05]    Total backup size: 89M
[2026-01-27 02:00:05] ==========================================
[2026-01-28 02:00:01] ==========================================
[2026-01-28 02:00:01] Starting backup: vitufinance_backup_20260128_020001
[2026-01-28 02:00:01] ==========================================
[2026-01-28 02:00:01] 1. Backing up critical source files...
[2026-01-28 02:00:01]    Critical files backed up: /www/wwwroot/vitufinance.com/backups/critical/critical_20260128_020001.tar.gz
[2026-01-28 02:00:01] 2. Backing up database...
[2026-01-28 02:00:04]    Database backed up: /www/wwwroot/vitufinance.com/backups/daily/db_20260128_020001.sql.gz
[2026-01-28 02:00:04] 3. Generating file integrity hashes...
[2026-01-28 02:00:04]    Hashes saved: /www/wwwroot/vitufinance.com/backups/critical/hashes_20260128_020001.sha256
[2026-01-28 02:00:04] 4. Checking for git changes...
[2026-01-28 02:00:05]    Git commit created
[2026-01-28 02:00:05] 5. Cleaning up old backups...
[2026-01-28 02:00:05]    Old backups cleaned (keeping last 7 days)
[2026-01-28 02:00:05] ==========================================
[2026-01-28 02:00:05] Backup completed successfully!
[2026-01-28 02:00:05] ==========================================
[2026-01-28 02:00:05]    Total backup size: 91M
[2026-01-28 02:00:05] ==========================================
[2026-01-28 03:00:01] [INFO] ========== Starting database backup ==========
[2026-01-28 03:00:01] [INFO] Backup time: 2026-01-28_03-00-01
[2026-01-28 03:00:01] [INFO] Project: /www/wwwroot/vitufinance.com
[2026-01-28 03:00:01] [INFO] Database: xie080886 @ 127.0.0.1:3306
[2026-01-28 03:00:01] [INFO] Creating database backup...
mysqldump: [Warning] Using a password on the command line interface can be insecure.
[2026-01-28 03:00:03] [INFO] Backup created: xie080886_2026-01-28.sql (53M)
[2026-01-28 03:00:03] [INFO] Compressing backup...
[2026-01-28 03:00:10] [INFO] Backup compressed: xie080886_2026-01-28.sql.gz (8.4M)
[2026-01-28 03:00:10] [INFO] Cleaning up old backups...
[2026-01-28 03:00:10] [INFO] Total backups retained: 3
[2026-01-28 03:00:10] [INFO] Pushing backup to Git repository...
[main dbb04fa] 🗄️ Auto Backup: 2026-01-28
 2 files changed, 20 insertions(+)
 create mode 100644 backups/database/xie080886_2026-01-28.sql.gz
To github.com:gsyi5839-alt/https-vitufinance.com-.git
   c22ed24..dbb04fa  main -> main
[2026-01-28 03:00:34] [INFO] Successfully pushed to 'main' branch
[2026-01-28 03:00:34] [INFO] Git push completed successfully
[2026-01-28 03:00:34] [INFO] =========================================
[2026-01-28 03:00:34] [INFO] Backup Summary:
[2026-01-28 03:00:34] [INFO]   File: xie080886_2026-01-28.sql.gz
[2026-01-28 03:00:34] [INFO]   Size: 8.4M
[2026-01-28 03:00:34] [INFO]   Location: /www/wwwroot/vitufinance.com/backups/database
[2026-01-28 03:00:34] [INFO] ========== Backup completed successfully ==========
[2026-01-28 03:00:34] [INFO] 
[2026-01-29 02:00:01] ==========================================
[2026-01-29 02:00:01] Starting backup: vitufinance_backup_20260129_020001
[2026-01-29 02:00:01] ==========================================
[2026-01-29 02:00:01] 1. Backing up critical source files...
[2026-01-29 02:00:01]    Critical files backed up: /www/wwwroot/vitufinance.com/backups/critical/critical_20260129_020001.tar.gz
[2026-01-29 02:00:01] 2. Backing up database...
[2026-01-29 02:00:04]    Database backed up: /www/wwwroot/vitufinance.com/backups/daily/db_20260129_020001.sql.gz
[2026-01-29 02:00:04] 3. Generating file integrity hashes...
[2026-01-29 02:00:04]    Hashes saved: /www/wwwroot/vitufinance.com/backups/critical/hashes_20260129_020001.sha256
[2026-01-29 02:00:04] 4. Checking for git changes...
[2026-01-29 02:00:04]    Git commit created
[2026-01-29 02:00:04] 5. Cleaning up old backups...
[2026-01-29 02:00:04]    Old backups cleaned (keeping last 7 days)
[2026-01-29 02:00:04] ==========================================
[2026-01-29 02:00:04] Backup completed successfully!
[2026-01-29 02:00:04] ==========================================
[2026-01-29 02:00:04]    Total backup size: 94M
[2026-01-29 02:00:04] ==========================================
[2026-01-30 02:00:01] ==========================================
[2026-01-30 02:00:01] Starting backup: vitufinance_backup_20260130_020001
[2026-01-30 02:00:01] ==========================================
[2026-01-30 02:00:01] 1. Backing up critical source files...
[2026-01-30 02:00:01]    Critical files backed up: /www/wwwroot/vitufinance.com/backups/critical/critical_20260130_020001.tar.gz
[2026-01-30 02:00:01] 2. Backing up database...
[2026-01-30 02:00:04]    Database backed up: /www/wwwroot/vitufinance.com/backups/daily/db_20260130_020001.sql.gz
[2026-01-30 02:00:04] 3. Generating file integrity hashes...
[2026-01-30 02:00:04]    Hashes saved: /www/wwwroot/vitufinance.com/backups/critical/hashes_20260130_020001.sha256
[2026-01-30 02:00:04] 4. Checking for git changes...
[2026-01-30 02:00:04]    Git commit created
[2026-01-30 02:00:04] 5. Cleaning up old backups...
[2026-01-30 02:00:04]    Old backups cleaned (keeping last 7 days)
[2026-01-30 02:00:04] ==========================================
[2026-01-30 02:00:04] Backup completed successfully!
[2026-01-30 02:00:04] ==========================================
[2026-01-30 02:00:04]    Total backup size: 96M
[2026-01-30 02:00:04] ==========================================
[2026-01-31 02:00:01] ==========================================
[2026-01-31 02:00:01] Starting backup: vitufinance_backup_20260131_020001
[2026-01-31 02:00:01] ==========================================
[2026-01-31 02:00:01] 1. Backing up critical source files...
[2026-01-31 02:00:01]    Critical files backed up: /www/wwwroot/vitufinance.com/backups/critical/critical_20260131_020001.tar.gz
[2026-01-31 02:00:01] 2. Backing up database...
[2026-01-31 02:00:04]    Database backed up: /www/wwwroot/vitufinance.com/backups/daily/db_20260131_020001.sql.gz
[2026-01-31 02:00:04] 3. Generating file integrity hashes...
[2026-01-31 02:00:04]    Hashes saved: /www/wwwroot/vitufinance.com/backups/critical/hashes_20260131_020001.sha256
[2026-01-31 02:00:04] 4. Checking for git changes...
[2026-01-31 02:00:04]    Git commit created
[2026-01-31 02:00:04] 5. Cleaning up old backups...
[2026-01-31 02:00:04]    Old backups cleaned (keeping last 7 days)
[2026-01-31 02:00:04] ==========================================
[2026-01-31 02:00:04] Backup completed successfully!
[2026-01-31 02:00:04] ==========================================
[2026-01-31 02:00:04]    Total backup size: 105M
[2026-01-31 02:00:04] ==========================================
[2026-01-31 03:00:01] [INFO] ========== Starting database backup ==========
[2026-01-31 03:00:01] [INFO] Backup time: 2026-01-31_03-00-01
[2026-01-31 03:00:01] [INFO] Project: /www/wwwroot/vitufinance.com
[2026-01-31 03:00:01] [INFO] Database: xie080886 @ 127.0.0.1:3306
[2026-01-31 03:00:01] [INFO] Creating database backup...
mysqldump: [Warning] Using a password on the command line interface can be insecure.
[2026-01-31 03:00:02] [INFO] Backup created: xie080886_2026-01-31.sql (57M)
[2026-01-31 03:00:02] [INFO] Compressing backup...
[2026-01-31 03:00:10] [INFO] Backup compressed: xie080886_2026-01-31.sql.gz (9.0M)
[2026-01-31 03:00:10] [INFO] Cleaning up old backups...
[2026-01-31 03:00:10] [INFO] Total backups retained: 3
[2026-01-31 03:00:10] [INFO] Pushing backup to Git repository...
[main 2c1f921] 🗄️ Auto Backup: 2026-01-31
 2 files changed, 20 insertions(+)
 create mode 100644 backups/database/xie080886_2026-01-31.sql.gz
To github.com:gsyi5839-alt/https-vitufinance.com-.git
   dbb04fa..2c1f921  main -> main
[2026-01-31 03:00:35] [INFO] Successfully pushed to 'main' branch
[2026-01-31 03:00:35] [INFO] Git push completed successfully
[2026-01-31 03:00:35] [INFO] =========================================
[2026-01-31 03:00:35] [INFO] Backup Summary:
[2026-01-31 03:00:35] [INFO]   File: xie080886_2026-01-31.sql.gz
[2026-01-31 03:00:35] [INFO]   Size: 9.0M
[2026-01-31 03:00:35] [INFO]   Location: /www/wwwroot/vitufinance.com/backups/database
[2026-01-31 03:00:35] [INFO] ========== Backup completed successfully ==========
[2026-01-31 03:00:35] [INFO] 
[2026-02-01 02:00:01] ==========================================
[2026-02-01 02:00:01] Starting backup: vitufinance_backup_20260201_020001
[2026-02-01 02:00:01] ==========================================
[2026-02-01 02:00:01] 1. Backing up critical source files...
[2026-02-01 02:00:01]    Critical files backed up: /www/wwwroot/vitufinance.com/backups/critical/critical_20260201_020001.tar.gz
[2026-02-01 02:00:01] 2. Backing up database...
[2026-02-01 02:00:04]    Database backed up: /www/wwwroot/vitufinance.com/backups/daily/db_20260201_020001.sql.gz
[2026-02-01 02:00:04] 3. Generating file integrity hashes...
[2026-02-01 02:00:04]    Hashes saved: /www/wwwroot/vitufinance.com/backups/critical/hashes_20260201_020001.sha256
[2026-02-01 02:00:04] 4. Checking for git changes...
[2026-02-01 02:00:04]    Git commit created
[2026-02-01 02:00:04] 5. Cleaning up old backups...
[2026-02-01 02:00:04]    Old backups cleaned (keeping last 7 days)
[2026-02-01 02:00:04] ==========================================
[2026-02-01 02:00:04] Backup completed successfully!
[2026-02-01 02:00:04] ==========================================
[2026-02-01 02:00:04]    Total backup size: 101M
[2026-02-01 02:00:04] ==========================================
[2026-02-01 03:00:01] [INFO] ========== Starting database backup ==========
[2026-02-01 03:00:01] [INFO] Backup time: 2026-02-01_03-00-01
[2026-02-01 03:00:01] [INFO] Project: /www/wwwroot/vitufinance.com
[2026-02-01 03:00:01] [INFO] Database: xie080886 @ 127.0.0.1:3306
[2026-02-01 03:00:01] [INFO] Creating database backup...
mysqldump: [Warning] Using a password on the command line interface can be insecure.
[2026-02-01 03:00:03] [INFO] Backup created: xie080886_2026-02-01.sql (58M)
[2026-02-01 03:00:03] [INFO] Compressing backup...
[2026-02-01 03:00:11] [INFO] Backup compressed: xie080886_2026-02-01.sql.gz (9.2M)
[2026-02-01 03:00:11] [INFO] Cleaning up old backups...
[2026-02-01 03:00:11] [INFO] Total backups retained: 4
[2026-02-01 03:00:11] [INFO] Pushing backup to Git repository...
[main 4fa5abe] 🗄️ Auto Backup: 2026-02-01
 2 files changed, 20 insertions(+)
 create mode 100644 backups/database/xie080886_2026-02-01.sql.gz
To github.com:gsyi5839-alt/https-vitufinance.com-.git
   2c1f921..4fa5abe  main -> main
[2026-02-01 03:00:26] [INFO] Successfully pushed to 'main' branch
[2026-02-01 03:00:26] [INFO] Git push completed successfully
[2026-02-01 03:00:26] [INFO] =========================================
[2026-02-01 03:00:26] [INFO] Backup Summary:
[2026-02-01 03:00:26] [INFO]   File: xie080886_2026-02-01.sql.gz
[2026-02-01 03:00:26] [INFO]   Size: 9.2M
[2026-02-01 03:00:26] [INFO]   Location: /www/wwwroot/vitufinance.com/backups/database
[2026-02-01 03:00:26] [INFO] ========== Backup completed successfully ==========
[2026-02-01 03:00:26] [INFO] 
[2026-02-02 02:00:01] ==========================================
[2026-02-02 02:00:01] Starting backup: vitufinance_backup_20260202_020001
[2026-02-02 02:00:01] ==========================================
[2026-02-02 02:00:01] 1. Backing up critical source files...
[2026-02-02 02:00:01]    Critical files backed up: /www/wwwroot/vitufinance.com/backups/critical/critical_20260202_020001.tar.gz
[2026-02-02 02:00:01] 2. Backing up database...
[2026-02-02 02:00:04]    Database backed up: /www/wwwroot/vitufinance.com/backups/daily/db_20260202_020001.sql.gz
[2026-02-02 02:00:04] 3. Generating file integrity hashes...
[2026-02-02 02:00:04]    Hashes saved: /www/wwwroot/vitufinance.com/backups/critical/hashes_20260202_020001.sha256
[2026-02-02 02:00:04] 4. Checking for git changes...
[2026-02-02 02:00:05]    Git commit created
[2026-02-02 02:00:05] 5. Cleaning up old backups...
[2026-02-02 02:00:05]    Old backups cleaned (keeping last 7 days)
[2026-02-02 02:00:05] ==========================================
[2026-02-02 02:00:05] Backup completed successfully!
[2026-02-02 02:00:05] ==========================================
[2026-02-02 02:00:05]    Total backup size: 112M
[2026-02-02 02:00:05] ==========================================
[2026-02-03 02:00:01] ==========================================
[2026-02-03 02:00:01] Starting backup: vitufinance_backup_20260203_020001
[2026-02-03 02:00:01] ==========================================
[2026-02-03 02:00:01] 1. Backing up critical source files...
[2026-02-03 02:00:01]    Critical files backed up: /www/wwwroot/vitufinance.com/backups/critical/critical_20260203_020001.tar.gz
[2026-02-03 02:00:01] 2. Backing up database...
[2026-02-03 02:00:04]    Database backed up: /www/wwwroot/vitufinance.com/backups/daily/db_20260203_020001.sql.gz
[2026-02-03 02:00:04] 3. Generating file integrity hashes...
[2026-02-03 02:00:04]    Hashes saved: /www/wwwroot/vitufinance.com/backups/critical/hashes_20260203_020001.sha256
[2026-02-03 02:00:04] 4. Checking for git changes...
[2026-02-03 02:00:05]    Git commit created
[2026-02-03 02:00:05] 5. Cleaning up old backups...
[2026-02-03 02:00:05]    Old backups cleaned (keeping last 7 days)
[2026-02-03 02:00:05] ==========================================
[2026-02-03 02:00:05] Backup completed successfully!
[2026-02-03 02:00:05] ==========================================
[2026-02-03 02:00:05]    Total backup size: 122M
[2026-02-03 02:00:05] ==========================================
[2026-02-04 02:00:01] ==========================================
[2026-02-04 02:00:01] Starting backup: vitufinance_backup_20260204_020001
[2026-02-04 02:00:01] ==========================================
[2026-02-04 02:00:01] 1. Backing up critical source files...
[2026-02-04 02:00:01]    Critical files backed up: /www/wwwroot/vitufinance.com/backups/critical/critical_20260204_020001.tar.gz
[2026-02-04 02:00:01] 2. Backing up database...
[2026-02-04 02:00:04]    Database backed up: /www/wwwroot/vitufinance.com/backups/daily/db_20260204_020001.sql.gz
[2026-02-04 02:00:04] 3. Generating file integrity hashes...
[2026-02-04 02:00:04]    Hashes saved: /www/wwwroot/vitufinance.com/backups/critical/hashes_20260204_020001.sha256
[2026-02-04 02:00:04] 4. Checking for git changes...
[2026-02-04 02:00:04]    Git commit created
[2026-02-04 02:00:04] 5. Cleaning up old backups...
[2026-02-04 02:00:04]    Old backups cleaned (keeping last 7 days)
[2026-02-04 02:00:04] ==========================================
[2026-02-04 02:00:04] Backup completed successfully!
[2026-02-04 02:00:04] ==========================================
[2026-02-04 02:00:04]    Total backup size: 116M
[2026-02-04 02:00:04] ==========================================
[2026-02-04 03:00:01] [INFO] ========== Starting database backup ==========
[2026-02-04 03:00:01] [INFO] Backup time: 2026-02-04_03-00-01
[2026-02-04 03:00:01] [INFO] Project: /www/wwwroot/vitufinance.com
[2026-02-04 03:00:02] [INFO] Database: xie080886 @ 127.0.0.1:3306
[2026-02-04 03:00:02] [INFO] Creating database backup...
mysqldump: [Warning] Using a password on the command line interface can be insecure.
[2026-02-04 03:00:03] [INFO] Backup created: xie080886_2026-02-04.sql (62M)
[2026-02-04 03:00:03] [INFO] Compressing backup...
[2026-02-04 03:00:11] [INFO] Backup compressed: xie080886_2026-02-04.sql.gz (9.8M)
[2026-02-04 03:00:12] [INFO] Cleaning up old backups...
[2026-02-04 03:00:12] [INFO] Total backups retained: 4
[2026-02-04 03:00:12] [INFO] Pushing backup to Git repository...
[main b0bded1] 🗄️ Auto Backup: 2026-02-04
 2 files changed, 20 insertions(+)
 create mode 100644 backups/database/xie080886_2026-02-04.sql.gz
To github.com:gsyi5839-alt/https-vitufinance.com-.git
   4fa5abe..b0bded1  main -> main
[2026-02-04 03:00:38] [INFO] Successfully pushed to 'main' branch
[2026-02-04 03:00:38] [INFO] Git push completed successfully
[2026-02-04 03:00:38] [INFO] =========================================
[2026-02-04 03:00:38] [INFO] Backup Summary:
[2026-02-04 03:00:38] [INFO]   File: xie080886_2026-02-04.sql.gz
[2026-02-04 03:00:38] [INFO]   Size: 9.8M
[2026-02-04 03:00:38] [INFO]   Location: /www/wwwroot/vitufinance.com/backups/database
[2026-02-04 03:00:38] [INFO] ========== Backup completed successfully ==========
[2026-02-04 03:00:38] [INFO] 
[2026-02-05 02:00:01] ==========================================
[2026-02-05 02:00:01] Starting backup: vitufinance_backup_20260205_020001
[2026-02-05 02:00:01] ==========================================
[2026-02-05 02:00:01] 1. Backing up critical source files...
[2026-02-05 02:00:01]    Critical files backed up: /www/wwwroot/vitufinance.com/backups/critical/critical_20260205_020001.tar.gz
[2026-02-05 02:00:01] 2. Backing up database...
[2026-02-05 02:00:04]    Database backed up: /www/wwwroot/vitufinance.com/backups/daily/db_20260205_020001.sql.gz
[2026-02-05 02:00:04] 3. Generating file integrity hashes...
[2026-02-05 02:00:05]    Hashes saved: /www/wwwroot/vitufinance.com/backups/critical/hashes_20260205_020001.sha256
[2026-02-05 02:00:05] 4. Checking for git changes...
[2026-02-05 02:00:05]    Git commit created
[2026-02-05 02:00:05] 5. Cleaning up old backups...
[2026-02-05 02:00:05]    Old backups cleaned (keeping last 7 days)
[2026-02-05 02:00:05] ==========================================
[2026-02-05 02:00:05] Backup completed successfully!
[2026-02-05 02:00:05] ==========================================
[2026-02-05 02:00:05]    Total backup size: 120M
[2026-02-05 02:00:05] ==========================================
[2026-02-06 02:00:01] ==========================================
[2026-02-06 02:00:01] Starting backup: vitufinance_backup_20260206_020001
[2026-02-06 02:00:01] ==========================================
[2026-02-06 02:00:01] 1. Backing up critical source files...
[2026-02-06 02:00:01]    Critical files backed up: /www/wwwroot/vitufinance.com/backups/critical/critical_20260206_020001.tar.gz
[2026-02-06 02:00:01] 2. Backing up database...
[2026-02-06 02:00:04]    Database backed up: /www/wwwroot/vitufinance.com/backups/daily/db_20260206_020001.sql.gz
[2026-02-06 02:00:04] 3. Generating file integrity hashes...
[2026-02-06 02:00:04]    Hashes saved: /www/wwwroot/vitufinance.com/backups/critical/hashes_20260206_020001.sha256
[2026-02-06 02:00:04] 4. Checking for git changes...
[2026-02-06 02:00:05]    Git commit created
[2026-02-06 02:00:05] 5. Cleaning up old backups...
[2026-02-06 02:00:05]    Old backups cleaned (keeping last 7 days)
[2026-02-06 02:00:05] ==========================================
[2026-02-06 02:00:05] Backup completed successfully!
[2026-02-06 02:00:05] ==========================================
[2026-02-06 02:00:05]    Total backup size: 121M
[2026-02-06 02:00:05] ==========================================
[2026-02-07 02:00:01] ==========================================
[2026-02-07 02:00:01] Starting backup: vitufinance_backup_20260207_020001
[2026-02-07 02:00:01] ==========================================
[2026-02-07 02:00:01] 1. Backing up critical source files...
[2026-02-07 02:00:01]    Critical files backed up: /www/wwwroot/vitufinance.com/backups/critical/critical_20260207_020001.tar.gz
[2026-02-07 02:00:01] 2. Backing up database...
[2026-02-07 02:00:04]    Database backed up: /www/wwwroot/vitufinance.com/backups/daily/db_20260207_020001.sql.gz
[2026-02-07 02:00:04] 3. Generating file integrity hashes...
[2026-02-07 02:00:04]    Hashes saved: /www/wwwroot/vitufinance.com/backups/critical/hashes_20260207_020001.sha256
[2026-02-07 02:00:04] 4. Checking for git changes...
[2026-02-07 02:00:05]    Git commit created
[2026-02-07 02:00:05] 5. Cleaning up old backups...
[2026-02-07 02:00:05]    Old backups cleaned (keeping last 7 days)
[2026-02-07 02:00:05] ==========================================
[2026-02-07 02:00:05] Backup completed successfully!
[2026-02-07 02:00:05] ==========================================
[2026-02-07 02:00:05]    Total backup size: 123M
[2026-02-07 02:00:05] ==========================================
[2026-02-07 03:00:01] [INFO] ========== Starting database backup ==========
[2026-02-07 03:00:01] [INFO] Backup time: 2026-02-07_03-00-01
[2026-02-07 03:00:01] [INFO] Project: /www/wwwroot/vitufinance.com
[2026-02-07 03:00:01] [INFO] Database: xie080886 @ 127.0.0.1:3306
[2026-02-07 03:00:01] [INFO] Creating database backup...
mysqldump: [Warning] Using a password on the command line interface can be insecure.
[2026-02-07 03:00:02] [INFO] Backup created: xie080886_2026-02-07.sql (65M)
[2026-02-07 03:00:02] [INFO] Compressing backup...
[2026-02-07 03:00:11] [INFO] Backup compressed: xie080886_2026-02-07.sql.gz (11M)
[2026-02-07 03:00:11] [INFO] Cleaning up old backups...
[2026-02-07 03:00:11] [INFO] Total backups retained: 4
[2026-02-07 03:00:11] [INFO] Pushing backup to Git repository...
[main 6c2261d] 🗄️ Auto Backup: 2026-02-07
 2 files changed, 20 insertions(+)
 create mode 100644 backups/database/xie080886_2026-02-07.sql.gz
To github.com:gsyi5839-alt/https-vitufinance.com-.git
   b0bded1..6c2261d  main -> main
[2026-02-07 03:00:40] [INFO] Successfully pushed to 'main' branch
[2026-02-07 03:00:40] [INFO] Git push completed successfully
[2026-02-07 03:00:40] [INFO] =========================================
[2026-02-07 03:00:40] [INFO] Backup Summary:
[2026-02-07 03:00:40] [INFO]   File: xie080886_2026-02-07.sql.gz
[2026-02-07 03:00:40] [INFO]   Size: 11M
[2026-02-07 03:00:40] [INFO]   Location: /www/wwwroot/vitufinance.com/backups/database
[2026-02-07 03:00:40] [INFO] ========== Backup completed successfully ==========
[2026-02-07 03:00:40] [INFO] 
[2026-02-08 02:00:01] ==========================================
[2026-02-08 02:00:01] Starting backup: vitufinance_backup_20260208_020001
[2026-02-08 02:00:01] ==========================================
[2026-02-08 02:00:01] 1. Backing up critical source files...
[2026-02-08 02:00:01]    Critical files backed up: /www/wwwroot/vitufinance.com/backups/critical/critical_20260208_020001.tar.gz
[2026-02-08 02:00:01] 2. Backing up database...
[2026-02-08 02:00:04]    Database backed up: /www/wwwroot/vitufinance.com/backups/daily/db_20260208_020001.sql.gz
[2026-02-08 02:00:04] 3. Generating file integrity hashes...
[2026-02-08 02:00:04]    Hashes saved: /www/wwwroot/vitufinance.com/backups/critical/hashes_20260208_020001.sha256
[2026-02-08 02:00:04] 4. Checking for git changes...
[2026-02-08 02:00:05]    Git commit created
[2026-02-08 02:00:05] 5. Cleaning up old backups...
[2026-02-08 02:00:05]    Old backups cleaned (keeping last 7 days)
[2026-02-08 02:00:05] ==========================================
[2026-02-08 02:00:05] Backup completed successfully!
[2026-02-08 02:00:05] ==========================================
[2026-02-08 02:00:05]    Total backup size: 127M
[2026-02-08 02:00:05] ==========================================
[2026-02-09 02:00:01] ==========================================
[2026-02-09 02:00:01] Starting backup: vitufinance_backup_20260209_020001
[2026-02-09 02:00:01] ==========================================
[2026-02-09 02:00:01] 1. Backing up critical source files...
[2026-02-09 02:00:01]    Critical files backed up: /www/wwwroot/vitufinance.com/backups/critical/critical_20260209_020001.tar.gz
[2026-02-09 02:00:01] 2. Backing up database...
[2026-02-09 02:00:04]    Database backed up: /www/wwwroot/vitufinance.com/backups/daily/db_20260209_020001.sql.gz
[2026-02-09 02:00:04] 3. Generating file integrity hashes...
[2026-02-09 02:00:05]    Hashes saved: /www/wwwroot/vitufinance.com/backups/critical/hashes_20260209_020001.sha256
[2026-02-09 02:00:05] 4. Checking for git changes...
[2026-02-09 02:00:05]    Git commit created
[2026-02-09 02:00:05] 5. Cleaning up old backups...
[2026-02-09 02:00:05]    Old backups cleaned (keeping last 7 days)
[2026-02-09 02:00:05] ==========================================
[2026-02-09 02:00:05] Backup completed successfully!
[2026-02-09 02:00:05] ==========================================
[2026-02-09 02:00:05]    Total backup size: 129M
[2026-02-09 02:00:05] ==========================================
[2026-02-10 02:00:01] ==========================================
[2026-02-10 02:00:01] Starting backup: vitufinance_backup_20260210_020001
[2026-02-10 02:00:01] ==========================================
[2026-02-10 02:00:01] 1. Backing up critical source files...
[2026-02-10 02:00:01]    Critical files backed up: /www/wwwroot/vitufinance.com/backups/critical/critical_20260210_020001.tar.gz
[2026-02-10 02:00:01] 2. Backing up database...
[2026-02-10 02:00:05]    Database backed up: /www/wwwroot/vitufinance.com/backups/daily/db_20260210_020001.sql.gz
[2026-02-10 02:00:05] 3. Generating file integrity hashes...
[2026-02-10 02:00:05]    Hashes saved: /www/wwwroot/vitufinance.com/backups/critical/hashes_20260210_020001.sha256
[2026-02-10 02:00:05] 4. Checking for git changes...
[2026-02-10 02:00:05]    Git commit created
[2026-02-10 02:00:05] 5. Cleaning up old backups...
[2026-02-10 02:00:05]    Old backups cleaned (keeping last 7 days)
[2026-02-10 02:00:05] ==========================================
[2026-02-10 02:00:05] Backup completed successfully!
[2026-02-10 02:00:05] ==========================================
[2026-02-10 02:00:05]    Total backup size: 130M
[2026-02-10 02:00:05] ==========================================
[2026-02-10 03:00:01] [INFO] ========== Starting database backup ==========
[2026-02-10 03:00:01] [INFO] Backup time: 2026-02-10_03-00-01
[2026-02-10 03:00:01] [INFO] Project: /www/wwwroot/vitufinance.com
[2026-02-10 03:00:01] [INFO] Database: xie080886 @ 127.0.0.1:3306
[2026-02-10 03:00:01] [INFO] Creating database backup...
mysqldump: [Warning] Using a password on the command line interface can be insecure.
[2026-02-10 03:00:03] [INFO] Backup created: xie080886_2026-02-10.sql (69M)
[2026-02-10 03:00:03] [INFO] Compressing backup...
[2026-02-10 03:00:12] [INFO] Backup compressed: xie080886_2026-02-10.sql.gz (11M)
[2026-02-10 03:00:12] [INFO] Cleaning up old backups...
[2026-02-10 03:00:12] [INFO] Total backups retained: 3
[2026-02-10 03:00:12] [INFO] Pushing backup to Git repository...
[main d574bc5] 🗄️ Auto Backup: 2026-02-10
 2 files changed, 20 insertions(+)
 create mode 100644 backups/database/xie080886_2026-02-10.sql.gz
To github.com:gsyi5839-alt/https-vitufinance.com-.git
   6c2261d..d574bc5  main -> main
[2026-02-10 03:00:43] [INFO] Successfully pushed to 'main' branch
[2026-02-10 03:00:43] [INFO] Git push completed successfully
[2026-02-10 03:00:43] [INFO] =========================================
[2026-02-10 03:00:43] [INFO] Backup Summary:
[2026-02-10 03:00:43] [INFO]   File: xie080886_2026-02-10.sql.gz
[2026-02-10 03:00:43] [INFO]   Size: 11M
[2026-02-10 03:00:43] [INFO]   Location: /www/wwwroot/vitufinance.com/backups/database
[2026-02-10 03:00:43] [INFO] ========== Backup completed successfully ==========
[2026-02-10 03:00:43] [INFO] 
[2026-02-11 02:00:01] ==========================================
[2026-02-11 02:00:01] Starting backup: vitufinance_backup_20260211_020001
[2026-02-11 02:00:01] ==========================================
[2026-02-11 02:00:01] 1. Backing up critical source files...
[2026-02-11 02:00:01]    Critical files backed up: /www/wwwroot/vitufinance.com/backups/critical/critical_20260211_020001.tar.gz
[2026-02-11 02:00:01] 2. Backing up database...
[2026-02-11 02:00:04]    Database backed up: /www/wwwroot/vitufinance.com/backups/daily/db_20260211_020001.sql.gz
[2026-02-11 02:00:04] 3. Generating file integrity hashes...
[2026-02-11 02:00:04]    Hashes saved: /www/wwwroot/vitufinance.com/backups/critical/hashes_20260211_020001.sha256
[2026-02-11 02:00:04] 4. Checking for git changes...
[2026-02-11 02:00:05]    Git commit created
[2026-02-11 02:00:05] 5. Cleaning up old backups...
[2026-02-11 02:00:05]    Old backups cleaned (keeping last 7 days)
[2026-02-11 02:00:05] ==========================================
[2026-02-11 02:00:05] Backup completed successfully!
[2026-02-11 02:00:05] ==========================================
[2026-02-11 02:00:05]    Total backup size: 125M
[2026-02-11 02:00:05] ==========================================
[2026-02-12 02:00:01] ==========================================
[2026-02-12 02:00:01] Starting backup: vitufinance_backup_20260212_020001
[2026-02-12 02:00:01] ==========================================
[2026-02-12 02:00:01] 1. Backing up critical source files...
[2026-02-12 02:00:01]    Critical files backed up: /www/wwwroot/vitufinance.com/backups/critical/critical_20260212_020001.tar.gz
[2026-02-12 02:00:01] 2. Backing up database...
[2026-02-12 02:00:04]    Database backed up: /www/wwwroot/vitufinance.com/backups/daily/db_20260212_020001.sql.gz
[2026-02-12 02:00:04] 3. Generating file integrity hashes...
[2026-02-12 02:00:04]    Hashes saved: /www/wwwroot/vitufinance.com/backups/critical/hashes_20260212_020001.sha256
[2026-02-12 02:00:04] 4. Checking for git changes...
[2026-02-12 02:00:05]    Git commit created
[2026-02-12 02:00:05] 5. Cleaning up old backups...
[2026-02-12 02:00:05]    Old backups cleaned (keeping last 7 days)
[2026-02-12 02:00:05] ==========================================
[2026-02-12 02:00:05] Backup completed successfully!
[2026-02-12 02:00:05] ==========================================
[2026-02-12 02:00:05]    Total backup size: 127M
[2026-02-12 02:00:05] ==========================================
[2026-02-13 02:00:01] ==========================================
[2026-02-13 02:00:01] Starting backup: vitufinance_backup_20260213_020001
[2026-02-13 02:00:01] ==========================================
[2026-02-13 02:00:01] 1. Backing up critical source files...
[2026-02-13 02:00:01]    Critical files backed up: /www/wwwroot/vitufinance.com/backups/critical/critical_20260213_020001.tar.gz
[2026-02-13 02:00:01] 2. Backing up database...
[2026-02-13 02:00:04]    Database backed up: /www/wwwroot/vitufinance.com/backups/daily/db_20260213_020001.sql.gz
[2026-02-13 02:00:04] 3. Generating file integrity hashes...
[2026-02-13 02:00:04]    Hashes saved: /www/wwwroot/vitufinance.com/backups/critical/hashes_20260213_020001.sha256
[2026-02-13 02:00:04] 4. Checking for git changes...
[2026-02-13 02:00:05]    Git commit created
[2026-02-13 02:00:05] 5. Cleaning up old backups...
[2026-02-13 02:00:05]    Old backups cleaned (keeping last 7 days)
[2026-02-13 02:00:05] ==========================================
[2026-02-13 02:00:05] Backup completed successfully!
[2026-02-13 02:00:05] ==========================================
[2026-02-13 02:00:05]    Total backup size: 129M
[2026-02-13 02:00:05] ==========================================
[2026-02-13 03:00:01] [INFO] ========== Starting database backup ==========
[2026-02-13 03:00:01] [INFO] Backup time: 2026-02-13_03-00-01
[2026-02-13 03:00:01] [INFO] Project: /www/wwwroot/vitufinance.com
[2026-02-13 03:00:01] [INFO] Database: xie080886 @ 127.0.0.1:3306
[2026-02-13 03:00:01] [INFO] Creating database backup...
mysqldump: [Warning] Using a password on the command line interface can be insecure.
[2026-02-13 03:00:03] [INFO] Backup created: xie080886_2026-02-13.sql (73M)
[2026-02-13 03:00:03] [INFO] Compressing backup...
[2026-02-13 03:00:13] [INFO] Backup compressed: xie080886_2026-02-13.sql.gz (12M)
[2026-02-13 03:00:13] [INFO] Cleaning up old backups...
[2026-02-13 03:00:13] [INFO] Total backups retained: 3
[2026-02-13 03:00:13] [INFO] Pushing backup to Git repository...
[main f2fbe37] 🗄️ Auto Backup: 2026-02-13
 2 files changed, 20 insertions(+)
 create mode 100644 backups/database/xie080886_2026-02-13.sql.gz
To github.com:gsyi5839-alt/https-vitufinance.com-.git
   d574bc5..f2fbe37  main -> main
[2026-02-13 03:00:44] [INFO] Successfully pushed to 'main' branch
[2026-02-13 03:00:44] [INFO] Git push completed successfully
[2026-02-13 03:00:44] [INFO] =========================================
[2026-02-13 03:00:44] [INFO] Backup Summary:
[2026-02-13 03:00:44] [INFO]   File: xie080886_2026-02-13.sql.gz
[2026-02-13 03:00:44] [INFO]   Size: 12M
[2026-02-13 03:00:44] [INFO]   Location: /www/wwwroot/vitufinance.com/backups/database
[2026-02-13 03:00:44] [INFO] ========== Backup completed successfully ==========
[2026-02-13 03:00:44] [INFO] 
[2026-02-14 02:00:01] ==========================================
[2026-02-14 02:00:01] Starting backup: vitufinance_backup_20260214_020001
[2026-02-14 02:00:01] ==========================================
[2026-02-14 02:00:01] 1. Backing up critical source files...
[2026-02-14 02:00:01]    Critical files backed up: /www/wwwroot/vitufinance.com/backups/critical/critical_20260214_020001.tar.gz
[2026-02-14 02:00:01] 2. Backing up database...
[2026-02-14 02:00:04]    Database backed up: /www/wwwroot/vitufinance.com/backups/daily/db_20260214_020001.sql.gz
[2026-02-14 02:00:04] 3. Generating file integrity hashes...
[2026-02-14 02:00:04]    Hashes saved: /www/wwwroot/vitufinance.com/backups/critical/hashes_20260214_020001.sha256
[2026-02-14 02:00:04] 4. Checking for git changes...
[2026-02-14 02:00:05]    Git commit created
[2026-02-14 02:00:05] 5. Cleaning up old backups...
[2026-02-14 02:00:05]    Old backups cleaned (keeping last 7 days)
[2026-02-14 02:00:05] ==========================================
[2026-02-14 02:00:05] Backup completed successfully!
[2026-02-14 02:00:05] ==========================================
[2026-02-14 02:00:05]    Total backup size: 132M
[2026-02-14 02:00:05] ==========================================
[2026-02-15 02:00:01] ==========================================
[2026-02-15 02:00:01] Starting backup: vitufinance_backup_20260215_020001
[2026-02-15 02:00:01] ==========================================
[2026-02-15 02:00:01] 1. Backing up critical source files...
[2026-02-15 02:00:01]    Critical files backed up: /www/wwwroot/vitufinance.com/backups/critical/critical_20260215_020001.tar.gz
[2026-02-15 02:00:01] 2. Backing up database...
[2026-02-15 02:00:04]    Database backed up: /www/wwwroot/vitufinance.com/backups/daily/db_20260215_020001.sql.gz
[2026-02-15 02:00:04] 3. Generating file integrity hashes...
[2026-02-15 02:00:04]    Hashes saved: /www/wwwroot/vitufinance.com/backups/critical/hashes_20260215_020001.sha256
[2026-02-15 02:00:04] 4. Checking for git changes...
[2026-02-15 02:00:05]    Git commit created
[2026-02-15 02:00:05] 5. Cleaning up old backups...
[2026-02-15 02:00:05]    Old backups cleaned (keeping last 7 days)
[2026-02-15 02:00:05] ==========================================
[2026-02-15 02:00:05] Backup completed successfully!
[2026-02-15 02:00:05] ==========================================
[2026-02-15 02:00:05]    Total backup size: 134M
[2026-02-15 02:00:05] ==========================================
[2026-02-16 02:00:01] ==========================================
[2026-02-16 02:00:01] Starting backup: vitufinance_backup_20260216_020001
[2026-02-16 02:00:01] ==========================================
[2026-02-16 02:00:01] 1. Backing up critical source files...
[2026-02-16 02:00:01]    Critical files backed up: /www/wwwroot/vitufinance.com/backups/critical/critical_20260216_020001.tar.gz
[2026-02-16 02:00:01] 2. Backing up database...
[2026-02-16 02:00:05]    Database backed up: /www/wwwroot/vitufinance.com/backups/daily/db_20260216_020001.sql.gz
[2026-02-16 02:00:05] 3. Generating file integrity hashes...
[2026-02-16 02:00:05]    Hashes saved: /www/wwwroot/vitufinance.com/backups/critical/hashes_20260216_020001.sha256
[2026-02-16 02:00:05] 4. Checking for git changes...
[2026-02-16 02:00:06]    Git commit created
[2026-02-16 02:00:06] 5. Cleaning up old backups...
[2026-02-16 02:00:06]    Old backups cleaned (keeping last 7 days)
[2026-02-16 02:00:06] ==========================================
[2026-02-16 02:00:06] Backup completed successfully!
[2026-02-16 02:00:06] ==========================================
[2026-02-16 02:00:06]    Total backup size: 136M
[2026-02-16 02:00:06] ==========================================
[2026-02-16 03:00:01] [INFO] ========== Starting database backup ==========
[2026-02-16 03:00:01] [INFO] Backup time: 2026-02-16_03-00-01
[2026-02-16 03:00:01] [INFO] Project: /www/wwwroot/vitufinance.com
[2026-02-16 03:00:01] [INFO] Database: xie080886 @ 127.0.0.1:3306
[2026-02-16 03:00:01] [INFO] Creating database backup...
mysqldump: [Warning] Using a password on the command line interface can be insecure.
[2026-02-16 03:00:03] [INFO] Backup created: xie080886_2026-02-16.sql (77M)
[2026-02-16 03:00:03] [INFO] Compressing backup...
[2026-02-16 03:00:14] [INFO] Backup compressed: xie080886_2026-02-16.sql.gz (13M)
[2026-02-16 03:00:14] [INFO] Cleaning up old backups...
[2026-02-16 03:00:14] [INFO] Total backups retained: 3
[2026-02-16 03:00:14] [INFO] Pushing backup to Git repository...
[main fe8ae1a] 🗄️ Auto Backup: 2026-02-16
 2 files changed, 20 insertions(+)
 create mode 100644 backups/database/xie080886_2026-02-16.sql.gz
To github.com:gsyi5839-alt/https-vitufinance.com-.git
   f2fbe37..fe8ae1a  main -> main
[2026-02-16 03:00:46] [INFO] Successfully pushed to 'main' branch
[2026-02-16 03:00:46] [INFO] Git push completed successfully
[2026-02-16 03:00:46] [INFO] =========================================
[2026-02-16 03:00:46] [INFO] Backup Summary:
[2026-02-16 03:00:46] [INFO]   File: xie080886_2026-02-16.sql.gz
[2026-02-16 03:00:46] [INFO]   Size: 13M
[2026-02-16 03:00:46] [INFO]   Location: /www/wwwroot/vitufinance.com/backups/database
[2026-02-16 03:00:46] [INFO] ========== Backup completed successfully ==========
[2026-02-16 03:00:46] [INFO] 
[2026-02-17 02:00:01] ==========================================
[2026-02-17 02:00:01] Starting backup: vitufinance_backup_20260217_020001
[2026-02-17 02:00:01] ==========================================
[2026-02-17 02:00:01] 1. Backing up critical source files...
[2026-02-17 02:00:01]    Critical files backed up: /www/wwwroot/vitufinance.com/backups/critical/critical_20260217_020001.tar.gz
[2026-02-17 02:00:01] 2. Backing up database...
[2026-02-17 02:00:04]    Database backed up: /www/wwwroot/vitufinance.com/backups/daily/db_20260217_020001.sql.gz
[2026-02-17 02:00:04] 3. Generating file integrity hashes...
[2026-02-17 02:00:04]    Hashes saved: /www/wwwroot/vitufinance.com/backups/critical/hashes_20260217_020001.sha256
[2026-02-17 02:00:04] 4. Checking for git changes...
[2026-02-17 02:00:05]    Git commit created
[2026-02-17 02:00:05] 5. Cleaning up old backups...
[2026-02-17 02:00:05]    Old backups cleaned (keeping last 7 days)
[2026-02-17 02:00:05] ==========================================
[2026-02-17 02:00:05] Backup completed successfully!
[2026-02-17 02:00:05] ==========================================
[2026-02-17 02:00:05]    Total backup size: 139M
[2026-02-17 02:00:05] ==========================================
[2026-02-18 02:00:01] ==========================================
[2026-02-18 02:00:01] Starting backup: vitufinance_backup_20260218_020001
[2026-02-18 02:00:01] ==========================================
[2026-02-18 02:00:01] 1. Backing up critical source files...
[2026-02-18 02:00:01]    Critical files backed up: /www/wwwroot/vitufinance.com/backups/critical/critical_20260218_020001.tar.gz
[2026-02-18 02:00:01] 2. Backing up database...
[2026-02-18 02:00:05]    Database backed up: /www/wwwroot/vitufinance.com/backups/daily/db_20260218_020001.sql.gz
[2026-02-18 02:00:05] 3. Generating file integrity hashes...
[2026-02-18 02:00:05]    Hashes saved: /www/wwwroot/vitufinance.com/backups/critical/hashes_20260218_020001.sha256
[2026-02-18 02:00:05] 4. Checking for git changes...
[2026-02-18 02:00:05]    Git commit created
[2026-02-18 02:00:05] 5. Cleaning up old backups...
[2026-02-18 02:00:05]    Old backups cleaned (keeping last 7 days)
[2026-02-18 02:00:05] ==========================================
[2026-02-18 02:00:05] Backup completed successfully!
[2026-02-18 02:00:05] ==========================================
[2026-02-18 02:00:05]    Total backup size: 141M
[2026-02-18 02:00:05] ==========================================
[2026-02-19 02:00:01] ==========================================
[2026-02-19 02:00:01] Starting backup: vitufinance_backup_20260219_020001
[2026-02-19 02:00:01] ==========================================
[2026-02-19 02:00:01] 1. Backing up critical source files...
[2026-02-19 02:00:01]    Critical files backed up: /www/wwwroot/vitufinance.com/backups/critical/critical_20260219_020001.tar.gz
[2026-02-19 02:00:01] 2. Backing up database...
[2026-02-19 02:00:05]    Database backed up: /www/wwwroot/vitufinance.com/backups/daily/db_20260219_020001.sql.gz
[2026-02-19 02:00:05] 3. Generating file integrity hashes...
[2026-02-19 02:00:05]    Hashes saved: /www/wwwroot/vitufinance.com/backups/critical/hashes_20260219_020001.sha256
[2026-02-19 02:00:05] 4. Checking for git changes...
[2026-02-19 02:00:06]    Git commit created
[2026-02-19 02:00:06] 5. Cleaning up old backups...
[2026-02-19 02:00:06]    Old backups cleaned (keeping last 7 days)
[2026-02-19 02:00:06] ==========================================
[2026-02-19 02:00:06] Backup completed successfully!
[2026-02-19 02:00:06] ==========================================
[2026-02-19 02:00:06]    Total backup size: 143M
[2026-02-19 02:00:06] ==========================================
[2026-02-19 03:00:01] [INFO] ========== Starting database backup ==========
[2026-02-19 03:00:01] [INFO] Backup time: 2026-02-19_03-00-01
[2026-02-19 03:00:01] [INFO] Project: /www/wwwroot/vitufinance.com
[2026-02-19 03:00:01] [INFO] Database: xie080886 @ 127.0.0.1:3306
[2026-02-19 03:00:01] [INFO] Creating database backup...
mysqldump: [Warning] Using a password on the command line interface can be insecure.
[2026-02-19 03:00:04] [INFO] Backup created: xie080886_2026-02-19.sql (80M)
[2026-02-19 03:00:04] [INFO] Compressing backup...
[2026-02-19 03:00:15] [INFO] Backup compressed: xie080886_2026-02-19.sql.gz (13M)
[2026-02-19 03:00:15] [INFO] Cleaning up old backups...
[2026-02-19 03:00:15] [INFO] Total backups retained: 3
[2026-02-19 03:00:15] [INFO] Pushing backup to Git repository...
[main 795ed1d] 🗄️ Auto Backup: 2026-02-19
 2 files changed, 20 insertions(+)
 create mode 100644 backups/database/xie080886_2026-02-19.sql.gz
To github.com:gsyi5839-alt/https-vitufinance.com-.git
   33fc200..795ed1d  main -> main
[2026-02-19 03:00:41] [INFO] Successfully pushed to 'main' branch
[2026-02-19 03:00:41] [INFO] Git push completed successfully
[2026-02-19 03:00:41] [INFO] =========================================
[2026-02-19 03:00:41] [INFO] Backup Summary:
[2026-02-19 03:00:41] [INFO]   File: xie080886_2026-02-19.sql.gz
[2026-02-19 03:00:41] [INFO]   Size: 13M
[2026-02-19 03:00:41] [INFO]   Location: /www/wwwroot/vitufinance.com/backups/database
[2026-02-19 03:00:41] [INFO] ========== Backup completed successfully ==========
[2026-02-19 03:00:41] [INFO] 
[2026-02-20 02:00:01] ==========================================
[2026-02-20 02:00:01] Starting backup: vitufinance_backup_20260220_020001
[2026-02-20 02:00:01] ==========================================
[2026-02-20 02:00:01] 1. Backing up critical source files...
[2026-02-20 02:00:01]    Critical files backed up: /www/wwwroot/vitufinance.com/backups/critical/critical_20260220_020001.tar.gz
[2026-02-20 02:00:01] 2. Backing up database...
[2026-02-20 02:00:05]    Database backed up: /www/wwwroot/vitufinance.com/backups/daily/db_20260220_020001.sql.gz
[2026-02-20 02:00:05] 3. Generating file integrity hashes...
[2026-02-20 02:00:05]    Hashes saved: /www/wwwroot/vitufinance.com/backups/critical/hashes_20260220_020001.sha256
[2026-02-20 02:00:05] 4. Checking for git changes...
[2026-02-20 02:00:05]    Git commit created
[2026-02-20 02:00:05] 5. Cleaning up old backups...
[2026-02-20 02:00:05]    Old backups cleaned (keeping last 7 days)
[2026-02-20 02:00:05] ==========================================
[2026-02-20 02:00:05] Backup completed successfully!
[2026-02-20 02:00:05] ==========================================
[2026-02-20 02:00:05]    Total backup size: 147M
[2026-02-20 02:00:05] ==========================================
[2026-02-21 02:00:01] ==========================================
[2026-02-21 02:00:01] Starting backup: vitufinance_backup_20260221_020001
[2026-02-21 02:00:01] ==========================================
[2026-02-21 02:00:01] 1. Backing up critical source files...
[2026-02-21 02:00:01]    Critical files backed up: /www/wwwroot/vitufinance.com/backups/critical/critical_20260221_020001.tar.gz
[2026-02-21 02:00:01] 2. Backing up database...
[2026-02-21 02:00:04]    Database backed up: /www/wwwroot/vitufinance.com/backups/daily/db_20260221_020001.sql.gz
[2026-02-21 02:00:04] 3. Generating file integrity hashes...
[2026-02-21 02:00:04]    Hashes saved: /www/wwwroot/vitufinance.com/backups/critical/hashes_20260221_020001.sha256
[2026-02-21 02:00:04] 4. Checking for git changes...
[2026-02-21 02:00:05]    Git commit created
[2026-02-21 02:00:05] 5. Cleaning up old backups...
[2026-02-21 02:00:05]    Old backups cleaned (keeping last 7 days)
[2026-02-21 02:00:05] ==========================================
[2026-02-21 02:00:05] Backup completed successfully!
[2026-02-21 02:00:05] ==========================================
[2026-02-21 02:00:05]    Total backup size: 148M
[2026-02-21 02:00:05] ==========================================
[2026-02-22 02:00:01] ==========================================
[2026-02-22 02:00:01] Starting backup: vitufinance_backup_20260222_020001
[2026-02-22 02:00:01] ==========================================
[2026-02-22 02:00:01] 1. Backing up critical source files...
[2026-02-22 02:00:01]    Critical files backed up: /www/wwwroot/vitufinance.com/backups/critical/critical_20260222_020001.tar.gz
[2026-02-22 02:00:01] 2. Backing up database...
[2026-02-22 02:00:05]    Database backed up: /www/wwwroot/vitufinance.com/backups/daily/db_20260222_020001.sql.gz
[2026-02-22 02:00:05] 3. Generating file integrity hashes...
[2026-02-22 02:00:05]    Hashes saved: /www/wwwroot/vitufinance.com/backups/critical/hashes_20260222_020001.sha256
[2026-02-22 02:00:05] 4. Checking for git changes...
[2026-02-22 02:00:06]    Git commit created
[2026-02-22 02:00:06] 5. Cleaning up old backups...
[2026-02-22 02:00:06]    Old backups cleaned (keeping last 7 days)
[2026-02-22 02:00:06] ==========================================
[2026-02-22 02:00:06] Backup completed successfully!
[2026-02-22 02:00:06] ==========================================
[2026-02-22 02:00:06]    Total backup size: 150M
[2026-02-22 02:00:06] ==========================================
[2026-02-22 03:00:01] [INFO] ========== Starting database backup ==========
[2026-02-22 03:00:01] [INFO] Backup time: 2026-02-22_03-00-01
[2026-02-22 03:00:01] [INFO] Project: /www/wwwroot/vitufinance.com
[2026-02-22 03:00:01] [INFO] Database: xie080886 @ 127.0.0.1:3306
[2026-02-22 03:00:01] [INFO] Creating database backup...
mysqldump: [Warning] Using a password on the command line interface can be insecure.
[2026-02-22 03:00:03] [INFO] Backup created: xie080886_2026-02-22.sql (84M)
[2026-02-22 03:00:03] [INFO] Compressing backup...
[2026-02-22 03:00:14] [INFO] Backup compressed: xie080886_2026-02-22.sql.gz (14M)
[2026-02-22 03:00:14] [INFO] Cleaning up old backups...
[2026-02-22 03:00:14] [INFO] Total backups retained: 3
[2026-02-22 03:00:14] [INFO] Pushing backup to Git repository...
[main 115fc2d] 🗄️ Auto Backup: 2026-02-22
 2 files changed, 20 insertions(+)
 create mode 100644 backups/database/xie080886_2026-02-22.sql.gz
To github.com:gsyi5839-alt/https-vitufinance.com-.git
   795ed1d..115fc2d  main -> main
[2026-02-22 03:00:50] [INFO] Successfully pushed to 'main' branch
[2026-02-22 03:00:50] [INFO] Git push completed successfully
[2026-02-22 03:00:50] [INFO] =========================================
[2026-02-22 03:00:50] [INFO] Backup Summary:
[2026-02-22 03:00:50] [INFO]   File: xie080886_2026-02-22.sql.gz
[2026-02-22 03:00:50] [INFO]   Size: 14M
[2026-02-22 03:00:50] [INFO]   Location: /www/wwwroot/vitufinance.com/backups/database
[2026-02-22 03:00:50] [INFO] ========== Backup completed successfully ==========
[2026-02-22 03:00:50] [INFO] 
[2026-02-23 02:00:01] ==========================================
[2026-02-23 02:00:01] Starting backup: vitufinance_backup_20260223_020001
[2026-02-23 02:00:01] ==========================================
[2026-02-23 02:00:01] 1. Backing up critical source files...
[2026-02-23 02:00:01]    Critical files backed up: /www/wwwroot/vitufinance.com/backups/critical/critical_20260223_020001.tar.gz
[2026-02-23 02:00:01] 2. Backing up database...
[2026-02-23 02:00:05]    Database backed up: /www/wwwroot/vitufinance.com/backups/daily/db_20260223_020001.sql.gz
[2026-02-23 02:00:05] 3. Generating file integrity hashes...
[2026-02-23 02:00:05]    Hashes saved: /www/wwwroot/vitufinance.com/backups/critical/hashes_20260223_020001.sha256
[2026-02-23 02:00:05] 4. Checking for git changes...
[2026-02-23 02:00:06]    Git commit created
[2026-02-23 02:00:06] 5. Cleaning up old backups...
[2026-02-23 02:00:06]    Old backups cleaned (keeping last 7 days)
[2026-02-23 02:00:06] ==========================================
[2026-02-23 02:00:06] Backup completed successfully!
[2026-02-23 02:00:06] ==========================================
[2026-02-23 02:00:06]    Total backup size: 154M
[2026-02-23 02:00:06] ==========================================
[2026-02-24 02:00:01] ==========================================
[2026-02-24 02:00:01] Starting backup: vitufinance_backup_20260224_020001
[2026-02-24 02:00:01] ==========================================
[2026-02-24 02:00:01] 1. Backing up critical source files...
[2026-02-24 02:00:01]    Critical files backed up: /www/wwwroot/vitufinance.com/backups/critical/critical_20260224_020001.tar.gz
[2026-02-24 02:00:01] 2. Backing up database...
[2026-02-24 02:00:05]    Database backed up: /www/wwwroot/vitufinance.com/backups/daily/db_20260224_020001.sql.gz
[2026-02-24 02:00:05] 3. Generating file integrity hashes...
[2026-02-24 02:00:05]    Hashes saved: /www/wwwroot/vitufinance.com/backups/critical/hashes_20260224_020001.sha256
[2026-02-24 02:00:05] 4. Checking for git changes...
[2026-02-24 02:00:06]    Git commit created
[2026-02-24 02:00:06] 5. Cleaning up old backups...
[2026-02-24 02:00:06]    Old backups cleaned (keeping last 7 days)
[2026-02-24 02:00:06] ==========================================
[2026-02-24 02:00:06] Backup completed successfully!
[2026-02-24 02:00:06] ==========================================
[2026-02-24 02:00:06]    Total backup size: 156M
[2026-02-24 02:00:06] ==========================================
[2026-02-25 02:00:01] ==========================================
[2026-02-25 02:00:01] Starting backup: vitufinance_backup_20260225_020001
[2026-02-25 02:00:01] ==========================================
[2026-02-25 02:00:01] 1. Backing up critical source files...
[2026-02-25 02:00:01]    Critical files backed up: /www/wwwroot/vitufinance.com/backups/critical/critical_20260225_020001.tar.gz
[2026-02-25 02:00:01] 2. Backing up database...
[2026-02-25 02:00:05]    Database backed up: /www/wwwroot/vitufinance.com/backups/daily/db_20260225_020001.sql.gz
[2026-02-25 02:00:05] 3. Generating file integrity hashes...
[2026-02-25 02:00:05]    Hashes saved: /www/wwwroot/vitufinance.com/backups/critical/hashes_20260225_020001.sha256
[2026-02-25 02:00:05] 4. Checking for git changes...
[2026-02-25 02:00:06]    Git commit created
[2026-02-25 02:00:06] 5. Cleaning up old backups...
[2026-02-25 02:00:06]    Old backups cleaned (keeping last 7 days)
[2026-02-25 02:00:06] ==========================================
[2026-02-25 02:00:06] Backup completed successfully!
[2026-02-25 02:00:06] ==========================================
[2026-02-25 02:00:06]    Total backup size: 157M
[2026-02-25 02:00:06] ==========================================
[2026-02-25 03:00:01] [INFO] ========== Starting database backup ==========
[2026-02-25 03:00:01] [INFO] Backup time: 2026-02-25_03-00-01
[2026-02-25 03:00:01] [INFO] Project: /www/wwwroot/vitufinance.com
[2026-02-25 03:00:01] [INFO] Database: xie080886 @ 127.0.0.1:3306
[2026-02-25 03:00:01] [INFO] Creating database backup...
mysqldump: [Warning] Using a password on the command line interface can be insecure.
[2026-02-25 03:00:03] [INFO] Backup created: xie080886_2026-02-25.sql (89M)
[2026-02-25 03:00:03] [INFO] Compressing backup...
[2026-02-25 03:00:15] [INFO] Backup compressed: xie080886_2026-02-25.sql.gz (15M)
[2026-02-25 03:00:15] [INFO] Cleaning up old backups...
[2026-02-25 03:00:15] [INFO] Total backups retained: 3
[2026-02-25 03:00:15] [INFO] Pushing backup to Git repository...
[main fafe310] 🗄️ Auto Backup: 2026-02-25
 2 files changed, 20 insertions(+)
 create mode 100644 backups/database/xie080886_2026-02-25.sql.gz
To github.com:gsyi5839-alt/https-vitufinance.com-.git
   115fc2d..fafe310  main -> main
[2026-02-25 03:00:52] [INFO] Successfully pushed to 'main' branch
[2026-02-25 03:00:52] [INFO] Git push completed successfully
[2026-02-25 03:00:52] [INFO] =========================================
[2026-02-25 03:00:52] [INFO] Backup Summary:
[2026-02-25 03:00:52] [INFO]   File: xie080886_2026-02-25.sql.gz
[2026-02-25 03:00:52] [INFO]   Size: 15M
[2026-02-25 03:00:52] [INFO]   Location: /www/wwwroot/vitufinance.com/backups/database
[2026-02-25 03:00:52] [INFO] ========== Backup completed successfully ==========
[2026-02-25 03:00:52] [INFO] 
[2026-02-26 02:00:01] ==========================================
[2026-02-26 02:00:01] Starting backup: vitufinance_backup_20260226_020001
[2026-02-26 02:00:01] ==========================================
[2026-02-26 02:00:01] 1. Backing up critical source files...
[2026-02-26 02:00:01]    Critical files backed up: /www/wwwroot/vitufinance.com/backups/critical/critical_20260226_020001.tar.gz
[2026-02-26 02:00:01] 2. Backing up database...
[2026-02-26 02:00:05]    Database backed up: /www/wwwroot/vitufinance.com/backups/daily/db_20260226_020001.sql.gz
[2026-02-26 02:00:05] 3. Generating file integrity hashes...
[2026-02-26 02:00:05]    Hashes saved: /www/wwwroot/vitufinance.com/backups/critical/hashes_20260226_020001.sha256
[2026-02-26 02:00:05] 4. Checking for git changes...
[2026-02-26 02:00:06]    Git commit created
[2026-02-26 02:00:06] 5. Cleaning up old backups...
[2026-02-26 02:00:06]    Old backups cleaned (keeping last 7 days)
[2026-02-26 02:00:06] ==========================================
[2026-02-26 02:00:06] Backup completed successfully!
[2026-02-26 02:00:06] ==========================================
[2026-02-26 02:00:06]    Total backup size: 161M
[2026-02-26 02:00:06] ==========================================
[2026-02-27 02:00:01] ==========================================
[2026-02-27 02:00:01] Starting backup: vitufinance_backup_20260227_020001
[2026-02-27 02:00:01] ==========================================
[2026-02-27 02:00:01] 1. Backing up critical source files...
[2026-02-27 02:00:01]    Critical files backed up: /www/wwwroot/vitufinance.com/backups/critical/critical_20260227_020001.tar.gz
[2026-02-27 02:00:01] 2. Backing up database...
[2026-02-27 02:00:05]    Database backed up: /www/wwwroot/vitufinance.com/backups/daily/db_20260227_020001.sql.gz
[2026-02-27 02:00:05] 3. Generating file integrity hashes...
[2026-02-27 02:00:05]    Hashes saved: /www/wwwroot/vitufinance.com/backups/critical/hashes_20260227_020001.sha256
[2026-02-27 02:00:05] 4. Checking for git changes...
[2026-02-27 02:00:06]    Git commit created
[2026-02-27 02:00:06] 5. Cleaning up old backups...
[2026-02-27 02:00:06]    Old backups cleaned (keeping last 7 days)
[2026-02-27 02:00:06] ==========================================
[2026-02-27 02:00:06] Backup completed successfully!
[2026-02-27 02:00:06] ==========================================
[2026-02-27 02:00:06]    Total backup size: 163M
[2026-02-27 02:00:06] ==========================================
[2026-02-28 02:00:01] ==========================================
[2026-02-28 02:00:01] Starting backup: vitufinance_backup_20260228_020001
[2026-02-28 02:00:01] ==========================================
[2026-02-28 02:00:01] 1. Backing up critical source files...
[2026-02-28 02:00:01]    Critical files backed up: /www/wwwroot/vitufinance.com/backups/critical/critical_20260228_020001.tar.gz
[2026-02-28 02:00:01] 2. Backing up database...
[2026-02-28 02:00:05]    Database backed up: /www/wwwroot/vitufinance.com/backups/daily/db_20260228_020001.sql.gz
[2026-02-28 02:00:05] 3. Generating file integrity hashes...
[2026-02-28 02:00:05]    Hashes saved: /www/wwwroot/vitufinance.com/backups/critical/hashes_20260228_020001.sha256
[2026-02-28 02:00:05] 4. Checking for git changes...
[2026-02-28 02:00:06]    Git commit created
[2026-02-28 02:00:06] 5. Cleaning up old backups...
[2026-02-28 02:00:06]    Old backups cleaned (keeping last 7 days)
[2026-02-28 02:00:06] ==========================================
[2026-02-28 02:00:06] Backup completed successfully!
[2026-02-28 02:00:06] ==========================================
[2026-02-28 02:00:06]    Total backup size: 165M
[2026-02-28 02:00:06] ==========================================
[2026-02-28 03:00:01] [INFO] ========== Starting database backup ==========
[2026-02-28 03:00:01] [INFO] Backup time: 2026-02-28_03-00-01
[2026-02-28 03:00:01] [INFO] Project: /www/wwwroot/vitufinance.com
[2026-02-28 03:00:02] [INFO] Database: xie080886 @ 127.0.0.1:3306
[2026-02-28 03:00:02] [INFO] Creating database backup...
mysqldump: [Warning] Using a password on the command line interface can be insecure.
[2026-02-28 03:00:04] [INFO] Backup created: xie080886_2026-02-28.sql (93M)
[2026-02-28 03:00:04] [INFO] Compressing backup...
[2026-02-28 03:00:16] [INFO] Backup compressed: xie080886_2026-02-28.sql.gz (15M)
[2026-02-28 03:00:16] [INFO] Cleaning up old backups...
[2026-02-28 03:00:16] [INFO] Total backups retained: 3
[2026-02-28 03:00:16] [INFO] Pushing backup to Git repository...
[main 10ddf5c2] 🗄️ Auto Backup: 2026-02-28
 2 files changed, 12 insertions(+)
 create mode 100644 backups/database/xie080886_2026-02-28.sql.gz
To github.com:gsyi5839-alt/https-vitufinance.com-.git
   85665190..10ddf5c2  main -> main
[2026-02-28 03:00:30] [INFO] Successfully pushed to 'main' branch
[2026-02-28 03:00:30] [INFO] Git push completed successfully
[2026-02-28 03:00:30] [INFO] =========================================
[2026-02-28 03:00:30] [INFO] Backup Summary:
[2026-02-28 03:00:30] [INFO]   File: xie080886_2026-02-28.sql.gz
[2026-02-28 03:00:30] [INFO]   Size: 15M
[2026-02-28 03:00:30] [INFO]   Location: /www/wwwroot/vitufinance.com/backups/database
[2026-02-28 03:00:30] [INFO] ========== Backup completed successfully ==========
[2026-02-28 03:00:30] [INFO] 
[2026-03-01 02:00:01] ==========================================
[2026-03-01 02:00:01] Starting backup: vitufinance_backup_20260301_020001
[2026-03-01 02:00:01] ==========================================
[2026-03-01 02:00:01] 1. Backing up critical source files...
[2026-03-01 02:00:01]    Critical files backed up: /www/wwwroot/vitufinance.com/backups/critical/critical_20260301_020001.tar.gz
[2026-03-01 02:00:01] 2. Backing up database...
[2026-03-01 02:00:05]    Database backed up: /www/wwwroot/vitufinance.com/backups/daily/db_20260301_020001.sql.gz
[2026-03-01 02:00:05] 3. Generating file integrity hashes...
[2026-03-01 02:00:05]    Hashes saved: /www/wwwroot/vitufinance.com/backups/critical/hashes_20260301_020001.sha256
[2026-03-01 02:00:05] 4. Checking for git changes...
[2026-03-01 02:00:06]    Git commit created
[2026-03-01 02:00:06] 5. Cleaning up old backups...
[2026-03-01 02:00:06]    Old backups cleaned (keeping last 7 days)
[2026-03-01 02:00:06] ==========================================
[2026-03-01 02:00:06] Backup completed successfully!
[2026-03-01 02:00:06] ==========================================
[2026-03-01 02:00:06]    Total backup size: 169M
[2026-03-01 02:00:06] ==========================================
[2026-03-01 03:00:01] [INFO] ========== Starting database backup ==========
[2026-03-01 03:00:01] [INFO] Backup time: 2026-03-01_03-00-01
[2026-03-01 03:00:01] [INFO] Project: /www/wwwroot/vitufinance.com
[2026-03-01 03:00:01] [INFO] Database: xie080886 @ 127.0.0.1:3306
[2026-03-01 03:00:01] [INFO] Creating database backup...
mysqldump: [Warning] Using a password on the command line interface can be insecure.
[2026-03-01 03:00:03] [INFO] Backup created: xie080886_2026-03-01.sql (94M)
[2026-03-01 03:00:03] [INFO] Compressing backup...
[2026-03-01 03:00:16] [INFO] Backup compressed: xie080886_2026-03-01.sql.gz (15M)
[2026-03-01 03:00:16] [INFO] Cleaning up old backups...
[2026-03-01 03:00:16] [INFO] Total backups retained: 4
[2026-03-01 03:00:16] [INFO] Pushing backup to Git repository...
[main 709a6044] 🗄️ Auto Backup: 2026-03-01
 2 files changed, 20 insertions(+)
 create mode 100644 backups/database/xie080886_2026-03-01.sql.gz
To github.com:gsyi5839-alt/https-vitufinance.com-.git
   10ddf5c2..709a6044  main -> main
[2026-03-01 03:00:38] [INFO] Successfully pushed to 'main' branch
[2026-03-01 03:00:38] [INFO] Git push completed successfully
[2026-03-01 03:00:38] [INFO] =========================================
[2026-03-01 03:00:38] [INFO] Backup Summary:
[2026-03-01 03:00:38] [INFO]   File: xie080886_2026-03-01.sql.gz
[2026-03-01 03:00:38] [INFO]   Size: 15M
[2026-03-01 03:00:38] [INFO]   Location: /www/wwwroot/vitufinance.com/backups/database
[2026-03-01 03:00:38] [INFO] ========== Backup completed successfully ==========
[2026-03-01 03:00:38] [INFO] 
[2026-03-02 02:00:01] ==========================================
[2026-03-02 02:00:01] Starting backup: vitufinance_backup_20260302_020001
[2026-03-02 02:00:01] ==========================================
[2026-03-02 02:00:01] 1. Backing up critical source files...
[2026-03-02 02:00:01]    Critical files backed up: /www/wwwroot/vitufinance.com/backups/critical/critical_20260302_020001.tar.gz
[2026-03-02 02:00:01] 2. Backing up database...
[2026-03-02 02:00:05]    Database backed up: /www/wwwroot/vitufinance.com/backups/daily/db_20260302_020001.sql.gz
[2026-03-02 02:00:05] 3. Generating file integrity hashes...
[2026-03-02 02:00:06]    Hashes saved: /www/wwwroot/vitufinance.com/backups/critical/hashes_20260302_020001.sha256
[2026-03-02 02:00:06] 4. Checking for git changes...
[2026-03-02 02:00:07]    Git commit created
[2026-03-02 02:00:07] 5. Cleaning up old backups...
[2026-03-02 02:00:07]    Old backups cleaned (keeping last 7 days)
[2026-03-02 02:00:07] ==========================================
[2026-03-02 02:00:07] Backup completed successfully!
[2026-03-02 02:00:07] ==========================================
[2026-03-02 02:00:07]    Total backup size: 185M
[2026-03-02 02:00:07] ==========================================
[2026-03-03 02:00:01] ==========================================
[2026-03-03 02:00:01] Starting backup: vitufinance_backup_20260303_020001
[2026-03-03 02:00:01] ==========================================
[2026-03-03 02:00:01] 1. Backing up critical source files...
[2026-03-03 02:00:01]    Critical files backed up: /www/wwwroot/vitufinance.com/backups/critical/critical_20260303_020001.tar.gz
[2026-03-03 02:00:01] 2. Backing up database...
[2026-03-03 02:00:05]    Database backed up: /www/wwwroot/vitufinance.com/backups/daily/db_20260303_020001.sql.gz
[2026-03-03 02:00:05] 3. Generating file integrity hashes...
[2026-03-03 02:00:05]    Hashes saved: /www/wwwroot/vitufinance.com/backups/critical/hashes_20260303_020001.sha256
[2026-03-03 02:00:05] 4. Checking for git changes...
[2026-03-03 02:00:06]    Git commit created
[2026-03-03 02:00:06] 5. Cleaning up old backups...
[2026-03-03 02:00:06]    Old backups cleaned (keeping last 7 days)
[2026-03-03 02:00:06] ==========================================
[2026-03-03 02:00:06] Backup completed successfully!
[2026-03-03 02:00:06] ==========================================
[2026-03-03 02:00:06]    Total backup size: 187M
[2026-03-03 02:00:06] ==========================================
[2026-03-04 02:00:01] ==========================================
[2026-03-04 02:00:01] Starting backup: vitufinance_backup_20260304_020001
[2026-03-04 02:00:01] ==========================================
[2026-03-04 02:00:01] 1. Backing up critical source files...
[2026-03-04 02:00:01]    Critical files backed up: /www/wwwroot/vitufinance.com/backups/critical/critical_20260304_020001.tar.gz
[2026-03-04 02:00:01] 2. Backing up database...
[2026-03-04 02:00:05]    Database backed up: /www/wwwroot/vitufinance.com/backups/daily/db_20260304_020001.sql.gz
[2026-03-04 02:00:05] 3. Generating file integrity hashes...
[2026-03-04 02:00:06]    Hashes saved: /www/wwwroot/vitufinance.com/backups/critical/hashes_20260304_020001.sha256
[2026-03-04 02:00:06] 4. Checking for git changes...
[2026-03-04 02:00:07]    Git commit created
[2026-03-04 02:00:07] 5. Cleaning up old backups...
[2026-03-04 02:00:07]    Old backups cleaned (keeping last 7 days)
[2026-03-04 02:00:07] ==========================================
[2026-03-04 02:00:07] Backup completed successfully!
[2026-03-04 02:00:07] ==========================================
[2026-03-04 02:00:07]    Total backup size: 189M
[2026-03-04 02:00:07] ==========================================
[2026-03-04 03:00:01] [INFO] ========== Starting database backup ==========
[2026-03-04 03:00:01] [INFO] Backup time: 2026-03-04_03-00-01
[2026-03-04 03:00:01] [INFO] Project: /www/wwwroot/vitufinance.com
[2026-03-04 03:00:01] [INFO] Database: xie080886 @ 127.0.0.1:3306
[2026-03-04 03:00:01] [INFO] Creating database backup...
mysqldump: [Warning] Using a password on the command line interface can be insecure.
[2026-03-04 03:00:03] [INFO] Backup created: xie080886_2026-03-04.sql (98M)
[2026-03-04 03:00:03] [INFO] Compressing backup...
[2026-03-04 03:00:17] [INFO] Backup compressed: xie080886_2026-03-04.sql.gz (16M)
[2026-03-04 03:00:17] [INFO] Cleaning up old backups...
[2026-03-04 03:00:17] [INFO] Total backups retained: 4
[2026-03-04 03:00:17] [INFO] Pushing backup to Git repository...
[main 82fdc294] 🗄️ Auto Backup: 2026-03-04
 2 files changed, 20 insertions(+)
 create mode 100644 backups/database/xie080886_2026-03-04.sql.gz
ERROR: internal error performing authentication
fatal: Could not read from remote repository.

Please make sure you have the correct access rights
and the repository exists.
error: src refspec master does not match any
error: failed to push some refs to 'github.com:gsyi5839-alt/https-vitufinance.com-.git'
[2026-03-04 03:00:22] [ERROR] Failed to push to Git repository
[2026-03-04 03:00:22] [WARN] Git push failed, backup saved locally
[2026-03-04 03:00:22] [INFO] =========================================
[2026-03-04 03:00:22] [INFO] Backup Summary:
[2026-03-04 03:00:22] [INFO]   File: xie080886_2026-03-04.sql.gz
[2026-03-04 03:00:22] [INFO]   Size: 16M
[2026-03-04 03:00:22] [INFO]   Location: /www/wwwroot/vitufinance.com/backups/database
[2026-03-04 03:00:22] [INFO] ========== Backup completed successfully ==========
[2026-03-04 03:00:22] [INFO] 
[2026-03-05 02:00:02] ==========================================
[2026-03-05 02:00:02] Starting backup: vitufinance_backup_20260305_020001
[2026-03-05 02:00:02] ==========================================
[2026-03-05 02:00:02] 1. Backing up critical source files...
[2026-03-05 02:00:02]    Critical files backed up: /www/wwwroot/vitufinance.com/backups/critical/critical_20260305_020001.tar.gz
[2026-03-05 02:00:02] 2. Backing up database...
[2026-03-05 02:00:06]    Database backed up: /www/wwwroot/vitufinance.com/backups/daily/db_20260305_020001.sql.gz
[2026-03-05 02:00:06] 3. Generating file integrity hashes...
[2026-03-05 02:00:06]    Hashes saved: /www/wwwroot/vitufinance.com/backups/critical/hashes_20260305_020001.sha256
[2026-03-05 02:00:06] 4. Checking for git changes...
[2026-03-05 02:00:07]    Git commit created
[2026-03-05 02:00:07] 5. Cleaning up old backups...
[2026-03-05 02:00:07]    Old backups cleaned (keeping last 7 days)
[2026-03-05 02:00:07] ==========================================
[2026-03-05 02:00:07] Backup completed successfully!
[2026-03-05 02:00:07] ==========================================
[2026-03-05 02:00:07]    Total backup size: 193M
[2026-03-05 02:00:07] ==========================================
[2026-03-06 02:00:01] ==========================================
[2026-03-06 02:00:01] Starting backup: vitufinance_backup_20260306_020001
[2026-03-06 02:00:01] ==========================================
[2026-03-06 02:00:01] 1. Backing up critical source files...
[2026-03-06 02:00:01]    Critical files backed up: /www/wwwroot/vitufinance.com/backups/critical/critical_20260306_020001.tar.gz
[2026-03-06 02:00:01] 2. Backing up database...
[2026-03-06 02:00:05]    Database backed up: /www/wwwroot/vitufinance.com/backups/daily/db_20260306_020001.sql.gz
[2026-03-06 02:00:05] 3. Generating file integrity hashes...
[2026-03-06 02:00:05]    Hashes saved: /www/wwwroot/vitufinance.com/backups/critical/hashes_20260306_020001.sha256
[2026-03-06 02:00:05] 4. Checking for git changes...
[2026-03-06 02:00:07]    Git commit created
[2026-03-06 02:00:07] 5. Cleaning up old backups...
[2026-03-06 02:00:07]    Old backups cleaned (keeping last 7 days)
[2026-03-06 02:00:07] ==========================================
[2026-03-06 02:00:07] Backup completed successfully!
[2026-03-06 02:00:07] ==========================================
[2026-03-06 02:00:07]    Total backup size: 195M
[2026-03-06 02:00:07] ==========================================
[2026-03-07 02:00:01] ==========================================
[2026-03-07 02:00:01] Starting backup: vitufinance_backup_20260307_020001
[2026-03-07 02:00:01] ==========================================
[2026-03-07 02:00:01] 1. Backing up critical source files...
[2026-03-07 02:00:01]    Critical files backed up: /www/wwwroot/vitufinance.com/backups/critical/critical_20260307_020001.tar.gz
[2026-03-07 02:00:01] 2. Backing up database...
[2026-03-07 02:00:06]    Database backed up: /www/wwwroot/vitufinance.com/backups/daily/db_20260307_020001.sql.gz
[2026-03-07 02:00:06] 3. Generating file integrity hashes...
[2026-03-07 02:00:06]    Hashes saved: /www/wwwroot/vitufinance.com/backups/critical/hashes_20260307_020001.sha256
[2026-03-07 02:00:06] 4. Checking for git changes...
[2026-03-07 02:00:08]    Git commit created
[2026-03-07 02:00:08] 5. Cleaning up old backups...
[2026-03-07 02:00:08]    Old backups cleaned (keeping last 7 days)
[2026-03-07 02:00:08] ==========================================
[2026-03-07 02:00:08] Backup completed successfully!
[2026-03-07 02:00:08] ==========================================
[2026-03-07 02:00:08]    Total backup size: 197M
[2026-03-07 02:00:08] ==========================================
[2026-03-07 03:00:01] [INFO] ========== Starting database backup ==========
[2026-03-07 03:00:01] [INFO] Backup time: 2026-03-07_03-00-01
[2026-03-07 03:00:01] [INFO] Project: /www/wwwroot/vitufinance.com
[2026-03-07 03:00:01] [INFO] Database: xie080886 @ 127.0.0.1:3306
[2026-03-07 03:00:01] [INFO] Creating database backup...
mysqldump: [Warning] Using a password on the command line interface can be insecure.
[2026-03-07 03:00:04] [INFO] Backup created: xie080886_2026-03-07.sql (102M)
[2026-03-07 03:00:04] [INFO] Compressing backup...
[2026-03-07 03:00:17] [INFO] Backup compressed: xie080886_2026-03-07.sql.gz (17M)
[2026-03-07 03:00:17] [INFO] Cleaning up old backups...
[2026-03-07 03:00:17] [INFO] Total backups retained: 4
[2026-03-07 03:00:17] [INFO] Pushing backup to Git repository...
[main 2b2d73a4] 🗄️ Auto Backup: 2026-03-07
 2 files changed, 20 insertions(+)
 create mode 100644 backups/database/xie080886_2026-03-07.sql.gz
To github.com:gsyi5839-alt/https-vitufinance.com-.git
   709a6044..2b2d73a4  main -> main
[2026-03-07 03:01:46] [INFO] Successfully pushed to 'main' branch
[2026-03-07 03:01:46] [INFO] Git push completed successfully
[2026-03-07 03:01:46] [INFO] =========================================
[2026-03-07 03:01:46] [INFO] Backup Summary:
[2026-03-07 03:01:46] [INFO]   File: xie080886_2026-03-07.sql.gz
[2026-03-07 03:01:46] [INFO]   Size: 17M
[2026-03-07 03:01:46] [INFO]   Location: /www/wwwroot/vitufinance.com/backups/database
[2026-03-07 03:01:46] [INFO] ========== Backup completed successfully ==========
[2026-03-07 03:01:46] [INFO] 
[2026-03-08 02:00:01] ==========================================
[2026-03-08 02:00:01] Starting backup: vitufinance_backup_20260308_020001
[2026-03-08 02:00:01] ==========================================
[2026-03-08 02:00:01] 1. Backing up critical source files...
[2026-03-08 02:00:01]    Critical files backed up: /www/wwwroot/vitufinance.com/backups/critical/critical_20260308_020001.tar.gz
[2026-03-08 02:00:01] 2. Backing up database...
[2026-03-08 02:00:06]    Database backed up: /www/wwwroot/vitufinance.com/backups/daily/db_20260308_020001.sql.gz
[2026-03-08 02:00:06] 3. Generating file integrity hashes...
[2026-03-08 02:00:06]    Hashes saved: /www/wwwroot/vitufinance.com/backups/critical/hashes_20260308_020001.sha256
[2026-03-08 02:00:06] 4. Checking for git changes...
[2026-03-08 02:00:07]    Git commit created
[2026-03-08 02:00:07] 5. Cleaning up old backups...
[2026-03-08 02:00:07]    Old backups cleaned (keeping last 7 days)
[2026-03-08 02:00:07] ==========================================
[2026-03-08 02:00:07] Backup completed successfully!
[2026-03-08 02:00:07] ==========================================
[2026-03-08 02:00:07]    Total backup size: 200M
[2026-03-08 02:00:07] ==========================================
[2026-03-09 02:00:01] ==========================================
[2026-03-09 02:00:01] Starting backup: vitufinance_backup_20260309_020001
[2026-03-09 02:00:01] ==========================================
[2026-03-09 02:00:01] 1. Backing up critical source files...
[2026-03-09 02:00:01]    Critical files backed up: /www/wwwroot/vitufinance.com/backups/critical/critical_20260309_020001.tar.gz
[2026-03-09 02:00:01] 2. Backing up database...
[2026-03-09 02:00:05]    Database backed up: /www/wwwroot/vitufinance.com/backups/daily/db_20260309_020001.sql.gz
[2026-03-09 02:00:05] 3. Generating file integrity hashes...
[2026-03-09 02:00:05]    Hashes saved: /www/wwwroot/vitufinance.com/backups/critical/hashes_20260309_020001.sha256
[2026-03-09 02:00:05] 4. Checking for git changes...
[2026-03-09 02:00:06]    Git commit created
[2026-03-09 02:00:06] 5. Cleaning up old backups...
[2026-03-09 02:00:07]    Old backups cleaned (keeping last 7 days)
[2026-03-09 02:00:07] ==========================================
[2026-03-09 02:00:07] Backup completed successfully!
[2026-03-09 02:00:07] ==========================================
[2026-03-09 02:00:07]    Total backup size: 202M
[2026-03-09 02:00:07] ==========================================
[2026-03-10 02:00:01] ==========================================
[2026-03-10 02:00:01] Starting backup: vitufinance_backup_20260310_020001
[2026-03-10 02:00:01] ==========================================
[2026-03-10 02:00:01] 1. Backing up critical source files...
[2026-03-10 02:00:01]    Critical files backed up: /www/wwwroot/vitufinance.com/backups/critical/critical_20260310_020001.tar.gz
[2026-03-10 02:00:01] 2. Backing up database...
[2026-03-10 02:00:05]    Database backed up: /www/wwwroot/vitufinance.com/backups/daily/db_20260310_020001.sql.gz
[2026-03-10 02:00:05] 3. Generating file integrity hashes...
[2026-03-10 02:00:05]    Hashes saved: /www/wwwroot/vitufinance.com/backups/critical/hashes_20260310_020001.sha256
[2026-03-10 02:00:05] 4. Checking for git changes...
[2026-03-10 02:00:06]    Git commit created
[2026-03-10 02:00:06] 5. Cleaning up old backups...
[2026-03-10 02:00:06]    Old backups cleaned (keeping last 7 days)
[2026-03-10 02:00:06] ==========================================
[2026-03-10 02:00:06] Backup completed successfully!
[2026-03-10 02:00:06] ==========================================
[2026-03-10 02:00:06]    Total backup size: 204M
[2026-03-10 02:00:06] ==========================================
[2026-03-10 03:00:01] [INFO] ========== Starting database backup ==========
[2026-03-10 03:00:01] [INFO] Backup time: 2026-03-10_03-00-01
[2026-03-10 03:00:01] [INFO] Project: /www/wwwroot/vitufinance.com
[2026-03-10 03:00:01] [INFO] Database: xie080886 @ 127.0.0.1:3306
[2026-03-10 03:00:01] [INFO] Creating database backup...
mysqldump: [Warning] Using a password on the command line interface can be insecure.
[2026-03-10 03:00:03] [INFO] Backup created: xie080886_2026-03-10.sql (105M)
[2026-03-10 03:00:03] [INFO] Compressing backup...
[2026-03-10 03:00:17] [INFO] Backup compressed: xie080886_2026-03-10.sql.gz (17M)
[2026-03-10 03:00:17] [INFO] Cleaning up old backups...
[2026-03-10 03:00:17] [INFO] Total backups retained: 3
[2026-03-10 03:00:17] [INFO] Pushing backup to Git repository...
[main afcb48ef] 🗄️ Auto Backup: 2026-03-10
 2 files changed, 20 insertions(+)
 create mode 100644 backups/database/xie080886_2026-03-10.sql.gz
To github.com:gsyi5839-alt/https-vitufinance.com-.git
   2b2d73a4..afcb48ef  main -> main
[2026-03-10 03:01:01] [INFO] Successfully pushed to 'main' branch
[2026-03-10 03:01:01] [INFO] Git push completed successfully
[2026-03-10 03:01:01] [INFO] =========================================
[2026-03-10 03:01:01] [INFO] Backup Summary:
[2026-03-10 03:01:01] [INFO]   File: xie080886_2026-03-10.sql.gz
[2026-03-10 03:01:01] [INFO]   Size: 17M
[2026-03-10 03:01:01] [INFO]   Location: /www/wwwroot/vitufinance.com/backups/database
[2026-03-10 03:01:01] [INFO] ========== Backup completed successfully ==========
[2026-03-10 03:01:01] [INFO] 
[2026-03-11 02:00:01] ==========================================
[2026-03-11 02:00:01] Starting backup: vitufinance_backup_20260311_020001
[2026-03-11 02:00:01] ==========================================
[2026-03-11 02:00:01] 1. Backing up critical source files...
[2026-03-11 02:00:01]    Critical files backed up: /www/wwwroot/vitufinance.com/backups/critical/critical_20260311_020001.tar.gz
[2026-03-11 02:00:01] 2. Backing up database...
[2026-03-11 02:00:06]    Database backed up: /www/wwwroot/vitufinance.com/backups/daily/db_20260311_020001.sql.gz
[2026-03-11 02:00:06] 3. Generating file integrity hashes...
[2026-03-11 02:00:06]    Hashes saved: /www/wwwroot/vitufinance.com/backups/critical/hashes_20260311_020001.sha256
[2026-03-11 02:00:06] 4. Checking for git changes...
[2026-03-11 02:00:08]    Git commit created
[2026-03-11 02:00:08] 5. Cleaning up old backups...
[2026-03-11 02:00:08]    Old backups cleaned (keeping last 7 days)
[2026-03-11 02:00:08] ==========================================
[2026-03-11 02:00:08] Backup completed successfully!
[2026-03-11 02:00:08] ==========================================
[2026-03-11 02:00:08]    Total backup size: 193M
[2026-03-11 02:00:08] ==========================================
[2026-03-12 02:00:01] ==========================================
[2026-03-12 02:00:01] Starting backup: vitufinance_backup_20260312_020001
[2026-03-12 02:00:01] ==========================================
[2026-03-12 02:00:01] 1. Backing up critical source files...
[2026-03-12 02:00:01]    Critical files backed up: /www/wwwroot/vitufinance.com/backups/critical/critical_20260312_020001.tar.gz
[2026-03-12 02:00:01] 2. Backing up database...
[2026-03-12 02:00:05]    Database backed up: /www/wwwroot/vitufinance.com/backups/daily/db_20260312_020001.sql.gz
[2026-03-12 02:00:05] 3. Generating file integrity hashes...
[2026-03-12 02:00:05]    Hashes saved: /www/wwwroot/vitufinance.com/backups/critical/hashes_20260312_020001.sha256
[2026-03-12 02:00:05] 4. Checking for git changes...
[2026-03-12 02:00:07]    Git commit created
[2026-03-12 02:00:07] 5. Cleaning up old backups...
[2026-03-12 02:00:07]    Old backups cleaned (keeping last 7 days)
[2026-03-12 02:00:07] ==========================================
[2026-03-12 02:00:07] Backup completed successfully!
[2026-03-12 02:00:07] ==========================================
[2026-03-12 02:00:07]    Total backup size: 195M
[2026-03-12 02:00:07] ==========================================
[2026-03-13 02:00:01] ==========================================
[2026-03-13 02:00:01] Starting backup: vitufinance_backup_20260313_020001
[2026-03-13 02:00:01] ==========================================
[2026-03-13 02:00:01] 1. Backing up critical source files...
[2026-03-13 02:00:01]    Critical files backed up: /www/wwwroot/vitufinance.com/backups/critical/critical_20260313_020001.tar.gz
[2026-03-13 02:00:01] 2. Backing up database...
[2026-03-13 02:00:06]    Database backed up: /www/wwwroot/vitufinance.com/backups/daily/db_20260313_020001.sql.gz
[2026-03-13 02:00:06] 3. Generating file integrity hashes...
[2026-03-13 02:00:06]    Hashes saved: /www/wwwroot/vitufinance.com/backups/critical/hashes_20260313_020001.sha256
[2026-03-13 02:00:06] 4. Checking for git changes...
[2026-03-13 02:00:07]    Git commit created
[2026-03-13 02:00:07] 5. Cleaning up old backups...
[2026-03-13 02:00:07]    Old backups cleaned (keeping last 7 days)
[2026-03-13 02:00:07] ==========================================
[2026-03-13 02:00:07] Backup completed successfully!
[2026-03-13 02:00:07] ==========================================
[2026-03-13 02:00:07]    Total backup size: 196M
[2026-03-13 02:00:07] ==========================================
[2026-03-13 03:00:01] [INFO] ========== Starting database backup ==========
[2026-03-13 03:00:01] [INFO] Backup time: 2026-03-13_03-00-01
[2026-03-13 03:00:01] [INFO] Project: /www/wwwroot/vitufinance.com
[2026-03-13 03:00:01] [INFO] Database: xie080886 @ 127.0.0.1:3306
[2026-03-13 03:00:01] [INFO] Creating database backup...
mysqldump: [Warning] Using a password on the command line interface can be insecure.
[2026-03-13 03:00:03] [INFO] Backup created: xie080886_2026-03-13.sql (109M)
[2026-03-13 03:00:03] [INFO] Compressing backup...
[2026-03-13 03:00:18] [INFO] Backup compressed: xie080886_2026-03-13.sql.gz (18M)
[2026-03-13 03:00:18] [INFO] Cleaning up old backups...
[2026-03-13 03:00:18] [INFO] Total backups retained: 3
[2026-03-13 03:00:18] [INFO] Pushing backup to Git repository...
[main 4a6b36c4] 🗄️ Auto Backup: 2026-03-13
 2 files changed, 20 insertions(+)
 create mode 100644 backups/database/xie080886_2026-03-13.sql.gz
To github.com:gsyi5839-alt/https-vitufinance.com-.git
   afcb48ef..4a6b36c4  main -> main
[2026-03-13 03:01:03] [INFO] Successfully pushed to 'main' branch
[2026-03-13 03:01:03] [INFO] Git push completed successfully
[2026-03-13 03:01:03] [INFO] =========================================
[2026-03-13 03:01:03] [INFO] Backup Summary:
[2026-03-13 03:01:03] [INFO]   File: xie080886_2026-03-13.sql.gz
[2026-03-13 03:01:03] [INFO]   Size: 18M
[2026-03-13 03:01:03] [INFO]   Location: /www/wwwroot/vitufinance.com/backups/database
[2026-03-13 03:01:03] [INFO] ========== Backup completed successfully ==========
[2026-03-13 03:01:03] [INFO] 
[2026-03-14 02:00:01] ==========================================
[2026-03-14 02:00:01] Starting backup: vitufinance_backup_20260314_020001
[2026-03-14 02:00:01] ==========================================
[2026-03-14 02:00:01] 1. Backing up critical source files...
[2026-03-14 02:00:01]    Critical files backed up: /www/wwwroot/vitufinance.com/backups/critical/critical_20260314_020001.tar.gz
[2026-03-14 02:00:01] 2. Backing up database...
[2026-03-14 02:00:06]    Database backed up: /www/wwwroot/vitufinance.com/backups/daily/db_20260314_020001.sql.gz
[2026-03-14 02:00:06] 3. Generating file integrity hashes...
[2026-03-14 02:00:06]    Hashes saved: /www/wwwroot/vitufinance.com/backups/critical/hashes_20260314_020001.sha256
[2026-03-14 02:00:06] 4. Checking for git changes...
[2026-03-14 02:00:07]    Git commit created
[2026-03-14 02:00:07] 5. Cleaning up old backups...
[2026-03-14 02:00:07]    Old backups cleaned (keeping last 7 days)
[2026-03-14 02:00:07] ==========================================
[2026-03-14 02:00:07] Backup completed successfully!
[2026-03-14 02:00:07] ==========================================
[2026-03-14 02:00:07]    Total backup size: 200M
[2026-03-14 02:00:07] ==========================================
[2026-03-15 02:00:01] ==========================================
[2026-03-15 02:00:01] Starting backup: vitufinance_backup_20260315_020001
[2026-03-15 02:00:01] ==========================================
[2026-03-15 02:00:01] 1. Backing up critical source files...
[2026-03-15 02:00:01]    Critical files backed up: /www/wwwroot/vitufinance.com/backups/critical/critical_20260315_020001.tar.gz
[2026-03-15 02:00:01] 2. Backing up database...
[2026-03-15 02:00:06]    Database backed up: /www/wwwroot/vitufinance.com/backups/daily/db_20260315_020001.sql.gz
[2026-03-15 02:00:06] 3. Generating file integrity hashes...
[2026-03-15 02:00:06]    Hashes saved: /www/wwwroot/vitufinance.com/backups/critical/hashes_20260315_020001.sha256
[2026-03-15 02:00:06] 4. Checking for git changes...
[2026-03-15 02:00:07]    Git commit created
[2026-03-15 02:00:07] 5. Cleaning up old backups...
[2026-03-15 02:00:07]    Old backups cleaned (keeping last 7 days)
[2026-03-15 02:00:07] ==========================================
[2026-03-15 02:00:07] Backup completed successfully!
[2026-03-15 02:00:07] ==========================================
[2026-03-15 02:00:07]    Total backup size: 202M
[2026-03-15 02:00:07] ==========================================
[2026-03-16 02:00:01] ==========================================
[2026-03-16 02:00:01] Starting backup: vitufinance_backup_20260316_020001
[2026-03-16 02:00:01] ==========================================
[2026-03-16 02:00:01] 1. Backing up critical source files...
[2026-03-16 02:00:01]    Critical files backed up: /www/wwwroot/vitufinance.com/backups/critical/critical_20260316_020001.tar.gz
[2026-03-16 02:00:01] 2. Backing up database...
[2026-03-16 02:00:06]    Database backed up: /www/wwwroot/vitufinance.com/backups/daily/db_20260316_020001.sql.gz
[2026-03-16 02:00:06] 3. Generating file integrity hashes...
[2026-03-16 02:00:06]    Hashes saved: /www/wwwroot/vitufinance.com/backups/critical/hashes_20260316_020001.sha256
[2026-03-16 02:00:06] 4. Checking for git changes...
[2026-03-16 02:00:07]    Git commit created
[2026-03-16 02:00:07] 5. Cleaning up old backups...
[2026-03-16 02:00:07]    Old backups cleaned (keeping last 7 days)
[2026-03-16 02:00:07] ==========================================
[2026-03-16 02:00:07] Backup completed successfully!
[2026-03-16 02:00:07] ==========================================
[2026-03-16 02:00:07]    Total backup size: 203M
[2026-03-16 02:00:07] ==========================================
[2026-03-16 03:00:01] [INFO] ========== Starting database backup ==========
[2026-03-16 03:00:01] [INFO] Backup time: 2026-03-16_03-00-01
[2026-03-16 03:00:01] [INFO] Project: /www/wwwroot/vitufinance.com
[2026-03-16 03:00:01] [INFO] Database: xie080886 @ 127.0.0.1:3306
[2026-03-16 03:00:01] [INFO] Creating database backup...
mysqldump: [Warning] Using a password on the command line interface can be insecure.
[2026-03-16 03:00:03] [INFO] Backup created: xie080886_2026-03-16.sql (113M)
[2026-03-16 03:00:03] [INFO] Compressing backup...
[2026-03-16 03:00:19] [INFO] Backup compressed: xie080886_2026-03-16.sql.gz (19M)
[2026-03-16 03:00:19] [INFO] Cleaning up old backups...
[2026-03-16 03:00:19] [INFO] Total backups retained: 3
[2026-03-16 03:00:19] [INFO] Pushing backup to Git repository...
[main 3560e283] 🗄️ Auto Backup: 2026-03-16
 2 files changed, 20 insertions(+)
 create mode 100644 backups/database/xie080886_2026-03-16.sql.gz
To github.com:gsyi5839-alt/https-vitufinance.com-.git
   4a6b36c4..3560e283  main -> main
[2026-03-16 03:01:04] [INFO] Successfully pushed to 'main' branch
[2026-03-16 03:01:04] [INFO] Git push completed successfully
[2026-03-16 03:01:04] [INFO] =========================================
[2026-03-16 03:01:04] [INFO] Backup Summary:
[2026-03-16 03:01:04] [INFO]   File: xie080886_2026-03-16.sql.gz
[2026-03-16 03:01:04] [INFO]   Size: 19M
[2026-03-16 03:01:04] [INFO]   Location: /www/wwwroot/vitufinance.com/backups/database
[2026-03-16 03:01:04] [INFO] ========== Backup completed successfully ==========
[2026-03-16 03:01:04] [INFO] 
[2026-03-17 02:00:01] ==========================================
[2026-03-17 02:00:01] Starting backup: vitufinance_backup_20260317_020001
[2026-03-17 02:00:01] ==========================================
[2026-03-17 02:00:01] 1. Backing up critical source files...
[2026-03-17 02:00:01]    Critical files backed up: /www/wwwroot/vitufinance.com/backups/critical/critical_20260317_020001.tar.gz
[2026-03-17 02:00:01] 2. Backing up database...
[2026-03-17 02:00:06]    Database backed up: /www/wwwroot/vitufinance.com/backups/daily/db_20260317_020001.sql.gz
[2026-03-17 02:00:06] 3. Generating file integrity hashes...
[2026-03-17 02:00:06]    Hashes saved: /www/wwwroot/vitufinance.com/backups/critical/hashes_20260317_020001.sha256
[2026-03-17 02:00:06] 4. Checking for git changes...
[2026-03-17 02:00:08]    Git commit created
[2026-03-17 02:00:08] 5. Cleaning up old backups...
[2026-03-17 02:00:08]    Old backups cleaned (keeping last 7 days)
[2026-03-17 02:00:08] ==========================================
[2026-03-17 02:00:08] Backup completed successfully!
[2026-03-17 02:00:08] ==========================================
[2026-03-17 02:00:08]    Total backup size: 207M
[2026-03-17 02:00:08] ==========================================
[2026-03-18 02:00:01] ==========================================
[2026-03-18 02:00:01] Starting backup: vitufinance_backup_20260318_020001
[2026-03-18 02:00:01] ==========================================
[2026-03-18 02:00:01] 1. Backing up critical source files...
[2026-03-18 02:00:01]    Critical files backed up: /www/wwwroot/vitufinance.com/backups/critical/critical_20260318_020001.tar.gz
[2026-03-18 02:00:01] 2. Backing up database...
[2026-03-18 02:00:06]    Database backed up: /www/wwwroot/vitufinance.com/backups/daily/db_20260318_020001.sql.gz
[2026-03-18 02:00:06] 3. Generating file integrity hashes...
[2026-03-18 02:00:06]    Hashes saved: /www/wwwroot/vitufinance.com/backups/critical/hashes_20260318_020001.sha256
[2026-03-18 02:00:06] 4. Checking for git changes...
[2026-03-18 02:00:08]    Git commit created
[2026-03-18 02:00:08] 5. Cleaning up old backups...
[2026-03-18 02:00:08]    Old backups cleaned (keeping last 7 days)
[2026-03-18 02:00:08] ==========================================
[2026-03-18 02:00:08] Backup completed successfully!
[2026-03-18 02:00:08] ==========================================
[2026-03-18 02:00:08]    Total backup size: 209M
[2026-03-18 02:00:08] ==========================================
[2026-03-19 02:00:01] ==========================================
[2026-03-19 02:00:01] Starting backup: vitufinance_backup_20260319_020001
[2026-03-19 02:00:01] ==========================================
[2026-03-19 02:00:01] 1. Backing up critical source files...
[2026-03-19 02:00:01]    Critical files backed up: /www/wwwroot/vitufinance.com/backups/critical/critical_20260319_020001.tar.gz
[2026-03-19 02:00:01] 2. Backing up database...
[2026-03-19 02:00:06]    Database backed up: /www/wwwroot/vitufinance.com/backups/daily/db_20260319_020001.sql.gz
[2026-03-19 02:00:06] 3. Generating file integrity hashes...
[2026-03-19 02:00:06]    Hashes saved: /www/wwwroot/vitufinance.com/backups/critical/hashes_20260319_020001.sha256
[2026-03-19 02:00:06] 4. Checking for git changes...
[2026-03-19 02:00:08]    Git commit created
[2026-03-19 02:00:08] 5. Cleaning up old backups...
[2026-03-19 02:00:08]    Old backups cleaned (keeping last 7 days)
[2026-03-19 02:00:08] ==========================================
[2026-03-19 02:00:08] Backup completed successfully!
[2026-03-19 02:00:08] ==========================================
[2026-03-19 02:00:08]    Total backup size: 211M
[2026-03-19 02:00:08] ==========================================
[2026-03-19 03:00:01] [INFO] ========== Starting database backup ==========
[2026-03-19 03:00:01] [INFO] Backup time: 2026-03-19_03-00-01
[2026-03-19 03:00:01] [INFO] Project: /www/wwwroot/vitufinance.com
[2026-03-19 03:00:01] [INFO] Database: xie080886 @ 127.0.0.1:3306
[2026-03-19 03:00:01] [INFO] Creating database backup...
mysqldump: [Warning] Using a password on the command line interface can be insecure.
[2026-03-19 03:00:04] [INFO] Backup created: xie080886_2026-03-19.sql (116M)
[2026-03-19 03:00:04] [INFO] Compressing backup...
[2026-03-19 03:00:20] [INFO] Backup compressed: xie080886_2026-03-19.sql.gz (19M)
[2026-03-19 03:00:20] [INFO] Cleaning up old backups...
[2026-03-19 03:00:20] [INFO] Total backups retained: 3
[2026-03-19 03:00:20] [INFO] Pushing backup to Git repository...
[main f2f65fed] 🗄️ Auto Backup: 2026-03-19
 2 files changed, 20 insertions(+)
 create mode 100644 backups/database/xie080886_2026-03-19.sql.gz
To github.com:gsyi5839-alt/https-vitufinance.com-.git
   3560e283..f2f65fed  main -> main
[2026-03-19 03:01:06] [INFO] Successfully pushed to 'main' branch
[2026-03-19 03:01:06] [INFO] Git push completed successfully
[2026-03-19 03:01:06] [INFO] =========================================
[2026-03-19 03:01:06] [INFO] Backup Summary:
[2026-03-19 03:01:06] [INFO]   File: xie080886_2026-03-19.sql.gz
[2026-03-19 03:01:06] [INFO]   Size: 19M
[2026-03-19 03:01:06] [INFO]   Location: /www/wwwroot/vitufinance.com/backups/database
[2026-03-19 03:01:06] [INFO] ========== Backup completed successfully ==========
[2026-03-19 03:01:06] [INFO] 
[2026-03-20 02:00:01] ==========================================
[2026-03-20 02:00:01] Starting backup: vitufinance_backup_20260320_020001
[2026-03-20 02:00:01] ==========================================
[2026-03-20 02:00:01] 1. Backing up critical source files...
[2026-03-20 02:00:01]    Critical files backed up: /www/wwwroot/vitufinance.com/backups/critical/critical_20260320_020001.tar.gz
[2026-03-20 02:00:01] 2. Backing up database...
[2026-03-20 02:00:07]    Database backed up: /www/wwwroot/vitufinance.com/backups/daily/db_20260320_020001.sql.gz
[2026-03-20 02:00:07] 3. Generating file integrity hashes...
[2026-03-20 02:00:07]    Hashes saved: /www/wwwroot/vitufinance.com/backups/critical/hashes_20260320_020001.sha256
[2026-03-20 02:00:07] 4. Checking for git changes...
[2026-03-20 02:00:09]    Git commit created
[2026-03-20 02:00:09] 5. Cleaning up old backups...
[2026-03-20 02:00:09]    Old backups cleaned (keeping last 7 days)
[2026-03-20 02:00:09] ==========================================
[2026-03-20 02:00:09] Backup completed successfully!
[2026-03-20 02:00:09] ==========================================
[2026-03-20 02:00:09]    Total backup size: 214M
[2026-03-20 02:00:09] ==========================================
[2026-03-21 02:00:01] ==========================================
[2026-03-21 02:00:01] Starting backup: vitufinance_backup_20260321_020001
[2026-03-21 02:00:01] ==========================================
[2026-03-21 02:00:01] 1. Backing up critical source files...
[2026-03-21 02:00:01]    Critical files backed up: /www/wwwroot/vitufinance.com/backups/critical/critical_20260321_020001.tar.gz
[2026-03-21 02:00:01] 2. Backing up database...
[2026-03-21 02:00:07]    Database backed up: /www/wwwroot/vitufinance.com/backups/daily/db_20260321_020001.sql.gz
[2026-03-21 02:00:07] 3. Generating file integrity hashes...
[2026-03-21 02:00:07]    Hashes saved: /www/wwwroot/vitufinance.com/backups/critical/hashes_20260321_020001.sha256
[2026-03-21 02:00:07] 4. Checking for git changes...
[2026-03-21 02:00:08]    Git commit created
[2026-03-21 02:00:08] 5. Cleaning up old backups...
[2026-03-21 02:00:08]    Old backups cleaned (keeping last 7 days)
[2026-03-21 02:00:08] ==========================================
[2026-03-21 02:00:08] Backup completed successfully!
[2026-03-21 02:00:08] ==========================================
[2026-03-21 02:00:08]    Total backup size: 216M
[2026-03-21 02:00:08] ==========================================
[2026-03-22 02:00:01] ==========================================
[2026-03-22 02:00:01] Starting backup: vitufinance_backup_20260322_020001
[2026-03-22 02:00:01] ==========================================
[2026-03-22 02:00:01] 1. Backing up critical source files...
[2026-03-22 02:00:01]    Critical files backed up: /www/wwwroot/vitufinance.com/backups/critical/critical_20260322_020001.tar.gz
[2026-03-22 02:00:01] 2. Backing up database...
[2026-03-22 02:00:06]    Database backed up: /www/wwwroot/vitufinance.com/backups/daily/db_20260322_020001.sql.gz
[2026-03-22 02:00:06] 3. Generating file integrity hashes...
[2026-03-22 02:00:06]    Hashes saved: /www/wwwroot/vitufinance.com/backups/critical/hashes_20260322_020001.sha256
[2026-03-22 02:00:06] 4. Checking for git changes...
[2026-03-22 02:00:08]    Git commit created
[2026-03-22 02:00:08] 5. Cleaning up old backups...
[2026-03-22 02:00:08]    Old backups cleaned (keeping last 7 days)
[2026-03-22 02:00:08] ==========================================
[2026-03-22 02:00:08] Backup completed successfully!
[2026-03-22 02:00:08] ==========================================
[2026-03-22 02:00:08]    Total backup size: 218M
[2026-03-22 02:00:08] ==========================================
[2026-03-22 03:00:01] [INFO] ========== Starting database backup ==========
[2026-03-22 03:00:01] [INFO] Backup time: 2026-03-22_03-00-01
[2026-03-22 03:00:01] [INFO] Project: /www/wwwroot/vitufinance.com
[2026-03-22 03:00:01] [INFO] Database: xie080886 @ 127.0.0.1:3306
[2026-03-22 03:00:01] [INFO] Creating database backup...
mysqldump: [Warning] Using a password on the command line interface can be insecure.
[2026-03-22 03:00:03] [INFO] Backup created: xie080886_2026-03-22.sql (120M)
[2026-03-22 03:00:03] [INFO] Compressing backup...
[2026-03-22 03:00:20] [INFO] Backup compressed: xie080886_2026-03-22.sql.gz (20M)
[2026-03-22 03:00:20] [INFO] Cleaning up old backups...
[2026-03-22 03:00:20] [INFO] Total backups retained: 3
[2026-03-22 03:00:20] [INFO] Pushing backup to Git repository...
[main 5edf89fa] 🗄️ Auto Backup: 2026-03-22
 2 files changed, 20 insertions(+)
 create mode 100644 backups/database/xie080886_2026-03-22.sql.gz
To github.com:gsyi5839-alt/https-vitufinance.com-.git
   f2f65fed..5edf89fa  main -> main
[2026-03-22 03:01:08] [INFO] Successfully pushed to 'main' branch
[2026-03-22 03:01:08] [INFO] Git push completed successfully
[2026-03-22 03:01:08] [INFO] =========================================
[2026-03-22 03:01:08] [INFO] Backup Summary:
[2026-03-22 03:01:08] [INFO]   File: xie080886_2026-03-22.sql.gz
[2026-03-22 03:01:08] [INFO]   Size: 20M
[2026-03-22 03:01:08] [INFO]   Location: /www/wwwroot/vitufinance.com/backups/database
[2026-03-22 03:01:08] [INFO] ========== Backup completed successfully ==========
[2026-03-22 03:01:08] [INFO] 
[2026-03-23 02:00:01] ==========================================
[2026-03-23 02:00:01] Starting backup: vitufinance_backup_20260323_020001
[2026-03-23 02:00:01] ==========================================
[2026-03-23 02:00:01] 1. Backing up critical source files...
[2026-03-23 02:00:01]    Critical files backed up: /www/wwwroot/vitufinance.com/backups/critical/critical_20260323_020001.tar.gz
[2026-03-23 02:00:01] 2. Backing up database...
[2026-03-23 02:00:06]    Database backed up: /www/wwwroot/vitufinance.com/backups/daily/db_20260323_020001.sql.gz
[2026-03-23 02:00:06] 3. Generating file integrity hashes...
[2026-03-23 02:00:06]    Hashes saved: /www/wwwroot/vitufinance.com/backups/critical/hashes_20260323_020001.sha256
[2026-03-23 02:00:06] 4. Checking for git changes...
[2026-03-23 02:00:08]    Git commit created
[2026-03-23 02:00:08] 5. Cleaning up old backups...
[2026-03-23 02:00:08]    Old backups cleaned (keeping last 7 days)
[2026-03-23 02:00:08] ==========================================
[2026-03-23 02:00:08] Backup completed successfully!
[2026-03-23 02:00:08] ==========================================
[2026-03-23 02:00:08]    Total backup size: 221M
[2026-03-23 02:00:08] ==========================================
[2026-03-24 02:00:01] ==========================================
[2026-03-24 02:00:01] Starting backup: vitufinance_backup_20260324_020001
[2026-03-24 02:00:01] ==========================================
[2026-03-24 02:00:01] 1. Backing up critical source files...
[2026-03-24 02:00:01]    Critical files backed up: /www/wwwroot/vitufinance.com/backups/critical/critical_20260324_020001.tar.gz
[2026-03-24 02:00:01] 2. Backing up database...
[2026-03-24 02:00:06]    Database backed up: /www/wwwroot/vitufinance.com/backups/daily/db_20260324_020001.sql.gz
[2026-03-24 02:00:06] 3. Generating file integrity hashes...
[2026-03-24 02:00:06]    Hashes saved: /www/wwwroot/vitufinance.com/backups/critical/hashes_20260324_020001.sha256
[2026-03-24 02:00:06] 4. Checking for git changes...
[2026-03-24 02:00:08]    Git commit created
[2026-03-24 02:00:08] 5. Cleaning up old backups...
[2026-03-24 02:00:08]    Old backups cleaned (keeping last 7 days)
[2026-03-24 02:00:08] ==========================================
[2026-03-24 02:00:08] Backup completed successfully!
[2026-03-24 02:00:08] ==========================================
[2026-03-24 02:00:08]    Total backup size: 223M
[2026-03-24 02:00:08] ==========================================
[2026-03-25 02:00:01] ==========================================
[2026-03-25 02:00:01] Starting backup: vitufinance_backup_20260325_020001
[2026-03-25 02:00:01] ==========================================
[2026-03-25 02:00:01] 1. Backing up critical source files...
[2026-03-25 02:00:01]    Critical files backed up: /www/wwwroot/vitufinance.com/backups/critical/critical_20260325_020001.tar.gz
[2026-03-25 02:00:01] 2. Backing up database...
[2026-03-25 02:00:07]    Database backed up: /www/wwwroot/vitufinance.com/backups/daily/db_20260325_020001.sql.gz
[2026-03-25 02:00:07] 3. Generating file integrity hashes...
[2026-03-25 02:00:07]    Hashes saved: /www/wwwroot/vitufinance.com/backups/critical/hashes_20260325_020001.sha256
[2026-03-25 02:00:07] 4. Checking for git changes...
[2026-03-25 02:00:08]    Git commit created
[2026-03-25 02:00:08] 5. Cleaning up old backups...
[2026-03-25 02:00:08]    Old backups cleaned (keeping last 7 days)
[2026-03-25 02:00:08] ==========================================
[2026-03-25 02:00:08] Backup completed successfully!
[2026-03-25 02:00:08] ==========================================
[2026-03-25 02:00:08]    Total backup size: 225M
[2026-03-25 02:00:08] ==========================================
[2026-03-25 03:00:01] [INFO] ========== Starting database backup ==========
[2026-03-25 03:00:01] [INFO] Backup time: 2026-03-25_03-00-01
[2026-03-25 03:00:01] [INFO] Project: /www/wwwroot/vitufinance.com
[2026-03-25 03:00:01] [INFO] Database: xie080886 @ 127.0.0.1:3306
[2026-03-25 03:00:01] [INFO] Creating database backup...
mysqldump: [Warning] Using a password on the command line interface can be insecure.
[2026-03-25 03:00:04] [INFO] Backup created: xie080886_2026-03-25.sql (124M)
[2026-03-25 03:00:04] [INFO] Compressing backup...
[2026-03-25 03:00:21] [INFO] Backup compressed: xie080886_2026-03-25.sql.gz (20M)
[2026-03-25 03:00:21] [INFO] Cleaning up old backups...
[2026-03-25 03:00:21] [INFO] Total backups retained: 3
[2026-03-25 03:00:21] [INFO] Pushing backup to Git repository...
[main c8333f98] 🗄️ Auto Backup: 2026-03-25
 2 files changed, 20 insertions(+)
 create mode 100644 backups/database/xie080886_2026-03-25.sql.gz
To github.com:gsyi5839-alt/https-vitufinance.com-.git
   5edf89fa..c8333f98  main -> main
[2026-03-25 03:01:11] [INFO] Successfully pushed to 'main' branch
[2026-03-25 03:01:11] [INFO] Git push completed successfully
[2026-03-25 03:01:11] [INFO] =========================================
[2026-03-25 03:01:11] [INFO] Backup Summary:
[2026-03-25 03:01:11] [INFO]   File: xie080886_2026-03-25.sql.gz
[2026-03-25 03:01:11] [INFO]   Size: 20M
[2026-03-25 03:01:11] [INFO]   Location: /www/wwwroot/vitufinance.com/backups/database
[2026-03-25 03:01:11] [INFO] ========== Backup completed successfully ==========
[2026-03-25 03:01:11] [INFO] 
[2026-03-26 02:00:01] ==========================================
[2026-03-26 02:00:01] Starting backup: vitufinance_backup_20260326_020001
[2026-03-26 02:00:01] ==========================================
[2026-03-26 02:00:01] 1. Backing up critical source files...
[2026-03-26 02:00:01]    Critical files backed up: /www/wwwroot/vitufinance.com/backups/critical/critical_20260326_020001.tar.gz
[2026-03-26 02:00:01] 2. Backing up database...
[2026-03-26 02:00:07]    Database backed up: /www/wwwroot/vitufinance.com/backups/daily/db_20260326_020001.sql.gz
[2026-03-26 02:00:07] 3. Generating file integrity hashes...
[2026-03-26 02:00:07]    Hashes saved: /www/wwwroot/vitufinance.com/backups/critical/hashes_20260326_020001.sha256
[2026-03-26 02:00:07] 4. Checking for git changes...
[2026-03-26 02:00:09]    Git commit created
[2026-03-26 02:00:09] 5. Cleaning up old backups...
[2026-03-26 02:00:09]    Old backups cleaned (keeping last 7 days)
[2026-03-26 02:00:09] ==========================================
[2026-03-26 02:00:09] Backup completed successfully!
[2026-03-26 02:00:09] ==========================================
[2026-03-26 02:00:09]    Total backup size: 228M
[2026-03-26 02:00:09] ==========================================
[2026-03-27 02:00:01] ==========================================
[2026-03-27 02:00:01] Starting backup: vitufinance_backup_20260327_020001
[2026-03-27 02:00:01] ==========================================
[2026-03-27 02:00:01] 1. Backing up critical source files...
[2026-03-27 02:00:01]    Critical files backed up: /www/wwwroot/vitufinance.com/backups/critical/critical_20260327_020001.tar.gz
[2026-03-27 02:00:01] 2. Backing up database...
[2026-03-27 02:00:06]    Database backed up: /www/wwwroot/vitufinance.com/backups/daily/db_20260327_020001.sql.gz
[2026-03-27 02:00:06] 3. Generating file integrity hashes...
[2026-03-27 02:00:07]    Hashes saved: /www/wwwroot/vitufinance.com/backups/critical/hashes_20260327_020001.sha256
[2026-03-27 02:00:07] 4. Checking for git changes...
[2026-03-27 02:00:08]    Git commit created
[2026-03-27 02:00:08] 5. Cleaning up old backups...
[2026-03-27 02:00:08]    Old backups cleaned (keeping last 7 days)
[2026-03-27 02:00:08] ==========================================
[2026-03-27 02:00:08] Backup completed successfully!
[2026-03-27 02:00:08] ==========================================
[2026-03-27 02:00:08]    Total backup size: 230M
[2026-03-27 02:00:08] ==========================================
[2026-03-28 02:00:01] ==========================================
[2026-03-28 02:00:01] Starting backup: vitufinance_backup_20260328_020001
[2026-03-28 02:00:01] ==========================================
[2026-03-28 02:00:01] 1. Backing up critical source files...
[2026-03-28 02:00:01]    Critical files backed up: /www/wwwroot/vitufinance.com/backups/critical/critical_20260328_020001.tar.gz
[2026-03-28 02:00:01] 2. Backing up database...
[2026-03-28 02:00:07]    Database backed up: /www/wwwroot/vitufinance.com/backups/daily/db_20260328_020001.sql.gz
[2026-03-28 02:00:07] 3. Generating file integrity hashes...
[2026-03-28 02:00:07]    Hashes saved: /www/wwwroot/vitufinance.com/backups/critical/hashes_20260328_020001.sha256
[2026-03-28 02:00:07] 4. Checking for git changes...
[2026-03-28 02:00:08]    Git commit created
[2026-03-28 02:00:08] 5. Cleaning up old backups...
[2026-03-28 02:00:08]    Old backups cleaned (keeping last 7 days)
[2026-03-28 02:00:08] ==========================================
[2026-03-28 02:00:08] Backup completed successfully!
[2026-03-28 02:00:08] ==========================================
[2026-03-28 02:00:08]    Total backup size: 232M
[2026-03-28 02:00:08] ==========================================
[2026-03-28 03:00:01] [INFO] ========== Starting database backup ==========
[2026-03-28 03:00:01] [INFO] Backup time: 2026-03-28_03-00-01
[2026-03-28 03:00:01] [INFO] Project: /www/wwwroot/vitufinance.com
[2026-03-28 03:00:01] [INFO] Database: xie080886 @ 127.0.0.1:3306
[2026-03-28 03:00:01] [INFO] Creating database backup...
mysqldump: [Warning] Using a password on the command line interface can be insecure.
[2026-03-28 03:00:04] [INFO] Backup created: xie080886_2026-03-28.sql (127M)
[2026-03-28 03:00:04] [INFO] Compressing backup...
[2026-03-28 03:00:21] [INFO] Backup compressed: xie080886_2026-03-28.sql.gz (21M)
[2026-03-28 03:00:21] [INFO] Cleaning up old backups...
[2026-03-28 03:00:22] [INFO] Total backups retained: 3
[2026-03-28 03:00:22] [INFO] Pushing backup to Git repository...
[main 0559813d] 🗄️ Auto Backup: 2026-03-28
 2 files changed, 20 insertions(+)
 create mode 100644 backups/database/xie080886_2026-03-28.sql.gz
To github.com:gsyi5839-alt/https-vitufinance.com-.git
   c8333f98..0559813d  main -> main
[2026-03-28 03:01:12] [INFO] Successfully pushed to 'main' branch
[2026-03-28 03:01:12] [INFO] Git push completed successfully
[2026-03-28 03:01:12] [INFO] =========================================
[2026-03-28 03:01:12] [INFO] Backup Summary:
[2026-03-28 03:01:12] [INFO]   File: xie080886_2026-03-28.sql.gz
[2026-03-28 03:01:12] [INFO]   Size: 21M
[2026-03-28 03:01:12] [INFO]   Location: /www/wwwroot/vitufinance.com/backups/database
[2026-03-28 03:01:12] [INFO] ========== Backup completed successfully ==========
[2026-03-28 03:01:12] [INFO] 
[2026-03-29 02:00:01] ==========================================
[2026-03-29 02:00:01] Starting backup: vitufinance_backup_20260329_020001
[2026-03-29 02:00:01] ==========================================
[2026-03-29 02:00:01] 1. Backing up critical source files...
[2026-03-29 02:00:01]    Critical files backed up: /www/wwwroot/vitufinance.com/backups/critical/critical_20260329_020001.tar.gz
[2026-03-29 02:00:01] 2. Backing up database...
[2026-03-29 02:00:06]    Database backed up: /www/wwwroot/vitufinance.com/backups/daily/db_20260329_020001.sql.gz
[2026-03-29 02:00:06] 3. Generating file integrity hashes...
[2026-03-29 02:00:07]    Hashes saved: /www/wwwroot/vitufinance.com/backups/critical/hashes_20260329_020001.sha256
[2026-03-29 02:00:07] 4. Checking for git changes...
[2026-03-29 02:00:08]    Git commit created
[2026-03-29 02:00:09] 5. Cleaning up old backups...
[2026-03-29 02:00:09]    Old backups cleaned (keeping last 7 days)
[2026-03-29 02:00:09] ==========================================
[2026-03-29 02:00:09] Backup completed successfully!
[2026-03-29 02:00:09] ==========================================
[2026-03-29 02:00:09]    Total backup size: 236M
[2026-03-29 02:00:09] ==========================================
[2026-03-30 02:00:01] ==========================================
[2026-03-30 02:00:01] Starting backup: vitufinance_backup_20260330_020001
[2026-03-30 02:00:01] ==========================================
[2026-03-30 02:00:01] 1. Backing up critical source files...
[2026-03-30 02:00:01]    Critical files backed up: /www/wwwroot/vitufinance.com/backups/critical/critical_20260330_020001.tar.gz
[2026-03-30 02:00:01] 2. Backing up database...
[2026-03-30 02:00:06]    Database backed up: /www/wwwroot/vitufinance.com/backups/daily/db_20260330_020001.sql.gz
[2026-03-30 02:00:06] 3. Generating file integrity hashes...
[2026-03-30 02:00:06]    Hashes saved: /www/wwwroot/vitufinance.com/backups/critical/hashes_20260330_020001.sha256
[2026-03-30 02:00:06] 4. Checking for git changes...
[2026-03-30 02:00:08]    Git commit created
[2026-03-30 02:00:08] 5. Cleaning up old backups...
[2026-03-30 02:00:08]    Old backups cleaned (keeping last 7 days)
[2026-03-30 02:00:08] ==========================================
[2026-03-30 02:00:08] Backup completed successfully!
[2026-03-30 02:00:08] ==========================================
[2026-03-30 02:00:08]    Total backup size: 237M
[2026-03-30 02:00:08] ==========================================
[2026-03-31 02:00:01] ==========================================
[2026-03-31 02:00:01] Starting backup: vitufinance_backup_20260331_020001
[2026-03-31 02:00:01] ==========================================
[2026-03-31 02:00:01] 1. Backing up critical source files...
[2026-03-31 02:00:01]    Critical files backed up: /www/wwwroot/vitufinance.com/backups/critical/critical_20260331_020001.tar.gz
[2026-03-31 02:00:01] 2. Backing up database...
[2026-03-31 02:00:07]    Database backed up: /www/wwwroot/vitufinance.com/backups/daily/db_20260331_020001.sql.gz
[2026-03-31 02:00:07] 3. Generating file integrity hashes...
[2026-03-31 02:00:07]    Hashes saved: /www/wwwroot/vitufinance.com/backups/critical/hashes_20260331_020001.sha256
[2026-03-31 02:00:07] 4. Checking for git changes...
[2026-03-31 02:00:08]    Git commit created
[2026-03-31 02:00:08] 5. Cleaning up old backups...
[2026-03-31 02:00:08]    Old backups cleaned (keeping last 7 days)
[2026-03-31 02:00:08] ==========================================
[2026-03-31 02:00:08] Backup completed successfully!
[2026-03-31 02:00:08] ==========================================
[2026-03-31 02:00:08]    Total backup size: 239M
[2026-03-31 02:00:08] ==========================================
[2026-03-31 03:00:01] [INFO] ========== Starting database backup ==========
[2026-03-31 03:00:01] [INFO] Backup time: 2026-03-31_03-00-01
[2026-03-31 03:00:01] [INFO] Project: /www/wwwroot/vitufinance.com
[2026-03-31 03:00:01] [INFO] Database: xie080886 @ 127.0.0.1:3306
[2026-03-31 03:00:01] [INFO] Creating database backup...
mysqldump: [Warning] Using a password on the command line interface can be insecure.
[2026-03-31 03:00:04] [INFO] Backup created: xie080886_2026-03-31.sql (131M)
[2026-03-31 03:00:04] [INFO] Compressing backup...
[2026-03-31 03:00:22] [INFO] Backup compressed: xie080886_2026-03-31.sql.gz (22M)
[2026-03-31 03:00:22] [INFO] Cleaning up old backups...
[2026-03-31 03:00:22] [INFO] Total backups retained: 3
[2026-03-31 03:00:22] [INFO] Pushing backup to Git repository...
[main d65ef1dd] 🗄️ Auto Backup: 2026-03-31
 2 files changed, 20 insertions(+)
 create mode 100644 backups/database/xie080886_2026-03-31.sql.gz
To github.com:gsyi5839-alt/https-vitufinance.com-.git
   0559813d..d65ef1dd  main -> main
[2026-03-31 03:01:16] [INFO] Successfully pushed to 'main' branch
[2026-03-31 03:01:16] [INFO] Git push completed successfully
[2026-03-31 03:01:16] [INFO] =========================================
[2026-03-31 03:01:16] [INFO] Backup Summary:
[2026-03-31 03:01:16] [INFO]   File: xie080886_2026-03-31.sql.gz
[2026-03-31 03:01:16] [INFO]   Size: 22M
[2026-03-31 03:01:16] [INFO]   Location: /www/wwwroot/vitufinance.com/backups/database
[2026-03-31 03:01:16] [INFO] ========== Backup completed successfully ==========
[2026-03-31 03:01:16] [INFO] 
[2026-04-01 02:00:01] ==========================================
[2026-04-01 02:00:01] Starting backup: vitufinance_backup_20260401_020001
[2026-04-01 02:00:01] ==========================================
[2026-04-01 02:00:01] 1. Backing up critical source files...
[2026-04-01 02:00:01]    Critical files backed up: /www/wwwroot/vitufinance.com/backups/critical/critical_20260401_020001.tar.gz
[2026-04-01 02:00:01] 2. Backing up database...
[2026-04-01 02:00:07]    Database backed up: /www/wwwroot/vitufinance.com/backups/daily/db_20260401_020001.sql.gz
[2026-04-01 02:00:07] 3. Generating file integrity hashes...
[2026-04-01 02:00:07]    Hashes saved: /www/wwwroot/vitufinance.com/backups/critical/hashes_20260401_020001.sha256
[2026-04-01 02:00:07] 4. Checking for git changes...
[2026-04-01 02:00:09]    Git commit created
[2026-04-01 02:00:09] 5. Cleaning up old backups...
[2026-04-01 02:00:09]    Old backups cleaned (keeping last 7 days)
[2026-04-01 02:00:09] ==========================================
[2026-04-01 02:00:09] Backup completed successfully!
[2026-04-01 02:00:09] ==========================================
[2026-04-01 02:00:09]    Total backup size: 243M
[2026-04-01 02:00:09] ==========================================
[2026-04-01 03:00:01] [INFO] ========== Starting database backup ==========
[2026-04-01 03:00:01] [INFO] Backup time: 2026-04-01_03-00-01
[2026-04-01 03:00:01] [INFO] Project: /www/wwwroot/vitufinance.com
[2026-04-01 03:00:01] [INFO] Database: xie080886 @ 127.0.0.1:3306
[2026-04-01 03:00:01] [INFO] Creating database backup...
mysqldump: [Warning] Using a password on the command line interface can be insecure.
[2026-04-01 03:00:04] [INFO] Backup created: xie080886_2026-04-01.sql (132M)
[2026-04-01 03:00:04] [INFO] Compressing backup...
[2026-04-01 03:00:23] [INFO] Backup compressed: xie080886_2026-04-01.sql.gz (22M)
[2026-04-01 03:00:23] [INFO] Cleaning up old backups...
[2026-04-01 03:00:23] [INFO] Total backups retained: 4
[2026-04-01 03:00:23] [INFO] Pushing backup to Git repository...
[main 49a9fde6] 🗄️ Auto Backup: 2026-04-01
 2 files changed, 20 insertions(+)
 create mode 100644 backups/database/xie080886_2026-04-01.sql.gz
To github.com:gsyi5839-alt/https-vitufinance.com-.git
   d65ef1dd..49a9fde6  main -> main
[2026-04-01 03:00:51] [INFO] Successfully pushed to 'main' branch
[2026-04-01 03:00:52] [INFO] Git push completed successfully
[2026-04-01 03:00:52] [INFO] =========================================
[2026-04-01 03:00:52] [INFO] Backup Summary:
[2026-04-01 03:00:52] [INFO]   File: xie080886_2026-04-01.sql.gz
[2026-04-01 03:00:52] [INFO]   Size: 22M
[2026-04-01 03:00:52] [INFO]   Location: /www/wwwroot/vitufinance.com/backups/database
[2026-04-01 03:00:52] [INFO] ========== Backup completed successfully ==========
[2026-04-01 03:00:52] [INFO] 
[2026-04-02 02:00:01] ==========================================
[2026-04-02 02:00:01] Starting backup: vitufinance_backup_20260402_020001
[2026-04-02 02:00:01] ==========================================
[2026-04-02 02:00:01] 1. Backing up critical source files...
[2026-04-02 02:00:02]    Critical files backed up: /www/wwwroot/vitufinance.com/backups/critical/critical_20260402_020001.tar.gz
[2026-04-02 02:00:02] 2. Backing up database...
[2026-04-02 02:00:07]    Database backed up: /www/wwwroot/vitufinance.com/backups/daily/db_20260402_020001.sql.gz
[2026-04-02 02:00:07] 3. Generating file integrity hashes...
[2026-04-02 02:00:07]    Hashes saved: /www/wwwroot/vitufinance.com/backups/critical/hashes_20260402_020001.sha256
[2026-04-02 02:00:07] 4. Checking for git changes...
[2026-04-02 02:00:09]    Git commit created
[2026-04-02 02:00:09] 5. Cleaning up old backups...
[2026-04-02 02:00:09]    Old backups cleaned (keeping last 7 days)
[2026-04-02 02:00:09] ==========================================
[2026-04-02 02:00:09] Backup completed successfully!
[2026-04-02 02:00:09] ==========================================
[2026-04-02 02:00:09]    Total backup size: 266M
[2026-04-02 02:00:09] ==========================================
[2026-04-03 02:00:01] ==========================================
[2026-04-03 02:00:01] Starting backup: vitufinance_backup_20260403_020001
[2026-04-03 02:00:01] ==========================================
[2026-04-03 02:00:01] 1. Backing up critical source files...
[2026-04-03 02:00:01]    Critical files backed up: /www/wwwroot/vitufinance.com/backups/critical/critical_20260403_020001.tar.gz
[2026-04-03 02:00:01] 2. Backing up database...
[2026-04-03 02:00:07]    Database backed up: /www/wwwroot/vitufinance.com/backups/daily/db_20260403_020001.sql.gz
[2026-04-03 02:00:07] 3. Generating file integrity hashes...
[2026-04-03 02:00:07]    Hashes saved: /www/wwwroot/vitufinance.com/backups/critical/hashes_20260403_020001.sha256
[2026-04-03 02:00:07] 4. Checking for git changes...
[2026-04-03 02:00:08]    Git commit created
[2026-04-03 02:00:08] 5. Cleaning up old backups...
[2026-04-03 02:00:08]    Old backups cleaned (keeping last 7 days)
[2026-04-03 02:00:08] ==========================================
[2026-04-03 02:00:08] Backup completed successfully!
[2026-04-03 02:00:08] ==========================================
[2026-04-03 02:00:08]    Total backup size: 268M
[2026-04-03 02:00:08] ==========================================
[2026-04-04 02:00:01] ==========================================
[2026-04-04 02:00:01] Starting backup: vitufinance_backup_20260404_020001
[2026-04-04 02:00:01] ==========================================
[2026-04-04 02:00:01] 1. Backing up critical source files...
[2026-04-04 02:00:01]    Critical files backed up: /www/wwwroot/vitufinance.com/backups/critical/critical_20260404_020001.tar.gz
[2026-04-04 02:00:01] 2. Backing up database...
[2026-04-04 02:00:07]    Database backed up: /www/wwwroot/vitufinance.com/backups/daily/db_20260404_020001.sql.gz
[2026-04-04 02:00:07] 3. Generating file integrity hashes...
[2026-04-04 02:00:07]    Hashes saved: /www/wwwroot/vitufinance.com/backups/critical/hashes_20260404_020001.sha256
[2026-04-04 02:00:07] 4. Checking for git changes...
[2026-04-04 02:00:09]    Git commit created
[2026-04-04 02:00:09] 5. Cleaning up old backups...
[2026-04-04 02:00:09]    Old backups cleaned (keeping last 7 days)
[2026-04-04 02:00:09] ==========================================
[2026-04-04 02:00:09] Backup completed successfully!
[2026-04-04 02:00:09] ==========================================
[2026-04-04 02:00:09]    Total backup size: 269M
[2026-04-04 02:00:09] ==========================================
[2026-04-04 03:00:01] [INFO] ========== Starting database backup ==========
[2026-04-04 03:00:01] [INFO] Backup time: 2026-04-04_03-00-01
[2026-04-04 03:00:01] [INFO] Project: /www/wwwroot/vitufinance.com
[2026-04-04 03:00:01] [INFO] Database: xie080886 @ 127.0.0.1:3306
[2026-04-04 03:00:01] [INFO] Creating database backup...
mysqldump: [Warning] Using a password on the command line interface can be insecure.
[2026-04-04 03:00:05] [INFO] Backup created: xie080886_2026-04-04.sql (136M)
[2026-04-04 03:00:05] [INFO] Compressing backup...
[2026-04-04 03:00:24] [INFO] Backup compressed: xie080886_2026-04-04.sql.gz (22M)
[2026-04-04 03:00:24] [INFO] Cleaning up old backups...
[2026-04-04 03:00:24] [INFO] Total backups retained: 4
[2026-04-04 03:00:24] [INFO] Pushing backup to Git repository...
[main 1d6dc8d9] 🗄️ Auto Backup: 2026-04-04
 2 files changed, 20 insertions(+)
 create mode 100644 backups/database/xie080886_2026-04-04.sql.gz
To github.com:gsyi5839-alt/https-vitufinance.com-.git
   49a9fde6..1d6dc8d9  main -> main
[2026-04-04 03:01:20] [INFO] Successfully pushed to 'main' branch
[2026-04-04 03:01:20] [INFO] Git push completed successfully
[2026-04-04 03:01:20] [INFO] =========================================
[2026-04-04 03:01:20] [INFO] Backup Summary:
[2026-04-04 03:01:20] [INFO]   File: xie080886_2026-04-04.sql.gz
[2026-04-04 03:01:20] [INFO]   Size: 22M
[2026-04-04 03:01:20] [INFO]   Location: /www/wwwroot/vitufinance.com/backups/database
[2026-04-04 03:01:20] [INFO] ========== Backup completed successfully ==========
[2026-04-04 03:01:20] [INFO] 
[2026-04-05 02:00:01] ==========================================
[2026-04-05 02:00:01] Starting backup: vitufinance_backup_20260405_020001
[2026-04-05 02:00:01] ==========================================
[2026-04-05 02:00:01] 1. Backing up critical source files...
[2026-04-05 02:00:01]    Critical files backed up: /www/wwwroot/vitufinance.com/backups/critical/critical_20260405_020001.tar.gz
[2026-04-05 02:00:01] 2. Backing up database...
[2026-04-05 02:00:07]    Database backed up: /www/wwwroot/vitufinance.com/backups/daily/db_20260405_020001.sql.gz
[2026-04-05 02:00:07] 3. Generating file integrity hashes...
[2026-04-05 02:00:07]    Hashes saved: /www/wwwroot/vitufinance.com/backups/critical/hashes_20260405_020001.sha256
[2026-04-05 02:00:07] 4. Checking for git changes...
[2026-04-05 02:00:08]    Git commit created
[2026-04-05 02:00:09] 5. Cleaning up old backups...
[2026-04-05 02:00:09]    Old backups cleaned (keeping last 7 days)
[2026-04-05 02:00:09] ==========================================
[2026-04-05 02:00:09] Backup completed successfully!
[2026-04-05 02:00:09] ==========================================
[2026-04-05 02:00:09]    Total backup size: 273M
[2026-04-05 02:00:09] ==========================================
[2026-04-06 02:00:01] ==========================================
[2026-04-06 02:00:01] Starting backup: vitufinance_backup_20260406_020001
[2026-04-06 02:00:01] ==========================================
[2026-04-06 02:00:01] 1. Backing up critical source files...
[2026-04-06 02:00:01]    Critical files backed up: /www/wwwroot/vitufinance.com/backups/critical/critical_20260406_020001.tar.gz
[2026-04-06 02:00:01] 2. Backing up database...
[2026-04-06 02:00:07]    Database backed up: /www/wwwroot/vitufinance.com/backups/daily/db_20260406_020001.sql.gz
[2026-04-06 02:00:07] 3. Generating file integrity hashes...
[2026-04-06 02:00:07]    Hashes saved: /www/wwwroot/vitufinance.com/backups/critical/hashes_20260406_020001.sha256
[2026-04-06 02:00:07] 4. Checking for git changes...
[2026-04-06 02:00:09]    Git commit created
[2026-04-06 02:00:09] 5. Cleaning up old backups...
[2026-04-06 02:00:09]    Old backups cleaned (keeping last 7 days)
[2026-04-06 02:00:09] ==========================================
[2026-04-06 02:00:09] Backup completed successfully!
[2026-04-06 02:00:09] ==========================================
[2026-04-06 02:00:09]    Total backup size: 275M
[2026-04-06 02:00:09] ==========================================
[2026-04-07 02:00:01] ==========================================
[2026-04-07 02:00:01] Starting backup: vitufinance_backup_20260407_020001
[2026-04-07 02:00:01] ==========================================
[2026-04-07 02:00:01] 1. Backing up critical source files...
[2026-04-07 02:00:01]    Critical files backed up: /www/wwwroot/vitufinance.com/backups/critical/critical_20260407_020001.tar.gz
[2026-04-07 02:00:01] 2. Backing up database...
[2026-04-07 02:00:07]    Database backed up: /www/wwwroot/vitufinance.com/backups/daily/db_20260407_020001.sql.gz
[2026-04-07 02:00:07] 3. Generating file integrity hashes...
[2026-04-07 02:00:07]    Hashes saved: /www/wwwroot/vitufinance.com/backups/critical/hashes_20260407_020001.sha256
[2026-04-07 02:00:07] 4. Checking for git changes...
[2026-04-07 02:00:09]    Git commit created
[2026-04-07 02:00:09] 5. Cleaning up old backups...
[2026-04-07 02:00:09]    Old backups cleaned (keeping last 7 days)
[2026-04-07 02:00:09] ==========================================
[2026-04-07 02:00:09] Backup completed successfully!
[2026-04-07 02:00:09] ==========================================
[2026-04-07 02:00:09]    Total backup size: 277M
[2026-04-07 02:00:09] ==========================================
[2026-04-07 03:00:01] [INFO] ========== Starting database backup ==========
[2026-04-07 03:00:01] [INFO] Backup time: 2026-04-07_03-00-01
[2026-04-07 03:00:01] [INFO] Project: /www/wwwroot/vitufinance.com
[2026-04-07 03:00:01] [INFO] Database: xie080886 @ 127.0.0.1:3306
[2026-04-07 03:00:01] [INFO] Creating database backup...
mysqldump: [Warning] Using a password on the command line interface can be insecure.
[2026-04-07 03:00:05] [INFO] Backup created: xie080886_2026-04-07.sql (140M)
[2026-04-07 03:00:05] [INFO] Compressing backup...
[2026-04-07 03:00:24] [INFO] Backup compressed: xie080886_2026-04-07.sql.gz (23M)
[2026-04-07 03:00:24] [INFO] Cleaning up old backups...
[2026-04-07 03:00:24] [INFO] Total backups retained: 4
[2026-04-07 03:00:24] [INFO] Pushing backup to Git repository...
[main fac07afa] 🗄️ Auto Backup: 2026-04-07
 2 files changed, 20 insertions(+)
 create mode 100644 backups/database/xie080886_2026-04-07.sql.gz
To github.com:gsyi5839-alt/https-vitufinance.com-.git
   1d6dc8d9..fac07afa  main -> main
[2026-04-07 03:01:20] [INFO] Successfully pushed to 'main' branch
[2026-04-07 03:01:20] [INFO] Git push completed successfully
[2026-04-07 03:01:20] [INFO] =========================================
[2026-04-07 03:01:20] [INFO] Backup Summary:
[2026-04-07 03:01:20] [INFO]   File: xie080886_2026-04-07.sql.gz
[2026-04-07 03:01:20] [INFO]   Size: 23M
[2026-04-07 03:01:20] [INFO]   Location: /www/wwwroot/vitufinance.com/backups/database
[2026-04-07 03:01:20] [INFO] ========== Backup completed successfully ==========
[2026-04-07 03:01:20] [INFO] 
[2026-04-08 02:00:01] ==========================================
[2026-04-08 02:00:01] Starting backup: vitufinance_backup_20260408_020001
[2026-04-08 02:00:01] ==========================================
[2026-04-08 02:00:01] 1. Backing up critical source files...
[2026-04-08 02:00:01]    Critical files backed up: /www/wwwroot/vitufinance.com/backups/critical/critical_20260408_020001.tar.gz
[2026-04-08 02:00:01] 2. Backing up database...
[2026-04-08 02:00:07]    Database backed up: /www/wwwroot/vitufinance.com/backups/daily/db_20260408_020001.sql.gz
[2026-04-08 02:00:07] 3. Generating file integrity hashes...
[2026-04-08 02:00:07]    Hashes saved: /www/wwwroot/vitufinance.com/backups/critical/hashes_20260408_020001.sha256
[2026-04-08 02:00:07] 4. Checking for git changes...
[2026-04-08 02:00:10]    Git commit created
[2026-04-08 02:00:10] 5. Cleaning up old backups...
[2026-04-08 02:00:10]    Old backups cleaned (keeping last 7 days)
[2026-04-08 02:00:10] ==========================================
[2026-04-08 02:00:10] Backup completed successfully!
[2026-04-08 02:00:10] ==========================================
[2026-04-08 02:00:10]    Total backup size: 281M
[2026-04-08 02:00:10] ==========================================
[2026-04-09 02:00:01] ==========================================
[2026-04-09 02:00:01] Starting backup: vitufinance_backup_20260409_020001
[2026-04-09 02:00:01] ==========================================
[2026-04-09 02:00:01] 1. Backing up critical source files...
[2026-04-09 02:00:01]    Critical files backed up: /www/wwwroot/vitufinance.com/backups/critical/critical_20260409_020001.tar.gz
[2026-04-09 02:00:01] 2. Backing up database...
[2026-04-09 02:00:08]    Database backed up: /www/wwwroot/vitufinance.com/backups/daily/db_20260409_020001.sql.gz
[2026-04-09 02:00:08] 3. Generating file integrity hashes...
[2026-04-09 02:00:08]    Hashes saved: /www/wwwroot/vitufinance.com/backups/critical/hashes_20260409_020001.sha256
[2026-04-09 02:00:08] 4. Checking for git changes...
[2026-04-09 02:00:09]    Git commit created
[2026-04-09 02:00:09] 5. Cleaning up old backups...
[2026-04-09 02:00:09]    Old backups cleaned (keeping last 7 days)
[2026-04-09 02:00:09] ==========================================
[2026-04-09 02:00:09] Backup completed successfully!
[2026-04-09 02:00:09] ==========================================
[2026-04-09 02:00:09]    Total backup size: 282M
[2026-04-09 02:00:09] ==========================================
[2026-04-10 02:00:01] ==========================================
[2026-04-10 02:00:01] Starting backup: vitufinance_backup_20260410_020001
[2026-04-10 02:00:01] ==========================================
[2026-04-10 02:00:01] 1. Backing up critical source files...
[2026-04-10 02:00:01]    Critical files backed up: /www/wwwroot/vitufinance.com/backups/critical/critical_20260410_020001.tar.gz
[2026-04-10 02:00:01] 2. Backing up database...
[2026-04-10 02:00:08]    Database backed up: /www/wwwroot/vitufinance.com/backups/daily/db_20260410_020001.sql.gz
[2026-04-10 02:00:08] 3. Generating file integrity hashes...
[2026-04-10 02:00:08]    Hashes saved: /www/wwwroot/vitufinance.com/backups/critical/hashes_20260410_020001.sha256
[2026-04-10 02:00:08] 4. Checking for git changes...
[2026-04-10 02:00:09]    Git commit created
[2026-04-10 02:00:09] 5. Cleaning up old backups...
[2026-04-10 02:00:09]    Old backups cleaned (keeping last 7 days)
[2026-04-10 02:00:09] ==========================================
[2026-04-10 02:00:09] Backup completed successfully!
[2026-04-10 02:00:09] ==========================================
[2026-04-10 02:00:10]    Total backup size: 284M
[2026-04-10 02:00:10] ==========================================
[2026-04-10 03:00:01] [INFO] ========== Starting database backup ==========
[2026-04-10 03:00:01] [INFO] Backup time: 2026-04-10_03-00-01
[2026-04-10 03:00:01] [INFO] Project: /www/wwwroot/vitufinance.com
[2026-04-10 03:00:01] [INFO] Database: xie080886 @ 127.0.0.1:3306
[2026-04-10 03:00:01] [INFO] Creating database backup...
mysqldump: [Warning] Using a password on the command line interface can be insecure.
[2026-04-10 03:00:05] [INFO] Backup created: xie080886_2026-04-10.sql (144M)
[2026-04-10 03:00:05] [INFO] Compressing backup...
[2026-04-10 03:00:27] [INFO] Backup compressed: xie080886_2026-04-10.sql.gz (24M)
[2026-04-10 03:00:27] [INFO] Cleaning up old backups...
[2026-04-10 03:00:27] [INFO] Total backups retained: 3
[2026-04-10 03:00:27] [INFO] Pushing backup to Git repository...
[main 7c84ea15] 🗄️ Auto Backup: 2026-04-10
 2 files changed, 20 insertions(+)
 create mode 100644 backups/database/xie080886_2026-04-10.sql.gz
To github.com:gsyi5839-alt/https-vitufinance.com-.git
   fac07afa..7c84ea15  main -> main
[2026-04-10 03:01:26] [INFO] Successfully pushed to 'main' branch
[2026-04-10 03:01:26] [INFO] Git push completed successfully
[2026-04-10 03:01:26] [INFO] =========================================
[2026-04-10 03:01:26] [INFO] Backup Summary:
[2026-04-10 03:01:26] [INFO]   File: xie080886_2026-04-10.sql.gz
[2026-04-10 03:01:26] [INFO]   Size: 24M
[2026-04-10 03:01:26] [INFO]   Location: /www/wwwroot/vitufinance.com/backups/database
[2026-04-10 03:01:26] [INFO] ========== Backup completed successfully ==========
[2026-04-10 03:01:26] [INFO] 
[2026-04-11 02:00:01] ==========================================
[2026-04-11 02:00:01] Starting backup: vitufinance_backup_20260411_020001
[2026-04-11 02:00:01] ==========================================
[2026-04-11 02:00:01] 1. Backing up critical source files...
[2026-04-11 02:00:01]    Critical files backed up: /www/wwwroot/vitufinance.com/backups/critical/critical_20260411_020001.tar.gz
[2026-04-11 02:00:01] 2. Backing up database...
[2026-04-11 02:00:08]    Database backed up: /www/wwwroot/vitufinance.com/backups/daily/db_20260411_020001.sql.gz
[2026-04-11 02:00:08] 3. Generating file integrity hashes...
[2026-04-11 02:00:08]    Hashes saved: /www/wwwroot/vitufinance.com/backups/critical/hashes_20260411_020001.sha256
[2026-04-11 02:00:08] 4. Checking for git changes...
[2026-04-11 02:00:11]    Git commit created
[2026-04-11 02:00:11] 5. Cleaning up old backups...
[2026-04-11 02:00:11]    Old backups cleaned (keeping last 7 days)
[2026-04-11 02:00:11] ==========================================
[2026-04-11 02:00:11] Backup completed successfully!
[2026-04-11 02:00:11] ==========================================
[2026-04-11 02:00:11]    Total backup size: 267M
[2026-04-11 02:00:11] ==========================================
[2026-04-12 02:00:01] ==========================================
[2026-04-12 02:00:01] Starting backup: vitufinance_backup_20260412_020001
[2026-04-12 02:00:01] ==========================================
[2026-04-12 02:00:01] 1. Backing up critical source files...
[2026-04-12 02:00:01]    Critical files backed up: /www/wwwroot/vitufinance.com/backups/critical/critical_20260412_020001.tar.gz
[2026-04-12 02:00:01] 2. Backing up database...
[2026-04-12 02:00:10]    Database backed up: /www/wwwroot/vitufinance.com/backups/daily/db_20260412_020001.sql.gz
[2026-04-12 02:00:10] 3. Generating file integrity hashes...
[2026-04-12 02:00:10]    Hashes saved: /www/wwwroot/vitufinance.com/backups/critical/hashes_20260412_020001.sha256
[2026-04-12 02:00:10] 4. Checking for git changes...
[2026-04-12 02:00:12]    Git commit created
[2026-04-12 02:00:12] 5. Cleaning up old backups...
[2026-04-12 02:00:12]    Old backups cleaned (keeping last 7 days)
[2026-04-12 02:00:12] ==========================================
[2026-04-12 02:00:12] Backup completed successfully!
[2026-04-12 02:00:12] ==========================================
[2026-04-12 02:00:12]    Total backup size: 269M
[2026-04-12 02:00:12] ==========================================
[2026-04-13 02:00:01] ==========================================
[2026-04-13 02:00:01] Starting backup: vitufinance_backup_20260413_020001
[2026-04-13 02:00:01] ==========================================
[2026-04-13 02:00:01] 1. Backing up critical source files...
[2026-04-13 02:00:01]    Critical files backed up: /www/wwwroot/vitufinance.com/backups/critical/critical_20260413_020001.tar.gz
[2026-04-13 02:00:01] 2. Backing up database...
[2026-04-13 02:00:08]    Database backed up: /www/wwwroot/vitufinance.com/backups/daily/db_20260413_020001.sql.gz
[2026-04-13 02:00:08] 3. Generating file integrity hashes...
[2026-04-13 02:00:08]    Hashes saved: /www/wwwroot/vitufinance.com/backups/critical/hashes_20260413_020001.sha256
[2026-04-13 02:00:08] 4. Checking for git changes...
[2026-04-13 02:00:10]    Git commit created
[2026-04-13 02:00:10] 5. Cleaning up old backups...
[2026-04-13 02:00:10]    Old backups cleaned (keeping last 7 days)
[2026-04-13 02:00:10] ==========================================
[2026-04-13 02:00:10] Backup completed successfully!
[2026-04-13 02:00:10] ==========================================
[2026-04-13 02:00:10]    Total backup size: 270M
[2026-04-13 02:00:10] ==========================================
[2026-04-13 03:00:01] [INFO] ========== Starting database backup ==========
[2026-04-13 03:00:01] [INFO] Backup time: 2026-04-13_03-00-01
[2026-04-13 03:00:01] [INFO] Project: /www/wwwroot/vitufinance.com
[2026-04-13 03:00:01] [INFO] Database: xie080886 @ 127.0.0.1:3306
[2026-04-13 03:00:01] [INFO] Creating database backup...
mysqldump: [Warning] Using a password on the command line interface can be insecure.
[2026-04-13 03:00:04] [INFO] Backup created: xie080886_2026-04-13.sql (148M)
[2026-04-13 03:00:04] [INFO] Compressing backup...
[2026-04-13 03:00:25] [INFO] Backup compressed: xie080886_2026-04-13.sql.gz (24M)
[2026-04-13 03:00:25] [INFO] Cleaning up old backups...
[2026-04-13 03:00:25] [INFO] Total backups retained: 3
[2026-04-13 03:00:25] [INFO] Pushing backup to Git repository...
[main 9a7748bc] 🗄️ Auto Backup: 2026-04-13
 2 files changed, 20 insertions(+)
 create mode 100644 backups/database/xie080886_2026-04-13.sql.gz
To github.com:gsyi5839-alt/https-vitufinance.com-.git
   a5655ac5..9a7748bc  main -> main
[2026-04-13 03:00:57] [INFO] Successfully pushed to 'main' branch
[2026-04-13 03:00:57] [INFO] Git push completed successfully
[2026-04-13 03:00:57] [INFO] =========================================
[2026-04-13 03:00:57] [INFO] Backup Summary:
[2026-04-13 03:00:57] [INFO]   File: xie080886_2026-04-13.sql.gz
[2026-04-13 03:00:57] [INFO]   Size: 24M
[2026-04-13 03:00:57] [INFO]   Location: /www/wwwroot/vitufinance.com/backups/database
[2026-04-13 03:00:57] [INFO] ========== Backup completed successfully ==========
[2026-04-13 03:00:57] [INFO] 
[2026-04-14 02:00:01] ==========================================
[2026-04-14 02:00:01] Starting backup: vitufinance_backup_20260414_020001
[2026-04-14 02:00:01] ==========================================
[2026-04-14 02:00:01] 1. Backing up critical source files...
[2026-04-14 02:00:01]    Critical files backed up: /www/wwwroot/vitufinance.com/backups/critical/critical_20260414_020001.tar.gz
[2026-04-14 02:00:01] 2. Backing up database...
[2026-04-14 02:00:08]    Database backed up: /www/wwwroot/vitufinance.com/backups/daily/db_20260414_020001.sql.gz
[2026-04-14 02:00:08] 3. Generating file integrity hashes...
[2026-04-14 02:00:08]    Hashes saved: /www/wwwroot/vitufinance.com/backups/critical/hashes_20260414_020001.sha256
[2026-04-14 02:00:08] 4. Checking for git changes...
[2026-04-14 02:00:10]    Git commit created
[2026-04-14 02:00:10] 5. Cleaning up old backups...
[2026-04-14 02:00:10]    Old backups cleaned (keeping last 7 days)
[2026-04-14 02:00:10] ==========================================
[2026-04-14 02:00:10] Backup completed successfully!
[2026-04-14 02:00:10] ==========================================
[2026-04-14 02:00:10]    Total backup size: 274M
[2026-04-14 02:00:10] ==========================================
[2026-04-15 02:00:01] ==========================================
[2026-04-15 02:00:01] Starting backup: vitufinance_backup_20260415_020001
[2026-04-15 02:00:01] ==========================================
[2026-04-15 02:00:01] 1. Backing up critical source files...
[2026-04-15 02:00:01]    Critical files backed up: /www/wwwroot/vitufinance.com/backups/critical/critical_20260415_020001.tar.gz
[2026-04-15 02:00:01] 2. Backing up database...
[2026-04-15 02:00:07]    Database backed up: /www/wwwroot/vitufinance.com/backups/daily/db_20260415_020001.sql.gz
[2026-04-15 02:00:07] 3. Generating file integrity hashes...
[2026-04-15 02:00:07]    Hashes saved: /www/wwwroot/vitufinance.com/backups/critical/hashes_20260415_020001.sha256
[2026-04-15 02:00:07] 4. Checking for git changes...
[2026-04-15 02:00:09]    Git commit created
[2026-04-15 02:00:09] 5. Cleaning up old backups...
[2026-04-15 02:00:09]    Old backups cleaned (keeping last 7 days)
[2026-04-15 02:00:09] ==========================================
[2026-04-15 02:00:09] Backup completed successfully!
[2026-04-15 02:00:09] ==========================================
[2026-04-15 02:00:09]    Total backup size: 276M
[2026-04-15 02:00:09] ==========================================
[2026-04-16 02:00:01] ==========================================
[2026-04-16 02:00:01] Starting backup: vitufinance_backup_20260416_020001
[2026-04-16 02:00:01] ==========================================
[2026-04-16 02:00:01] 1. Backing up critical source files...
[2026-04-16 02:00:01]    Critical files backed up: /www/wwwroot/vitufinance.com/backups/critical/critical_20260416_020001.tar.gz
[2026-04-16 02:00:01] 2. Backing up database...
[2026-04-16 02:00:08]    Database backed up: /www/wwwroot/vitufinance.com/backups/daily/db_20260416_020001.sql.gz
[2026-04-16 02:00:08] 3. Generating file integrity hashes...
[2026-04-16 02:00:08]    Hashes saved: /www/wwwroot/vitufinance.com/backups/critical/hashes_20260416_020001.sha256
[2026-04-16 02:00:08] 4. Checking for git changes...
[2026-04-16 02:00:10]    Git commit created
[2026-04-16 02:00:10] 5. Cleaning up old backups...
[2026-04-16 02:00:10]    Old backups cleaned (keeping last 7 days)
[2026-04-16 02:00:10] ==========================================
[2026-04-16 02:00:10] Backup completed successfully!
[2026-04-16 02:00:10] ==========================================
[2026-04-16 02:00:10]    Total backup size: 278M
[2026-04-16 02:00:10] ==========================================
[2026-04-16 03:00:01] [INFO] ========== Starting database backup ==========
[2026-04-16 03:00:02] [INFO] Backup time: 2026-04-16_03-00-01
[2026-04-16 03:00:02] [INFO] Project: /www/wwwroot/vitufinance.com
[2026-04-16 03:00:02] [INFO] Database: xie080886 @ 127.0.0.1:3306
[2026-04-16 03:00:02] [INFO] Creating database backup...
mysqldump: [Warning] Using a password on the command line interface can be insecure.
[2026-04-16 03:00:05] [INFO] Backup created: xie080886_2026-04-16.sql (152M)
[2026-04-16 03:00:05] [INFO] Compressing backup...
[2026-04-16 03:00:26] [INFO] Backup compressed: xie080886_2026-04-16.sql.gz (25M)
[2026-04-16 03:00:26] [INFO] Cleaning up old backups...
[2026-04-16 03:00:26] [INFO] Total backups retained: 3
[2026-04-16 03:00:26] [INFO] Pushing backup to Git repository...
[main 21ef5405] 🗄️ Auto Backup: 2026-04-16
 2 files changed, 20 insertions(+)
 create mode 100644 backups/database/xie080886_2026-04-16.sql.gz
To github.com:gsyi5839-alt/https-vitufinance.com-.git
   9a7748bc..21ef5405  main -> main
[2026-04-16 03:01:30] [INFO] Successfully pushed to 'main' branch
[2026-04-16 03:01:30] [INFO] Git push completed successfully
[2026-04-16 03:01:30] [INFO] =========================================
[2026-04-16 03:01:30] [INFO] Backup Summary:
[2026-04-16 03:01:30] [INFO]   File: xie080886_2026-04-16.sql.gz
[2026-04-16 03:01:30] [INFO]   Size: 25M
[2026-04-16 03:01:30] [INFO]   Location: /www/wwwroot/vitufinance.com/backups/database
[2026-04-16 03:01:30] [INFO] ========== Backup completed successfully ==========
[2026-04-16 03:01:30] [INFO] 
[2026-04-17 02:00:02] ==========================================
[2026-04-17 02:00:02] Starting backup: vitufinance_backup_20260417_020002
[2026-04-17 02:00:02] ==========================================
[2026-04-17 02:00:02] 1. Backing up critical source files...
[2026-04-17 02:00:02]    Critical files backed up: /www/wwwroot/vitufinance.com/backups/critical/critical_20260417_020002.tar.gz
[2026-04-17 02:00:02] 2. Backing up database...
[2026-04-17 02:00:08]    Database backed up: /www/wwwroot/vitufinance.com/backups/daily/db_20260417_020002.sql.gz
[2026-04-17 02:00:08] 3. Generating file integrity hashes...
[2026-04-17 02:00:08]    Hashes saved: /www/wwwroot/vitufinance.com/backups/critical/hashes_20260417_020002.sha256
[2026-04-17 02:00:08] 4. Checking for git changes...
[2026-04-17 02:00:11]    Git commit created
[2026-04-17 02:00:11] 5. Cleaning up old backups...
[2026-04-17 02:00:11]    Old backups cleaned (keeping last 7 days)
[2026-04-17 02:00:11] ==========================================
[2026-04-17 02:00:11] Backup completed successfully!
[2026-04-17 02:00:11] ==========================================
[2026-04-17 02:00:11]    Total backup size: 281M
[2026-04-17 02:00:11] ==========================================
[2026-04-18 02:00:01] ==========================================
[2026-04-18 02:00:01] Starting backup: vitufinance_backup_20260418_020001
[2026-04-18 02:00:01] ==========================================
[2026-04-18 02:00:01] 1. Backing up critical source files...
[2026-04-18 02:00:01]    Critical files backed up: /www/wwwroot/vitufinance.com/backups/critical/critical_20260418_020001.tar.gz
[2026-04-18 02:00:01] 2. Backing up database...
[2026-04-18 02:00:08]    Database backed up: /www/wwwroot/vitufinance.com/backups/daily/db_20260418_020001.sql.gz
[2026-04-18 02:00:08] 3. Generating file integrity hashes...
[2026-04-18 02:00:08]    Hashes saved: /www/wwwroot/vitufinance.com/backups/critical/hashes_20260418_020001.sha256
[2026-04-18 02:00:08] 4. Checking for git changes...
[2026-04-18 02:00:10]    Git commit created
[2026-04-18 02:00:10] 5. Cleaning up old backups...
[2026-04-18 02:00:10]    Old backups cleaned (keeping last 7 days)
[2026-04-18 02:00:10] ==========================================
[2026-04-18 02:00:10] Backup completed successfully!
[2026-04-18 02:00:10] ==========================================
[2026-04-18 02:00:10]    Total backup size: 283M
[2026-04-18 02:00:10] ==========================================
[2026-04-19 02:00:01] ==========================================
[2026-04-19 02:00:01] Starting backup: vitufinance_backup_20260419_020001
[2026-04-19 02:00:01] ==========================================
[2026-04-19 02:00:01] 1. Backing up critical source files...
[2026-04-19 02:00:01]    Critical files backed up: /www/wwwroot/vitufinance.com/backups/critical/critical_20260419_020001.tar.gz
[2026-04-19 02:00:01] 2. Backing up database...
[2026-04-19 02:00:08]    Database backed up: /www/wwwroot/vitufinance.com/backups/daily/db_20260419_020001.sql.gz
[2026-04-19 02:00:08] 3. Generating file integrity hashes...
[2026-04-19 02:00:08]    Hashes saved: /www/wwwroot/vitufinance.com/backups/critical/hashes_20260419_020001.sha256
[2026-04-19 02:00:08] 4. Checking for git changes...
[2026-04-19 02:00:11]    Git commit created
[2026-04-19 02:00:11] 5. Cleaning up old backups...
[2026-04-19 02:00:11]    Old backups cleaned (keeping last 7 days)
[2026-04-19 02:00:11] ==========================================
[2026-04-19 02:00:11] Backup completed successfully!
[2026-04-19 02:00:11] ==========================================
[2026-04-19 02:00:11]    Total backup size: 285M
[2026-04-19 02:00:11] ==========================================
[2026-04-19 03:00:01] [INFO] ========== Starting database backup ==========
[2026-04-19 03:00:01] [INFO] Backup time: 2026-04-19_03-00-01
[2026-04-19 03:00:01] [INFO] Project: /www/wwwroot/vitufinance.com
[2026-04-19 03:00:01] [INFO] Database: xie080886 @ 127.0.0.1:3306
[2026-04-19 03:00:01] [INFO] Creating database backup...
mysqldump: [Warning] Using a password on the command line interface can be insecure.
[2026-04-19 03:00:05] [INFO] Backup created: xie080886_2026-04-19.sql (155M)
[2026-04-19 03:00:05] [INFO] Compressing backup...
[2026-04-19 03:00:27] [INFO] Backup compressed: xie080886_2026-04-19.sql.gz (26M)
[2026-04-19 03:00:27] [INFO] Cleaning up old backups...
[2026-04-19 03:00:27] [INFO] Total backups retained: 3
[2026-04-19 03:00:27] [INFO] Pushing backup to Git repository...
[main 64cd440b] 🗄️ Auto Backup: 2026-04-19
 2 files changed, 20 insertions(+)
 create mode 100644 backups/database/xie080886_2026-04-19.sql.gz
To github.com:gsyi5839-alt/https-vitufinance.com-.git
   21ef5405..64cd440b  main -> main
[2026-04-19 03:01:29] [INFO] Successfully pushed to 'main' branch
[2026-04-19 03:01:29] [INFO] Git push completed successfully
[2026-04-19 03:01:29] [INFO] =========================================
[2026-04-19 03:01:29] [INFO] Backup Summary:
[2026-04-19 03:01:29] [INFO]   File: xie080886_2026-04-19.sql.gz
[2026-04-19 03:01:29] [INFO]   Size: 26M
[2026-04-19 03:01:29] [INFO]   Location: /www/wwwroot/vitufinance.com/backups/database
[2026-04-19 03:01:29] [INFO] ========== Backup completed successfully ==========
[2026-04-19 03:01:29] [INFO] 
[2026-04-20 02:00:01] ==========================================
[2026-04-20 02:00:01] Starting backup: vitufinance_backup_20260420_020001
[2026-04-20 02:00:01] ==========================================
[2026-04-20 02:00:01] 1. Backing up critical source files...
[2026-04-20 02:00:01]    Critical files backed up: /www/wwwroot/vitufinance.com/backups/critical/critical_20260420_020001.tar.gz
[2026-04-20 02:00:01] 2. Backing up database...
[2026-04-20 02:00:08]    Database backed up: /www/wwwroot/vitufinance.com/backups/daily/db_20260420_020001.sql.gz
[2026-04-20 02:00:08] 3. Generating file integrity hashes...
[2026-04-20 02:00:08]    Hashes saved: /www/wwwroot/vitufinance.com/backups/critical/hashes_20260420_020001.sha256
[2026-04-20 02:00:08] 4. Checking for git changes...
[2026-04-20 02:00:10]    Git commit created
[2026-04-20 02:00:10] 5. Cleaning up old backups...
[2026-04-20 02:00:10]    Old backups cleaned (keeping last 7 days)
[2026-04-20 02:00:10] ==========================================
[2026-04-20 02:00:10] Backup completed successfully!
[2026-04-20 02:00:10] ==========================================
[2026-04-20 02:00:10]    Total backup size: 288M
[2026-04-20 02:00:10] ==========================================
[2026-04-21 02:00:01] ==========================================
[2026-04-21 02:00:01] Starting backup: vitufinance_backup_20260421_020001
[2026-04-21 02:00:01] ==========================================
[2026-04-21 02:00:01] 1. Backing up critical source files...
[2026-04-21 02:00:01]    Critical files backed up: /www/wwwroot/vitufinance.com/backups/critical/critical_20260421_020001.tar.gz
[2026-04-21 02:00:01] 2. Backing up database...
[2026-04-21 02:00:08]    Database backed up: /www/wwwroot/vitufinance.com/backups/daily/db_20260421_020001.sql.gz
[2026-04-21 02:00:08] 3. Generating file integrity hashes...
[2026-04-21 02:00:08]    Hashes saved: /www/wwwroot/vitufinance.com/backups/critical/hashes_20260421_020001.sha256
[2026-04-21 02:00:08] 4. Checking for git changes...
[2026-04-21 02:00:10]    Git commit created
[2026-04-21 02:00:10] 5. Cleaning up old backups...
[2026-04-21 02:00:10]    Old backups cleaned (keeping last 7 days)
[2026-04-21 02:00:10] ==========================================
[2026-04-21 02:00:10] Backup completed successfully!
[2026-04-21 02:00:10] ==========================================
[2026-04-21 02:00:10]    Total backup size: 290M
[2026-04-21 02:00:10] ==========================================
[2026-04-22 02:00:01] ==========================================
[2026-04-22 02:00:01] Starting backup: vitufinance_backup_20260422_020001
[2026-04-22 02:00:01] ==========================================
[2026-04-22 02:00:01] 1. Backing up critical source files...
[2026-04-22 02:00:01]    Critical files backed up: /www/wwwroot/vitufinance.com/backups/critical/critical_20260422_020001.tar.gz
[2026-04-22 02:00:01] 2. Backing up database...
[2026-04-22 02:00:08]    Database backed up: /www/wwwroot/vitufinance.com/backups/daily/db_20260422_020001.sql.gz
[2026-04-22 02:00:08] 3. Generating file integrity hashes...
[2026-04-22 02:00:08]    Hashes saved: /www/wwwroot/vitufinance.com/backups/critical/hashes_20260422_020001.sha256
[2026-04-22 02:00:08] 4. Checking for git changes...
[2026-04-22 02:00:10]    Git commit created
[2026-04-22 02:00:10] 5. Cleaning up old backups...
[2026-04-22 02:00:10]    Old backups cleaned (keeping last 7 days)
[2026-04-22 02:00:10] ==========================================
[2026-04-22 02:00:10] Backup completed successfully!
[2026-04-22 02:00:10] ==========================================
[2026-04-22 02:00:10]    Total backup size: 292M
[2026-04-22 02:00:10] ==========================================
[2026-04-22 03:00:01] [INFO] ========== Starting database backup ==========
[2026-04-22 03:00:01] [INFO] Backup time: 2026-04-22_03-00-01
[2026-04-22 03:00:01] [INFO] Project: /www/wwwroot/vitufinance.com
[2026-04-22 03:00:01] [INFO] Database: xie080886 @ 127.0.0.1:3306
[2026-04-22 03:00:01] [INFO] Creating database backup...
mysqldump: [Warning] Using a password on the command line interface can be insecure.
[2026-04-22 03:00:05] [INFO] Backup created: xie080886_2026-04-22.sql (159M)
[2026-04-22 03:00:05] [INFO] Compressing backup...
[2026-04-22 03:00:27] [INFO] Backup compressed: xie080886_2026-04-22.sql.gz (26M)
[2026-04-22 03:00:27] [INFO] Cleaning up old backups...
[2026-04-22 03:00:27] [INFO] Total backups retained: 3
[2026-04-22 03:00:27] [INFO] Pushing backup to Git repository...
[main 6dbb2374] 🗄️ Auto Backup: 2026-04-22
 2 files changed, 20 insertions(+)
 create mode 100644 backups/database/xie080886_2026-04-22.sql.gz
To github.com:gsyi5839-alt/https-vitufinance.com-.git
   64cd440b..6dbb2374  main -> main
[2026-04-22 03:01:32] [INFO] Successfully pushed to 'main' branch
[2026-04-22 03:01:32] [INFO] Git push completed successfully
[2026-04-22 03:01:32] [INFO] =========================================
[2026-04-22 03:01:32] [INFO] Backup Summary:
[2026-04-22 03:01:32] [INFO]   File: xie080886_2026-04-22.sql.gz
[2026-04-22 03:01:32] [INFO]   Size: 26M
[2026-04-22 03:01:32] [INFO]   Location: /www/wwwroot/vitufinance.com/backups/database
[2026-04-22 03:01:32] [INFO] ========== Backup completed successfully ==========
[2026-04-22 03:01:32] [INFO] 
[2026-04-23 02:00:01] ==========================================
[2026-04-23 02:00:01] Starting backup: vitufinance_backup_20260423_020001
[2026-04-23 02:00:01] ==========================================
[2026-04-23 02:00:01] 1. Backing up critical source files...
[2026-04-23 02:00:01]    Critical files backed up: /www/wwwroot/vitufinance.com/backups/critical/critical_20260423_020001.tar.gz
[2026-04-23 02:00:01] 2. Backing up database...
[2026-04-23 02:00:08]    Database backed up: /www/wwwroot/vitufinance.com/backups/daily/db_20260423_020001.sql.gz
[2026-04-23 02:00:08] 3. Generating file integrity hashes...
[2026-04-23 02:00:08]    Hashes saved: /www/wwwroot/vitufinance.com/backups/critical/hashes_20260423_020001.sha256
[2026-04-23 02:00:08] 4. Checking for git changes...
[2026-04-23 02:00:11]    Git commit created
[2026-04-23 02:00:11] 5. Cleaning up old backups...
[2026-04-23 02:00:11]    Old backups cleaned (keeping last 7 days)
[2026-04-23 02:00:11] ==========================================
[2026-04-23 02:00:11] Backup completed successfully!
[2026-04-23 02:00:11] ==========================================
[2026-04-23 02:00:11]    Total backup size: 296M
[2026-04-23 02:00:11] ==========================================
[2026-04-24 02:00:01] ==========================================
[2026-04-24 02:00:01] Starting backup: vitufinance_backup_20260424_020001
[2026-04-24 02:00:01] ==========================================
[2026-04-24 02:00:01] 1. Backing up critical source files...
[2026-04-24 02:00:01]    Critical files backed up: /www/wwwroot/vitufinance.com/backups/critical/critical_20260424_020001.tar.gz
[2026-04-24 02:00:01] 2. Backing up database...
[2026-04-24 02:00:08]    Database backed up: /www/wwwroot/vitufinance.com/backups/daily/db_20260424_020001.sql.gz
[2026-04-24 02:00:08] 3. Generating file integrity hashes...
[2026-04-24 02:00:08]    Hashes saved: /www/wwwroot/vitufinance.com/backups/critical/hashes_20260424_020001.sha256
[2026-04-24 02:00:08] 4. Checking for git changes...
[2026-04-24 02:00:10]    Git commit created
[2026-04-24 02:00:10] 5. Cleaning up old backups...
[2026-04-24 02:00:10]    Old backups cleaned (keeping last 7 days)
[2026-04-24 02:00:10] ==========================================
[2026-04-24 02:00:10] Backup completed successfully!
[2026-04-24 02:00:10] ==========================================
[2026-04-24 02:00:10]    Total backup size: 297M
[2026-04-24 02:00:10] ==========================================
[2026-04-25 02:00:01] ==========================================
[2026-04-25 02:00:01] Starting backup: vitufinance_backup_20260425_020001
[2026-04-25 02:00:01] ==========================================
[2026-04-25 02:00:01] 1. Backing up critical source files...
[2026-04-25 02:00:01]    Critical files backed up: /www/wwwroot/vitufinance.com/backups/critical/critical_20260425_020001.tar.gz
[2026-04-25 02:00:01] 2. Backing up database...
[2026-04-25 02:00:08]    Database backed up: /www/wwwroot/vitufinance.com/backups/daily/db_20260425_020001.sql.gz
[2026-04-25 02:00:08] 3. Generating file integrity hashes...
[2026-04-25 02:00:08]    Hashes saved: /www/wwwroot/vitufinance.com/backups/critical/hashes_20260425_020001.sha256
[2026-04-25 02:00:08] 4. Checking for git changes...
[2026-04-25 02:00:10]    Git commit created
[2026-04-25 02:00:10] 5. Cleaning up old backups...
[2026-04-25 02:00:10]    Old backups cleaned (keeping last 7 days)
[2026-04-25 02:00:10] ==========================================
[2026-04-25 02:00:10] Backup completed successfully!
[2026-04-25 02:00:10] ==========================================
[2026-04-25 02:00:10]    Total backup size: 299M
[2026-04-25 02:00:10] ==========================================
[2026-04-25 03:00:01] [INFO] ========== Starting database backup ==========
[2026-04-25 03:00:01] [INFO] Backup time: 2026-04-25_03-00-01
[2026-04-25 03:00:01] [INFO] Project: /www/wwwroot/vitufinance.com
[2026-04-25 03:00:01] [INFO] Database: xie080886 @ 127.0.0.1:3306
[2026-04-25 03:00:01] [INFO] Creating database backup...
mysqldump: [Warning] Using a password on the command line interface can be insecure.
[2026-04-25 03:00:05] [INFO] Backup created: xie080886_2026-04-25.sql (163M)
[2026-04-25 03:00:05] [INFO] Compressing backup...
[2026-04-25 03:00:28] [INFO] Backup compressed: xie080886_2026-04-25.sql.gz (27M)
[2026-04-25 03:00:28] [INFO] Cleaning up old backups...
[2026-04-25 03:00:28] [INFO] Total backups retained: 3
[2026-04-25 03:00:28] [INFO] Pushing backup to Git repository...
[main 2c9d9f2b] 🗄️ Auto Backup: 2026-04-25
 2 files changed, 20 insertions(+)
 create mode 100644 backups/database/xie080886_2026-04-25.sql.gz
To github.com:gsyi5839-alt/https-vitufinance.com-.git
   6dbb2374..2c9d9f2b  main -> main
[2026-04-25 03:01:37] [INFO] Successfully pushed to 'main' branch
[2026-04-25 03:01:37] [INFO] Git push completed successfully
[2026-04-25 03:01:37] [INFO] =========================================
[2026-04-25 03:01:37] [INFO] Backup Summary:
[2026-04-25 03:01:37] [INFO]   File: xie080886_2026-04-25.sql.gz
[2026-04-25 03:01:37] [INFO]   Size: 27M
[2026-04-25 03:01:37] [INFO]   Location: /www/wwwroot/vitufinance.com/backups/database
[2026-04-25 03:01:37] [INFO] ========== Backup completed successfully ==========
[2026-04-25 03:01:37] [INFO] 
[2026-04-26 02:00:01] ==========================================
[2026-04-26 02:00:01] Starting backup: vitufinance_backup_20260426_020001
[2026-04-26 02:00:01] ==========================================
[2026-04-26 02:00:01] 1. Backing up critical source files...
[2026-04-26 02:00:01]    Critical files backed up: /www/wwwroot/vitufinance.com/backups/critical/critical_20260426_020001.tar.gz
[2026-04-26 02:00:01] 2. Backing up database...
[2026-04-26 02:00:08]    Database backed up: /www/wwwroot/vitufinance.com/backups/daily/db_20260426_020001.sql.gz
[2026-04-26 02:00:08] 3. Generating file integrity hashes...
[2026-04-26 02:00:08]    Hashes saved: /www/wwwroot/vitufinance.com/backups/critical/hashes_20260426_020001.sha256
[2026-04-26 02:00:08] 4. Checking for git changes...
[2026-04-26 02:00:11]    Git commit created
[2026-04-26 02:00:11] 5. Cleaning up old backups...
[2026-04-26 02:00:11]    Old backups cleaned (keeping last 7 days)
[2026-04-26 02:00:11] ==========================================
[2026-04-26 02:00:11] Backup completed successfully!
[2026-04-26 02:00:11] ==========================================
[2026-04-26 02:00:11]    Total backup size: 303M
[2026-04-26 02:00:11] ==========================================
[2026-04-27 02:00:01] ==========================================
[2026-04-27 02:00:01] Starting backup: vitufinance_backup_20260427_020001
[2026-04-27 02:00:01] ==========================================
[2026-04-27 02:00:01] 1. Backing up critical source files...
[2026-04-27 02:00:01]    Critical files backed up: /www/wwwroot/vitufinance.com/backups/critical/critical_20260427_020001.tar.gz
[2026-04-27 02:00:01] 2. Backing up database...
[2026-04-27 02:00:08]    Database backed up: /www/wwwroot/vitufinance.com/backups/daily/db_20260427_020001.sql.gz
[2026-04-27 02:00:08] 3. Generating file integrity hashes...
[2026-04-27 02:00:08]    Hashes saved: /www/wwwroot/vitufinance.com/backups/critical/hashes_20260427_020001.sha256
[2026-04-27 02:00:09] 4. Checking for git changes...
[2026-04-27 02:00:11]    Git commit created
[2026-04-27 02:00:11] 5. Cleaning up old backups...
[2026-04-27 02:00:11]    Old backups cleaned (keeping last 7 days)
[2026-04-27 02:00:11] ==========================================
[2026-04-27 02:00:11] Backup completed successfully!
[2026-04-27 02:00:11] ==========================================
[2026-04-27 02:00:11]    Total backup size: 305M
[2026-04-27 02:00:11] ==========================================
[2026-04-28 02:00:01] ==========================================
[2026-04-28 02:00:01] Starting backup: vitufinance_backup_20260428_020001
[2026-04-28 02:00:01] ==========================================
[2026-04-28 02:00:01] 1. Backing up critical source files...
[2026-04-28 02:00:01]    Critical files backed up: /www/wwwroot/vitufinance.com/backups/critical/critical_20260428_020001.tar.gz
[2026-04-28 02:00:01] 2. Backing up database...
[2026-04-28 02:00:08]    Database backed up: /www/wwwroot/vitufinance.com/backups/daily/db_20260428_020001.sql.gz
[2026-04-28 02:00:08] 3. Generating file integrity hashes...
[2026-04-28 02:00:08]    Hashes saved: /www/wwwroot/vitufinance.com/backups/critical/hashes_20260428_020001.sha256
[2026-04-28 02:00:08] 4. Checking for git changes...
[2026-04-28 02:00:11]    Git commit created
[2026-04-28 02:00:11] 5. Cleaning up old backups...
[2026-04-28 02:00:11]    Old backups cleaned (keeping last 7 days)
[2026-04-28 02:00:11] ==========================================
[2026-04-28 02:00:11] Backup completed successfully!
[2026-04-28 02:00:11] ==========================================
[2026-04-28 02:00:11]    Total backup size: 306M
[2026-04-28 02:00:11] ==========================================
[2026-04-28 03:00:01] [INFO] ========== Starting database backup ==========
[2026-04-28 03:00:01] [INFO] Backup time: 2026-04-28_03-00-01
[2026-04-28 03:00:01] [INFO] Project: /www/wwwroot/vitufinance.com
[2026-04-28 03:00:01] [INFO] Database: xie080886 @ 127.0.0.1:3306
[2026-04-28 03:00:01] [INFO] Creating database backup...
mysqldump: [Warning] Using a password on the command line interface can be insecure.
[2026-04-28 03:00:05] [INFO] Backup created: xie080886_2026-04-28.sql (167M)
[2026-04-28 03:00:05] [INFO] Compressing backup...
[2026-04-28 03:00:28] [INFO] Backup compressed: xie080886_2026-04-28.sql.gz (27M)
[2026-04-28 03:00:28] [INFO] Cleaning up old backups...
[2026-04-28 03:00:28] [INFO] Total backups retained: 3
[2026-04-28 03:00:28] [INFO] Pushing backup to Git repository...
[main 2005a92b] 🗄️ Auto Backup: 2026-04-28
 2 files changed, 20 insertions(+)
 create mode 100644 backups/database/xie080886_2026-04-28.sql.gz
To github.com:gsyi5839-alt/https-vitufinance.com-.git
   2c9d9f2b..2005a92b  main -> main
[2026-04-28 03:01:38] [INFO] Successfully pushed to 'main' branch
[2026-04-28 03:01:38] [INFO] Git push completed successfully
[2026-04-28 03:01:38] [INFO] =========================================
[2026-04-28 03:01:38] [INFO] Backup Summary:
[2026-04-28 03:01:38] [INFO]   File: xie080886_2026-04-28.sql.gz
[2026-04-28 03:01:38] [INFO]   Size: 27M
[2026-04-28 03:01:38] [INFO]   Location: /www/wwwroot/vitufinance.com/backups/database
[2026-04-28 03:01:38] [INFO] ========== Backup completed successfully ==========
[2026-04-28 03:01:38] [INFO] 
[2026-04-29 02:00:01] ==========================================
[2026-04-29 02:00:01] Starting backup: vitufinance_backup_20260429_020001
[2026-04-29 02:00:01] ==========================================
[2026-04-29 02:00:01] 1. Backing up critical source files...
[2026-04-29 02:00:01]    Critical files backed up: /www/wwwroot/vitufinance.com/backups/critical/critical_20260429_020001.tar.gz
[2026-04-29 02:00:01] 2. Backing up database...
[2026-04-29 02:00:09]    Database backed up: /www/wwwroot/vitufinance.com/backups/daily/db_20260429_020001.sql.gz
[2026-04-29 02:00:09] 3. Generating file integrity hashes...
[2026-04-29 02:00:09]    Hashes saved: /www/wwwroot/vitufinance.com/backups/critical/hashes_20260429_020001.sha256
[2026-04-29 02:00:09] 4. Checking for git changes...
[2026-04-29 02:00:12]    Git commit created
[2026-04-29 02:00:12] 5. Cleaning up old backups...
[2026-04-29 02:00:12]    Old backups cleaned (keeping last 7 days)
[2026-04-29 02:00:12] ==========================================
[2026-04-29 02:00:12] Backup completed successfully!
[2026-04-29 02:00:12] ==========================================
[2026-04-29 02:00:12]    Total backup size: 310M
[2026-04-29 02:00:12] ==========================================
[2026-04-30 02:00:01] ==========================================
[2026-04-30 02:00:01] Starting backup: vitufinance_backup_20260430_020001
[2026-04-30 02:00:01] ==========================================
[2026-04-30 02:00:01] 1. Backing up critical source files...
[2026-04-30 02:00:01]    Critical files backed up: /www/wwwroot/vitufinance.com/backups/critical/critical_20260430_020001.tar.gz
[2026-04-30 02:00:01] 2. Backing up database...
[2026-04-30 02:00:09]    Database backed up: /www/wwwroot/vitufinance.com/backups/daily/db_20260430_020001.sql.gz
[2026-04-30 02:00:09] 3. Generating file integrity hashes...
[2026-04-30 02:00:09]    Hashes saved: /www/wwwroot/vitufinance.com/backups/critical/hashes_20260430_020001.sha256
[2026-04-30 02:00:09] 4. Checking for git changes...
[2026-04-30 02:00:11]    Git commit created
[2026-04-30 02:00:11] 5. Cleaning up old backups...
[2026-04-30 02:00:11]    Old backups cleaned (keeping last 7 days)
[2026-04-30 02:00:11] ==========================================
[2026-04-30 02:00:11] Backup completed successfully!
[2026-04-30 02:00:11] ==========================================
[2026-04-30 02:00:11]    Total backup size: 312M
[2026-04-30 02:00:11] ==========================================
[2026-05-01 02:00:01] ==========================================
[2026-05-01 02:00:01] Starting backup: vitufinance_backup_20260501_020001
[2026-05-01 02:00:01] ==========================================
[2026-05-01 02:00:01] 1. Backing up critical source files...
[2026-05-01 02:00:02]    Critical files backed up: /www/wwwroot/vitufinance.com/backups/critical/critical_20260501_020001.tar.gz
[2026-05-01 02:00:02] 2. Backing up database...
[2026-05-01 02:00:09]    Database backed up: /www/wwwroot/vitufinance.com/backups/daily/db_20260501_020001.sql.gz
[2026-05-01 02:00:09] 3. Generating file integrity hashes...
[2026-05-01 02:00:09]    Hashes saved: /www/wwwroot/vitufinance.com/backups/critical/hashes_20260501_020001.sha256
[2026-05-01 02:00:09] 4. Checking for git changes...
[2026-05-01 02:00:11]    Git commit created
[2026-05-01 02:00:11] 5. Cleaning up old backups...
[2026-05-01 02:00:11]    Old backups cleaned (keeping last 7 days)
[2026-05-01 02:00:11] ==========================================
[2026-05-01 02:00:11] Backup completed successfully!
[2026-05-01 02:00:11] ==========================================
[2026-05-01 02:00:11]    Total backup size: 314M
[2026-05-01 02:00:11] ==========================================
[2026-05-01 03:00:01] [INFO] ========== Starting database backup ==========
[2026-05-01 03:00:01] [INFO] Backup time: 2026-05-01_03-00-01
[2026-05-01 03:00:01] [INFO] Project: /www/wwwroot/vitufinance.com
[2026-05-01 03:00:01] [INFO] Database: xie080886 @ 127.0.0.1:3306
[2026-05-01 03:00:01] [INFO] Creating database backup...
mysqldump: [Warning] Using a password on the command line interface can be insecure.
[2026-05-01 03:00:05] [INFO] Backup created: xie080886_2026-05-01.sql (170M)
[2026-05-01 03:00:05] [INFO] Compressing backup...
[2026-05-01 03:00:29] [INFO] Backup compressed: xie080886_2026-05-01.sql.gz (28M)
[2026-05-01 03:00:29] [INFO] Cleaning up old backups...
[2026-05-01 03:00:29] [INFO] Total backups retained: 3
[2026-05-01 03:00:29] [INFO] Pushing backup to Git repository...
[main 7ec8d407] 🗄️ Auto Backup: 2026-05-01
 2 files changed, 20 insertions(+)
 create mode 100644 backups/database/xie080886_2026-05-01.sql.gz
To github.com:gsyi5839-alt/https-vitufinance.com-.git
   2005a92b..7ec8d407  main -> main
[2026-05-01 03:01:42] [INFO] Successfully pushed to 'main' branch
[2026-05-01 03:01:42] [INFO] Git push completed successfully
[2026-05-01 03:01:42] [INFO] =========================================
[2026-05-01 03:01:42] [INFO] Backup Summary:
[2026-05-01 03:01:42] [INFO]   File: xie080886_2026-05-01.sql.gz
[2026-05-01 03:01:42] [INFO]   Size: 28M
[2026-05-01 03:01:42] [INFO]   Location: /www/wwwroot/vitufinance.com/backups/database
[2026-05-01 03:01:42] [INFO] ========== Backup completed successfully ==========
[2026-05-01 03:01:42] [INFO] 
[2026-05-02 02:00:01] ==========================================
[2026-05-02 02:00:01] Starting backup: vitufinance_backup_20260502_020001
[2026-05-02 02:00:01] ==========================================
[2026-05-02 02:00:01] 1. Backing up critical source files...
[2026-05-02 02:00:01]    Critical files backed up: /www/wwwroot/vitufinance.com/backups/critical/critical_20260502_020001.tar.gz
[2026-05-02 02:00:01] 2. Backing up database...
[2026-05-02 02:00:09]    Database backed up: /www/wwwroot/vitufinance.com/backups/daily/db_20260502_020001.sql.gz
[2026-05-02 02:00:09] 3. Generating file integrity hashes...
[2026-05-02 02:00:09]    Hashes saved: /www/wwwroot/vitufinance.com/backups/critical/hashes_20260502_020001.sha256
[2026-05-02 02:00:09] 4. Checking for git changes...
[2026-05-02 02:00:12]    Git commit created
[2026-05-02 02:00:12] 5. Cleaning up old backups...
[2026-05-02 02:00:12]    Old backups cleaned (keeping last 7 days)
[2026-05-02 02:00:12] ==========================================
[2026-05-02 02:00:12] Backup completed successfully!
[2026-05-02 02:00:12] ==========================================
[2026-05-02 02:00:12]    Total backup size: 317M
[2026-05-02 02:00:12] ==========================================
[2026-05-03 02:00:01] ==========================================
[2026-05-03 02:00:01] Starting backup: vitufinance_backup_20260503_020001
[2026-05-03 02:00:01] ==========================================
[2026-05-03 02:00:01] 1. Backing up critical source files...
[2026-05-03 02:00:01]    Critical files backed up: /www/wwwroot/vitufinance.com/backups/critical/critical_20260503_020001.tar.gz
[2026-05-03 02:00:01] 2. Backing up database...
[2026-05-03 02:00:09]    Database backed up: /www/wwwroot/vitufinance.com/backups/daily/db_20260503_020001.sql.gz
[2026-05-03 02:00:09] 3. Generating file integrity hashes...
[2026-05-03 02:00:09]    Hashes saved: /www/wwwroot/vitufinance.com/backups/critical/hashes_20260503_020001.sha256
[2026-05-03 02:00:09] 4. Checking for git changes...
[2026-05-03 02:00:11]    Git commit created
[2026-05-03 02:00:11] 5. Cleaning up old backups...
[2026-05-03 02:00:11]    Old backups cleaned (keeping last 7 days)
[2026-05-03 02:00:11] ==========================================
[2026-05-03 02:00:11] Backup completed successfully!
[2026-05-03 02:00:11] ==========================================
[2026-05-03 02:00:11]    Total backup size: 319M
[2026-05-03 02:00:11] ==========================================
[2026-05-04 02:00:01] ==========================================
[2026-05-04 02:00:01] Starting backup: vitufinance_backup_20260504_020001
[2026-05-04 02:00:01] ==========================================
[2026-05-04 02:00:01] 1. Backing up critical source files...
[2026-05-04 02:00:01]    Critical files backed up: /www/wwwroot/vitufinance.com/backups/critical/critical_20260504_020001.tar.gz
[2026-05-04 02:00:01] 2. Backing up database...
[2026-05-04 02:00:09]    Database backed up: /www/wwwroot/vitufinance.com/backups/daily/db_20260504_020001.sql.gz
[2026-05-04 02:00:09] 3. Generating file integrity hashes...
[2026-05-04 02:00:09]    Hashes saved: /www/wwwroot/vitufinance.com/backups/critical/hashes_20260504_020001.sha256
[2026-05-04 02:00:09] 4. Checking for git changes...
[2026-05-04 02:00:11]    Git commit created
[2026-05-04 02:00:11] 5. Cleaning up old backups...
[2026-05-04 02:00:11]    Old backups cleaned (keeping last 7 days)
[2026-05-04 02:00:11] ==========================================
[2026-05-04 02:00:11] Backup completed successfully!
[2026-05-04 02:00:11] ==========================================
[2026-05-04 02:00:11]    Total backup size: 321M
[2026-05-04 02:00:11] ==========================================
[2026-05-04 03:00:01] [INFO] ========== Starting database backup ==========
[2026-05-04 03:00:01] [INFO] Backup time: 2026-05-04_03-00-01
[2026-05-04 03:00:01] [INFO] Project: /www/wwwroot/vitufinance.com
[2026-05-04 03:00:01] [INFO] Database: xie080886 @ 127.0.0.1:3306
[2026-05-04 03:00:01] [INFO] Creating database backup...
mysqldump: [Warning] Using a password on the command line interface can be insecure.
[2026-05-04 03:00:05] [INFO] Backup created: xie080886_2026-05-04.sql (174M)
[2026-05-04 03:00:05] [INFO] Compressing backup...
[2026-05-04 03:00:30] [INFO] Backup compressed: xie080886_2026-05-04.sql.gz (29M)
[2026-05-04 03:00:30] [INFO] Cleaning up old backups...
[2026-05-04 03:00:30] [INFO] Total backups retained: 3
[2026-05-04 03:00:30] [INFO] Pushing backup to Git repository...
[main 4115116f] 🗄️ Auto Backup: 2026-05-04
 2 files changed, 20 insertions(+)
 create mode 100644 backups/database/xie080886_2026-05-04.sql.gz
To github.com:gsyi5839-alt/https-vitufinance.com-.git
   7ec8d407..4115116f  main -> main
[2026-05-04 03:01:41] [INFO] Successfully pushed to 'main' branch
[2026-05-04 03:01:41] [INFO] Git push completed successfully
[2026-05-04 03:01:41] [INFO] =========================================
[2026-05-04 03:01:41] [INFO] Backup Summary:
[2026-05-04 03:01:41] [INFO]   File: xie080886_2026-05-04.sql.gz
[2026-05-04 03:01:41] [INFO]   Size: 29M
[2026-05-04 03:01:41] [INFO]   Location: /www/wwwroot/vitufinance.com/backups/database
[2026-05-04 03:01:41] [INFO] ========== Backup completed successfully ==========
[2026-05-04 03:01:41] [INFO] 
[2026-05-05 02:00:01] ==========================================
[2026-05-05 02:00:01] Starting backup: vitufinance_backup_20260505_020001
[2026-05-05 02:00:01] ==========================================
[2026-05-05 02:00:01] 1. Backing up critical source files...
[2026-05-05 02:00:01]    Critical files backed up: /www/wwwroot/vitufinance.com/backups/critical/critical_20260505_020001.tar.gz
[2026-05-05 02:00:01] 2. Backing up database...
[2026-05-05 02:00:09]    Database backed up: /www/wwwroot/vitufinance.com/backups/daily/db_20260505_020001.sql.gz
[2026-05-05 02:00:09] 3. Generating file integrity hashes...
[2026-05-05 02:00:09]    Hashes saved: /www/wwwroot/vitufinance.com/backups/critical/hashes_20260505_020001.sha256
[2026-05-05 02:00:09] 4. Checking for git changes...
[2026-05-05 02:00:12]    Git commit created
[2026-05-05 02:00:12] 5. Cleaning up old backups...
[2026-05-05 02:00:12]    Old backups cleaned (keeping last 7 days)
[2026-05-05 02:00:12] ==========================================
[2026-05-05 02:00:12] Backup completed successfully!
[2026-05-05 02:00:12] ==========================================
[2026-05-05 02:00:12]    Total backup size: 325M
[2026-05-05 02:00:12] ==========================================
[2026-05-06 02:00:01] ==========================================
[2026-05-06 02:00:01] Starting backup: vitufinance_backup_20260506_020001
[2026-05-06 02:00:01] ==========================================
[2026-05-06 02:00:01] 1. Backing up critical source files...
[2026-05-06 02:00:01]    Critical files backed up: /www/wwwroot/vitufinance.com/backups/critical/critical_20260506_020001.tar.gz
[2026-05-06 02:00:01] 2. Backing up database...
[2026-05-06 02:00:08]    Database backed up: /www/wwwroot/vitufinance.com/backups/daily/db_20260506_020001.sql.gz
[2026-05-06 02:00:08] 3. Generating file integrity hashes...
[2026-05-06 02:00:08]    Hashes saved: /www/wwwroot/vitufinance.com/backups/critical/hashes_20260506_020001.sha256
[2026-05-06 02:00:08] 4. Checking for git changes...
[2026-05-06 02:00:11]    Git commit created
[2026-05-06 02:00:11] 5. Cleaning up old backups...
[2026-05-06 02:00:11]    Old backups cleaned (keeping last 7 days)
[2026-05-06 02:00:11] ==========================================
[2026-05-06 02:00:11] Backup completed successfully!
[2026-05-06 02:00:11] ==========================================
[2026-05-06 02:00:11]    Total backup size: 326M
[2026-05-06 02:00:11] ==========================================
[2026-05-07 02:00:01] ==========================================
[2026-05-07 02:00:01] Starting backup: vitufinance_backup_20260507_020001
[2026-05-07 02:00:01] ==========================================
[2026-05-07 02:00:01] 1. Backing up critical source files...
[2026-05-07 02:00:01]    Critical files backed up: /www/wwwroot/vitufinance.com/backups/critical/critical_20260507_020001.tar.gz
[2026-05-07 02:00:01] 2. Backing up database...
[2026-05-07 02:00:09]    Database backed up: /www/wwwroot/vitufinance.com/backups/daily/db_20260507_020001.sql.gz
[2026-05-07 02:00:09] 3. Generating file integrity hashes...
[2026-05-07 02:00:09]    Hashes saved: /www/wwwroot/vitufinance.com/backups/critical/hashes_20260507_020001.sha256
[2026-05-07 02:00:09] 4. Checking for git changes...
[2026-05-07 02:00:11]    Git commit created
[2026-05-07 02:00:11] 5. Cleaning up old backups...
[2026-05-07 02:00:11]    Old backups cleaned (keeping last 7 days)
[2026-05-07 02:00:11] ==========================================
[2026-05-07 02:00:11] Backup completed successfully!
[2026-05-07 02:00:11] ==========================================
[2026-05-07 02:00:11]    Total backup size: 328M
[2026-05-07 02:00:11] ==========================================
[2026-05-07 03:00:01] [INFO] ========== Starting database backup ==========
[2026-05-07 03:00:01] [INFO] Backup time: 2026-05-07_03-00-01
[2026-05-07 03:00:01] [INFO] Project: /www/wwwroot/vitufinance.com
[2026-05-07 03:00:01] [INFO] Database: xie080886 @ 127.0.0.1:3306
[2026-05-07 03:00:01] [INFO] Creating database backup...
mysqldump: [Warning] Using a password on the command line interface can be insecure.
[2026-05-07 03:00:05] [INFO] Backup created: xie080886_2026-05-07.sql (178M)
[2026-05-07 03:00:05] [INFO] Compressing backup...
[2026-05-07 03:00:31] [INFO] Backup compressed: xie080886_2026-05-07.sql.gz (29M)
[2026-05-07 03:00:31] [INFO] Cleaning up old backups...
[2026-05-07 03:00:31] [INFO] Total backups retained: 3
[2026-05-07 03:00:31] [INFO] Pushing backup to Git repository...
[main 69327dd0] 🗄️ Auto Backup: 2026-05-07
 2 files changed, 20 insertions(+)
 create mode 100644 backups/database/xie080886_2026-05-07.sql.gz
To github.com:gsyi5839-alt/https-vitufinance.com-.git
   4115116f..69327dd0  main -> main
[2026-05-07 03:01:46] [INFO] Successfully pushed to 'main' branch
[2026-05-07 03:01:46] [INFO] Git push completed successfully
[2026-05-07 03:01:46] [INFO] =========================================
[2026-05-07 03:01:46] [INFO] Backup Summary:
[2026-05-07 03:01:46] [INFO]   File: xie080886_2026-05-07.sql.gz
[2026-05-07 03:01:46] [INFO]   Size: 29M
[2026-05-07 03:01:46] [INFO]   Location: /www/wwwroot/vitufinance.com/backups/database
[2026-05-07 03:01:46] [INFO] ========== Backup completed successfully ==========
[2026-05-07 03:01:46] [INFO] 
[2026-05-08 02:00:01] ==========================================
[2026-05-08 02:00:01] Starting backup: vitufinance_backup_20260508_020001
[2026-05-08 02:00:01] ==========================================
[2026-05-08 02:00:01] 1. Backing up critical source files...
[2026-05-08 02:00:01]    Critical files backed up: /www/wwwroot/vitufinance.com/backups/critical/critical_20260508_020001.tar.gz
[2026-05-08 02:00:01] 2. Backing up database...
[2026-05-08 02:00:10]    Database backed up: /www/wwwroot/vitufinance.com/backups/daily/db_20260508_020001.sql.gz
[2026-05-08 02:00:10] 3. Generating file integrity hashes...
[2026-05-08 02:00:10]    Hashes saved: /www/wwwroot/vitufinance.com/backups/critical/hashes_20260508_020001.sha256
[2026-05-08 02:00:10] 4. Checking for git changes...
[2026-05-08 02:00:13]    Git commit created
[2026-05-08 02:00:13] 5. Cleaning up old backups...
[2026-05-08 02:00:13]    Old backups cleaned (keeping last 7 days)
[2026-05-08 02:00:13] ==========================================
[2026-05-08 02:00:13] Backup completed successfully!
[2026-05-08 02:00:13] ==========================================
[2026-05-08 02:00:13]    Total backup size: 332M
[2026-05-08 02:00:13] ==========================================
[2026-05-09 02:00:01] ==========================================
[2026-05-09 02:00:01] Starting backup: vitufinance_backup_20260509_020001
[2026-05-09 02:00:01] ==========================================
[2026-05-09 02:00:01] 1. Backing up critical source files...
[2026-05-09 02:00:01]    Critical files backed up: /www/wwwroot/vitufinance.com/backups/critical/critical_20260509_020001.tar.gz
[2026-05-09 02:00:01] 2. Backing up database...
[2026-05-09 02:00:09]    Database backed up: /www/wwwroot/vitufinance.com/backups/daily/db_20260509_020001.sql.gz
[2026-05-09 02:00:09] 3. Generating file integrity hashes...
[2026-05-09 02:00:09]    Hashes saved: /www/wwwroot/vitufinance.com/backups/critical/hashes_20260509_020001.sha256
[2026-05-09 02:00:09] 4. Checking for git changes...
[2026-05-09 02:00:13]    Git commit created
[2026-05-09 02:00:13] 5. Cleaning up old backups...
[2026-05-09 02:00:13]    Old backups cleaned (keeping last 7 days)
[2026-05-09 02:00:13] ==========================================
[2026-05-09 02:00:13] Backup completed successfully!
[2026-05-09 02:00:13] ==========================================
[2026-05-09 02:00:13]    Total backup size: 334M
[2026-05-09 02:00:13] ==========================================
[2026-05-10 02:00:01] ==========================================
[2026-05-10 02:00:01] Starting backup: vitufinance_backup_20260510_020001
[2026-05-10 02:00:01] ==========================================
[2026-05-10 02:00:01] 1. Backing up critical source files...
[2026-05-10 02:00:01]    Critical files backed up: /www/wwwroot/vitufinance.com/backups/critical/critical_20260510_020001.tar.gz
[2026-05-10 02:00:01] 2. Backing up database...
[2026-05-10 02:00:10]    Database backed up: /www/wwwroot/vitufinance.com/backups/daily/db_20260510_020001.sql.gz
[2026-05-10 02:00:10] 3. Generating file integrity hashes...
[2026-05-10 02:00:10]    Hashes saved: /www/wwwroot/vitufinance.com/backups/critical/hashes_20260510_020001.sha256
[2026-05-10 02:00:10] 4. Checking for git changes...
[2026-05-10 02:00:13]    Git commit created
[2026-05-10 02:00:13] 5. Cleaning up old backups...
[2026-05-10 02:00:13]    Old backups cleaned (keeping last 7 days)
[2026-05-10 02:00:13] ==========================================
[2026-05-10 02:00:13] Backup completed successfully!
[2026-05-10 02:00:13] ==========================================
[2026-05-10 02:00:13]    Total backup size: 335M
[2026-05-10 02:00:13] ==========================================
[2026-05-10 03:00:01] [INFO] ========== Starting database backup ==========
[2026-05-10 03:00:01] [INFO] Backup time: 2026-05-10_03-00-01
[2026-05-10 03:00:01] [INFO] Project: /www/wwwroot/vitufinance.com
[2026-05-10 03:00:01] [INFO] Database: xie080886 @ 127.0.0.1:3306
[2026-05-10 03:00:01] [INFO] Creating database backup...
mysqldump: [Warning] Using a password on the command line interface can be insecure.
[2026-05-10 03:00:05] [INFO] Backup created: xie080886_2026-05-10.sql (182M)
[2026-05-10 03:00:05] [INFO] Compressing backup...
[2026-05-10 03:00:30] [INFO] Backup compressed: xie080886_2026-05-10.sql.gz (30M)
[2026-05-10 03:00:30] [INFO] Cleaning up old backups...
[2026-05-10 03:00:30] [INFO] Total backups retained: 3
[2026-05-10 03:00:30] [INFO] Pushing backup to Git repository...
[main 374fea65] 🗄️ Auto Backup: 2026-05-10
 2 files changed, 20 insertions(+)
 create mode 100644 backups/database/xie080886_2026-05-10.sql.gz
To github.com:gsyi5839-alt/https-vitufinance.com-.git
   69327dd0..374fea65  main -> main
[2026-05-10 03:01:45] [INFO] Successfully pushed to 'main' branch
[2026-05-10 03:01:45] [INFO] Git push completed successfully
[2026-05-10 03:01:45] [INFO] =========================================
[2026-05-10 03:01:45] [INFO] Backup Summary:
[2026-05-10 03:01:45] [INFO]   File: xie080886_2026-05-10.sql.gz
[2026-05-10 03:01:45] [INFO]   Size: 30M
[2026-05-10 03:01:45] [INFO]   Location: /www/wwwroot/vitufinance.com/backups/database
[2026-05-10 03:01:45] [INFO] ========== Backup completed successfully ==========
[2026-05-10 03:01:45] [INFO] 
[2026-05-11 02:00:01] ==========================================
[2026-05-11 02:00:01] Starting backup: vitufinance_backup_20260511_020001
[2026-05-11 02:00:01] ==========================================
[2026-05-11 02:00:01] 1. Backing up critical source files...
[2026-05-11 02:00:01]    Critical files backed up: /www/wwwroot/vitufinance.com/backups/critical/critical_20260511_020001.tar.gz
[2026-05-11 02:00:01] 2. Backing up database...
[2026-05-11 02:00:10]    Database backed up: /www/wwwroot/vitufinance.com/backups/daily/db_20260511_020001.sql.gz
[2026-05-11 02:00:10] 3. Generating file integrity hashes...
[2026-05-11 02:00:10]    Hashes saved: /www/wwwroot/vitufinance.com/backups/critical/hashes_20260511_020001.sha256
[2026-05-11 02:00:10] 4. Checking for git changes...
[2026-05-11 02:00:14]    Git commit created
[2026-05-11 02:00:14] 5. Cleaning up old backups...
[2026-05-11 02:00:14]    Old backups cleaned (keeping last 7 days)
[2026-05-11 02:00:14] ==========================================
[2026-05-11 02:00:14] Backup completed successfully!
[2026-05-11 02:00:14] ==========================================
[2026-05-11 02:00:14]    Total backup size: 339M
[2026-05-11 02:00:14] ==========================================
[2026-05-12 02:00:01] ==========================================
[2026-05-12 02:00:01] Starting backup: vitufinance_backup_20260512_020001
[2026-05-12 02:00:01] ==========================================
[2026-05-12 02:00:01] 1. Backing up critical source files...
[2026-05-12 02:00:01]    Critical files backed up: /www/wwwroot/vitufinance.com/backups/critical/critical_20260512_020001.tar.gz
[2026-05-12 02:00:01] 2. Backing up database...
[2026-05-12 02:00:09]    Database backed up: /www/wwwroot/vitufinance.com/backups/daily/db_20260512_020001.sql.gz
[2026-05-12 02:00:09] 3. Generating file integrity hashes...
[2026-05-12 02:00:09]    Hashes saved: /www/wwwroot/vitufinance.com/backups/critical/hashes_20260512_020001.sha256
[2026-05-12 02:00:09] 4. Checking for git changes...
[2026-05-12 02:00:12]    Git commit created
[2026-05-12 02:00:12] 5. Cleaning up old backups...
[2026-05-12 02:00:12]    Old backups cleaned (keeping last 7 days)
[2026-05-12 02:00:12] ==========================================
[2026-05-12 02:00:12] Backup completed successfully!
[2026-05-12 02:00:12] ==========================================
[2026-05-12 02:00:12]    Total backup size: 341M
[2026-05-12 02:00:12] ==========================================
[2026-05-13 02:00:01] ==========================================
[2026-05-13 02:00:01] Starting backup: vitufinance_backup_20260513_020001
[2026-05-13 02:00:01] ==========================================
[2026-05-13 02:00:01] 1. Backing up critical source files...
[2026-05-13 02:00:01]    Critical files backed up: /www/wwwroot/vitufinance.com/backups/critical/critical_20260513_020001.tar.gz
[2026-05-13 02:00:01] 2. Backing up database...
[2026-05-13 02:00:09]    Database backed up: /www/wwwroot/vitufinance.com/backups/daily/db_20260513_020001.sql.gz
[2026-05-13 02:00:09] 3. Generating file integrity hashes...
[2026-05-13 02:00:09]    Hashes saved: /www/wwwroot/vitufinance.com/backups/critical/hashes_20260513_020001.sha256
[2026-05-13 02:00:09] 4. Checking for git changes...
[2026-05-13 02:00:11]    Git commit created
[2026-05-13 02:00:11] 5. Cleaning up old backups...
[2026-05-13 02:00:11]    Old backups cleaned (keeping last 7 days)
[2026-05-13 02:00:11] ==========================================
[2026-05-13 02:00:11] Backup completed successfully!
[2026-05-13 02:00:11] ==========================================
[2026-05-13 02:00:11]    Total backup size: 343M
[2026-05-13 02:00:11] ==========================================
[2026-05-13 03:00:01] [INFO] ========== Starting database backup ==========
[2026-05-13 03:00:01] [INFO] Backup time: 2026-05-13_03-00-01
[2026-05-13 03:00:01] [INFO] Project: /www/wwwroot/vitufinance.com
[2026-05-13 03:00:01] [INFO] Database: xie080886 @ 127.0.0.1:3306
[2026-05-13 03:00:01] [INFO] Creating database backup...
mysqldump: [Warning] Using a password on the command line interface can be insecure.
[2026-05-13 03:00:04] [INFO] Backup created: xie080886_2026-05-13.sql (186M)
[2026-05-13 03:00:04] [INFO] Compressing backup...
[2026-05-13 03:00:30] [INFO] Backup compressed: xie080886_2026-05-13.sql.gz (31M)
[2026-05-13 03:00:30] [INFO] Cleaning up old backups...
[2026-05-13 03:00:30] [INFO] Total backups retained: 3
[2026-05-13 03:00:30] [INFO] Pushing backup to Git repository...
[main a20ae00f] 🗄️ Auto Backup: 2026-05-13
 2 files changed, 20 insertions(+)
 create mode 100644 backups/database/xie080886_2026-05-13.sql.gz
To github.com:gsyi5839-alt/https-vitufinance.com-.git
   374fea65..a20ae00f  main -> main
[2026-05-13 03:01:46] [INFO] Successfully pushed to 'main' branch
[2026-05-13 03:01:46] [INFO] Git push completed successfully
[2026-05-13 03:01:46] [INFO] =========================================
[2026-05-13 03:01:46] [INFO] Backup Summary:
[2026-05-13 03:01:46] [INFO]   File: xie080886_2026-05-13.sql.gz
[2026-05-13 03:01:46] [INFO]   Size: 31M
[2026-05-13 03:01:46] [INFO]   Location: /www/wwwroot/vitufinance.com/backups/database
[2026-05-13 03:01:46] [INFO] ========== Backup completed successfully ==========
[2026-05-13 03:01:46] [INFO] 
[2026-05-14 02:00:01] ==========================================
[2026-05-14 02:00:01] Starting backup: vitufinance_backup_20260514_020001
[2026-05-14 02:00:01] ==========================================
[2026-05-14 02:00:01] 1. Backing up critical source files...
[2026-05-14 02:00:01]    Critical files backed up: /www/wwwroot/vitufinance.com/backups/critical/critical_20260514_020001.tar.gz
[2026-05-14 02:00:01] 2. Backing up database...
[2026-05-14 02:00:09]    Database backed up: /www/wwwroot/vitufinance.com/backups/daily/db_20260514_020001.sql.gz
[2026-05-14 02:00:09] 3. Generating file integrity hashes...
[2026-05-14 02:00:09]    Hashes saved: /www/wwwroot/vitufinance.com/backups/critical/hashes_20260514_020001.sha256
[2026-05-14 02:00:09] 4. Checking for git changes...
[2026-05-14 02:00:12]    Git commit created
[2026-05-14 02:00:12] 5. Cleaning up old backups...
[2026-05-14 02:00:12]    Old backups cleaned (keeping last 7 days)
[2026-05-14 02:00:12] ==========================================
[2026-05-14 02:00:12] Backup completed successfully!
[2026-05-14 02:00:12] ==========================================
[2026-05-14 02:00:12]    Total backup size: 346M
[2026-05-14 02:00:12] ==========================================
[2026-05-15 02:00:02] ==========================================
[2026-05-15 02:00:02] Starting backup: vitufinance_backup_20260515_020001
[2026-05-15 02:00:02] ==========================================
[2026-05-15 02:00:02] 1. Backing up critical source files...
[2026-05-15 02:00:02]    Critical files backed up: /www/wwwroot/vitufinance.com/backups/critical/critical_20260515_020001.tar.gz
[2026-05-15 02:00:02] 2. Backing up database...
[2026-05-15 02:00:10]    Database backed up: /www/wwwroot/vitufinance.com/backups/daily/db_20260515_020001.sql.gz
[2026-05-15 02:00:10] 3. Generating file integrity hashes...
[2026-05-15 02:00:10]    Hashes saved: /www/wwwroot/vitufinance.com/backups/critical/hashes_20260515_020001.sha256
[2026-05-15 02:00:10] 4. Checking for git changes...
[2026-05-15 02:00:12]    Git commit created
[2026-05-15 02:00:12] 5. Cleaning up old backups...
[2026-05-15 02:00:12]    Old backups cleaned (keeping last 7 days)
[2026-05-15 02:00:12] ==========================================
[2026-05-15 02:00:12] Backup completed successfully!
[2026-05-15 02:00:12] ==========================================
[2026-05-15 02:00:12]    Total backup size: 348M
[2026-05-15 02:00:12] ==========================================
[2026-05-16 02:00:01] ==========================================
[2026-05-16 02:00:01] Starting backup: vitufinance_backup_20260516_020001
[2026-05-16 02:00:01] ==========================================
[2026-05-16 02:00:01] 1. Backing up critical source files...
[2026-05-16 02:00:01]    Critical files backed up: /www/wwwroot/vitufinance.com/backups/critical/critical_20260516_020001.tar.gz
[2026-05-16 02:00:01] 2. Backing up database...
[2026-05-16 02:00:09]    Database backed up: /www/wwwroot/vitufinance.com/backups/daily/db_20260516_020001.sql.gz
[2026-05-16 02:00:09] 3. Generating file integrity hashes...
[2026-05-16 02:00:09]    Hashes saved: /www/wwwroot/vitufinance.com/backups/critical/hashes_20260516_020001.sha256
[2026-05-16 02:00:09] 4. Checking for git changes...
[2026-05-16 02:00:12]    Git commit created
[2026-05-16 02:00:12] 5. Cleaning up old backups...
[2026-05-16 02:00:12]    Old backups cleaned (keeping last 7 days)
[2026-05-16 02:00:12] ==========================================
[2026-05-16 02:00:12] Backup completed successfully!
[2026-05-16 02:00:12] ==========================================
[2026-05-16 02:00:12]    Total backup size: 350M
[2026-05-16 02:00:12] ==========================================
[2026-05-16 03:00:01] [INFO] ========== Starting database backup ==========
[2026-05-16 03:00:01] [INFO] Backup time: 2026-05-16_03-00-01
[2026-05-16 03:00:01] [INFO] Project: /www/wwwroot/vitufinance.com
[2026-05-16 03:00:01] [INFO] Database: xie080886 @ 127.0.0.1:3306
[2026-05-16 03:00:01] [INFO] Creating database backup...
mysqldump: [Warning] Using a password on the command line interface can be insecure.
[2026-05-16 03:00:06] [INFO] Backup created: xie080886_2026-05-16.sql (189M)
[2026-05-16 03:00:06] [INFO] Compressing backup...
[2026-05-16 03:00:32] [INFO] Backup compressed: xie080886_2026-05-16.sql.gz (31M)
[2026-05-16 03:00:32] [INFO] Cleaning up old backups...
[2026-05-16 03:00:32] [INFO] Total backups retained: 3
[2026-05-16 03:00:32] [INFO] Pushing backup to Git repository...
[main b4c8d9aa] 🗄️ Auto Backup: 2026-05-16
 2 files changed, 20 insertions(+)
 create mode 100644 backups/database/xie080886_2026-05-16.sql.gz
To github.com:gsyi5839-alt/https-vitufinance.com-.git
   a20ae00f..b4c8d9aa  main -> main
[2026-05-16 03:01:52] [INFO] Successfully pushed to 'main' branch
[2026-05-16 03:01:52] [INFO] Git push completed successfully
[2026-05-16 03:01:52] [INFO] =========================================
[2026-05-16 03:01:52] [INFO] Backup Summary:
[2026-05-16 03:01:52] [INFO]   File: xie080886_2026-05-16.sql.gz
[2026-05-16 03:01:52] [INFO]   Size: 31M
[2026-05-16 03:01:52] [INFO]   Location: /www/wwwroot/vitufinance.com/backups/database
[2026-05-16 03:01:52] [INFO] ========== Backup completed successfully ==========
[2026-05-16 03:01:52] [INFO] 
[2026-05-17 02:00:01] ==========================================
[2026-05-17 02:00:01] Starting backup: vitufinance_backup_20260517_020001
[2026-05-17 02:00:01] ==========================================
[2026-05-17 02:00:01] 1. Backing up critical source files...
[2026-05-17 02:00:01]    Critical files backed up: /www/wwwroot/vitufinance.com/backups/critical/critical_20260517_020001.tar.gz
[2026-05-17 02:00:01] 2. Backing up database...
[2026-05-17 02:00:10]    Database backed up: /www/wwwroot/vitufinance.com/backups/daily/db_20260517_020001.sql.gz
[2026-05-17 02:00:10] 3. Generating file integrity hashes...
[2026-05-17 02:00:10]    Hashes saved: /www/wwwroot/vitufinance.com/backups/critical/hashes_20260517_020001.sha256
[2026-05-17 02:00:10] 4. Checking for git changes...
[2026-05-17 02:00:12]    Git commit created
[2026-05-17 02:00:12] 5. Cleaning up old backups...
[2026-05-17 02:00:12]    Old backups cleaned (keeping last 7 days)
[2026-05-17 02:00:12] ==========================================
[2026-05-17 02:00:12] Backup completed successfully!
[2026-05-17 02:00:12] ==========================================
[2026-05-17 02:00:12]    Total backup size: 353M
[2026-05-17 02:00:12] ==========================================
[2026-05-18 02:00:01] ==========================================
[2026-05-18 02:00:01] Starting backup: vitufinance_backup_20260518_020001
[2026-05-18 02:00:01] ==========================================
[2026-05-18 02:00:01] 1. Backing up critical source files...
[2026-05-18 02:00:01]    Critical files backed up: /www/wwwroot/vitufinance.com/backups/critical/critical_20260518_020001.tar.gz
[2026-05-18 02:00:01] 2. Backing up database...
[2026-05-18 02:00:09]    Database backed up: /www/wwwroot/vitufinance.com/backups/daily/db_20260518_020001.sql.gz
[2026-05-18 02:00:09] 3. Generating file integrity hashes...
[2026-05-18 02:00:09]    Hashes saved: /www/wwwroot/vitufinance.com/backups/critical/hashes_20260518_020001.sha256
[2026-05-18 02:00:09] 4. Checking for git changes...
[2026-05-18 02:00:12]    Git commit created
[2026-05-18 02:00:12] 5. Cleaning up old backups...
[2026-05-18 02:00:12]    Old backups cleaned (keeping last 7 days)
[2026-05-18 02:00:12] ==========================================
[2026-05-18 02:00:12] Backup completed successfully!
[2026-05-18 02:00:12] ==========================================
[2026-05-18 02:00:12]    Total backup size: 355M
[2026-05-18 02:00:12] ==========================================
[2026-05-19 02:00:01] ==========================================
[2026-05-19 02:00:01] Starting backup: vitufinance_backup_20260519_020001
[2026-05-19 02:00:01] ==========================================
[2026-05-19 02:00:01] 1. Backing up critical source files...
[2026-05-19 02:00:01]    Critical files backed up: /www/wwwroot/vitufinance.com/backups/critical/critical_20260519_020001.tar.gz
[2026-05-19 02:00:01] 2. Backing up database...
[2026-05-19 02:00:09]    Database backed up: /www/wwwroot/vitufinance.com/backups/daily/db_20260519_020001.sql.gz
[2026-05-19 02:00:09] 3. Generating file integrity hashes...
[2026-05-19 02:00:09]    Hashes saved: /www/wwwroot/vitufinance.com/backups/critical/hashes_20260519_020001.sha256
[2026-05-19 02:00:09] 4. Checking for git changes...
[2026-05-19 02:00:12]    Git commit created
[2026-05-19 02:00:12] 5. Cleaning up old backups...
[2026-05-19 02:00:12]    Old backups cleaned (keeping last 7 days)
[2026-05-19 02:00:12] ==========================================
[2026-05-19 02:00:12] Backup completed successfully!
[2026-05-19 02:00:12] ==========================================
[2026-05-19 02:00:12]    Total backup size: 357M
[2026-05-19 02:00:12] ==========================================
[2026-05-19 03:00:01] [INFO] ========== Starting database backup ==========
[2026-05-19 03:00:01] [INFO] Backup time: 2026-05-19_03-00-01
[2026-05-19 03:00:01] [INFO] Project: /www/wwwroot/vitufinance.com
[2026-05-19 03:00:01] [INFO] Database: xie080886 @ 127.0.0.1:3306
[2026-05-19 03:00:01] [INFO] Creating database backup...
mysqldump: [Warning] Using a password on the command line interface can be insecure.
[2026-05-19 03:00:05] [INFO] Backup created: xie080886_2026-05-19.sql (193M)
[2026-05-19 03:00:05] [INFO] Compressing backup...
[2026-05-19 03:00:32] [INFO] Backup compressed: xie080886_2026-05-19.sql.gz (32M)
[2026-05-19 03:00:32] [INFO] Cleaning up old backups...
[2026-05-19 03:00:32] [INFO] Total backups retained: 3
[2026-05-19 03:00:33] [INFO] Pushing backup to Git repository...
[main 07382fe4] 🗄️ Auto Backup: 2026-05-19
 2 files changed, 20 insertions(+)
 create mode 100644 backups/database/xie080886_2026-05-19.sql.gz
To github.com:gsyi5839-alt/https-vitufinance.com-.git
   b4c8d9aa..07382fe4  main -> main
[2026-05-19 03:01:53] [INFO] Successfully pushed to 'main' branch
[2026-05-19 03:01:53] [INFO] Git push completed successfully
[2026-05-19 03:01:53] [INFO] =========================================
[2026-05-19 03:01:53] [INFO] Backup Summary:
[2026-05-19 03:01:53] [INFO]   File: xie080886_2026-05-19.sql.gz
[2026-05-19 03:01:53] [INFO]   Size: 32M
[2026-05-19 03:01:53] [INFO]   Location: /www/wwwroot/vitufinance.com/backups/database
[2026-05-19 03:01:53] [INFO] ========== Backup completed successfully ==========
[2026-05-19 03:01:53] [INFO] 
[2026-05-20 02:00:01] ==========================================
[2026-05-20 02:00:01] Starting backup: vitufinance_backup_20260520_020001
[2026-05-20 02:00:01] ==========================================
[2026-05-20 02:00:01] 1. Backing up critical source files...
[2026-05-20 02:00:01]    Critical files backed up: /www/wwwroot/vitufinance.com/backups/critical/critical_20260520_020001.tar.gz
[2026-05-20 02:00:01] 2. Backing up database...
[2026-05-20 02:00:09]    Database backed up: /www/wwwroot/vitufinance.com/backups/daily/db_20260520_020001.sql.gz
[2026-05-20 02:00:09] 3. Generating file integrity hashes...
[2026-05-20 02:00:09]    Hashes saved: /www/wwwroot/vitufinance.com/backups/critical/hashes_20260520_020001.sha256
[2026-05-20 02:00:09] 4. Checking for git changes...
[2026-05-20 02:00:13]    Git commit created
[2026-05-20 02:00:13] 5. Cleaning up old backups...
[2026-05-20 02:00:13]    Old backups cleaned (keeping last 7 days)
[2026-05-20 02:00:13] ==========================================
[2026-05-20 02:00:13] Backup completed successfully!
[2026-05-20 02:00:13] ==========================================
[2026-05-20 02:00:13]    Total backup size: 361M
[2026-05-20 02:00:13] ==========================================
[2026-05-21 02:00:01] ==========================================
[2026-05-21 02:00:01] Starting backup: vitufinance_backup_20260521_020001
[2026-05-21 02:00:01] ==========================================
[2026-05-21 02:00:01] 1. Backing up critical source files...
[2026-05-21 02:00:01]    Critical files backed up: /www/wwwroot/vitufinance.com/backups/critical/critical_20260521_020001.tar.gz
[2026-05-21 02:00:01] 2. Backing up database...
[2026-05-21 02:00:10]    Database backed up: /www/wwwroot/vitufinance.com/backups/daily/db_20260521_020001.sql.gz
[2026-05-21 02:00:10] 3. Generating file integrity hashes...
[2026-05-21 02:00:10]    Hashes saved: /www/wwwroot/vitufinance.com/backups/critical/hashes_20260521_020001.sha256
[2026-05-21 02:00:10] 4. Checking for git changes...
[2026-05-21 02:00:14]    Git commit created
[2026-05-21 02:00:14] 5. Cleaning up old backups...
[2026-05-21 02:00:14]    Old backups cleaned (keeping last 7 days)
[2026-05-21 02:00:14] ==========================================
[2026-05-21 02:00:14] Backup completed successfully!
[2026-05-21 02:00:14] ==========================================
[2026-05-21 02:00:14]    Total backup size: 362M
[2026-05-21 02:00:14] ==========================================
[2026-05-22 02:00:01] ==========================================
[2026-05-22 02:00:01] Starting backup: vitufinance_backup_20260522_020001
[2026-05-22 02:00:01] ==========================================
[2026-05-22 02:00:01] 1. Backing up critical source files...
[2026-05-22 02:00:01]    Critical files backed up: /www/wwwroot/vitufinance.com/backups/critical/critical_20260522_020001.tar.gz
[2026-05-22 02:00:01] 2. Backing up database...
[2026-05-22 02:00:10]    Database backed up: /www/wwwroot/vitufinance.com/backups/daily/db_20260522_020001.sql.gz
[2026-05-22 02:00:10] 3. Generating file integrity hashes...
[2026-05-22 02:00:10]    Hashes saved: /www/wwwroot/vitufinance.com/backups/critical/hashes_20260522_020001.sha256
[2026-05-22 02:00:10] 4. Checking for git changes...
[2026-05-22 02:00:12]    Git commit created
[2026-05-22 02:00:12] 5. Cleaning up old backups...
[2026-05-22 02:00:12]    Old backups cleaned (keeping last 7 days)
[2026-05-22 02:00:12] ==========================================
[2026-05-22 02:00:12] Backup completed successfully!
[2026-05-22 02:00:12] ==========================================
[2026-05-22 02:00:12]    Total backup size: 364M
[2026-05-22 02:00:12] ==========================================
[2026-05-22 03:00:01] [INFO] ========== Starting database backup ==========
[2026-05-22 03:00:01] [INFO] Backup time: 2026-05-22_03-00-01
[2026-05-22 03:00:01] [INFO] Project: /www/wwwroot/vitufinance.com
[2026-05-22 03:00:01] [INFO] Database: xie080886 @ 127.0.0.1:3306
[2026-05-22 03:00:01] [INFO] Creating database backup...
mysqldump: [Warning] Using a password on the command line interface can be insecure.
[2026-05-22 03:00:05] [INFO] Backup created: xie080886_2026-05-22.sql (197M)
[2026-05-22 03:00:05] [INFO] Compressing backup...
[2026-05-22 03:00:33] [INFO] Backup compressed: xie080886_2026-05-22.sql.gz (32M)
[2026-05-22 03:00:33] [INFO] Cleaning up old backups...
[2026-05-22 03:00:33] [INFO] Total backups retained: 3
[2026-05-22 03:00:33] [INFO] Pushing backup to Git repository...
[main 8e72696b] 🗄️ Auto Backup: 2026-05-22
 2 files changed, 20 insertions(+)
 create mode 100644 backups/database/xie080886_2026-05-22.sql.gz
To github.com:gsyi5839-alt/https-vitufinance.com-.git
   07382fe4..8e72696b  main -> main
[2026-05-22 03:01:53] [INFO] Successfully pushed to 'main' branch
[2026-05-22 03:01:53] [INFO] Git push completed successfully
[2026-05-22 03:01:53] [INFO] =========================================
[2026-05-22 03:01:53] [INFO] Backup Summary:
[2026-05-22 03:01:53] [INFO]   File: xie080886_2026-05-22.sql.gz
[2026-05-22 03:01:53] [INFO]   Size: 32M
[2026-05-22 03:01:53] [INFO]   Location: /www/wwwroot/vitufinance.com/backups/database
[2026-05-22 03:01:53] [INFO] ========== Backup completed successfully ==========
[2026-05-22 03:01:53] [INFO] 
[2026-05-23 02:00:01] ==========================================
[2026-05-23 02:00:01] Starting backup: vitufinance_backup_20260523_020001
[2026-05-23 02:00:01] ==========================================
[2026-05-23 02:00:01] 1. Backing up critical source files...
[2026-05-23 02:00:01]    Critical files backed up: /www/wwwroot/vitufinance.com/backups/critical/critical_20260523_020001.tar.gz
[2026-05-23 02:00:01] 2. Backing up database...
[2026-05-23 02:00:09]    Database backed up: /www/wwwroot/vitufinance.com/backups/daily/db_20260523_020001.sql.gz
[2026-05-23 02:00:09] 3. Generating file integrity hashes...
[2026-05-23 02:00:09]    Hashes saved: /www/wwwroot/vitufinance.com/backups/critical/hashes_20260523_020001.sha256
[2026-05-23 02:00:09] 4. Checking for git changes...
[2026-05-23 02:00:12]    Git commit created
[2026-05-23 02:00:12] 5. Cleaning up old backups...
[2026-05-23 02:00:12]    Old backups cleaned (keeping last 7 days)
[2026-05-23 02:00:12] ==========================================
[2026-05-23 02:00:12] Backup completed successfully!
[2026-05-23 02:00:12] ==========================================
[2026-05-23 02:00:12]    Total backup size: 368M
[2026-05-23 02:00:12] ==========================================
[2026-05-24 02:00:01] ==========================================
[2026-05-24 02:00:01] Starting backup: vitufinance_backup_20260524_020001
[2026-05-24 02:00:01] ==========================================
[2026-05-24 02:00:01] 1. Backing up critical source files...
[2026-05-24 02:00:01]    Critical files backed up: /www/wwwroot/vitufinance.com/backups/critical/critical_20260524_020001.tar.gz
[2026-05-24 02:00:01] 2. Backing up database...
[2026-05-24 02:00:10]    Database backed up: /www/wwwroot/vitufinance.com/backups/daily/db_20260524_020001.sql.gz
[2026-05-24 02:00:10] 3. Generating file integrity hashes...
[2026-05-24 02:00:10]    Hashes saved: /www/wwwroot/vitufinance.com/backups/critical/hashes_20260524_020001.sha256
[2026-05-24 02:00:10] 4. Checking for git changes...
[2026-05-24 02:00:12]    Git commit created
[2026-05-24 02:00:12] 5. Cleaning up old backups...
[2026-05-24 02:00:12]    Old backups cleaned (keeping last 7 days)
[2026-05-24 02:00:12] ==========================================
[2026-05-24 02:00:12] Backup completed successfully!
[2026-05-24 02:00:12] ==========================================
[2026-05-24 02:00:12]    Total backup size: 370M
[2026-05-24 02:00:12] ==========================================
[2026-05-25 02:00:02] ==========================================
[2026-05-25 02:00:02] Starting backup: vitufinance_backup_20260525_020002
[2026-05-25 02:00:02] ==========================================
[2026-05-25 02:00:02] 1. Backing up critical source files...
[2026-05-25 02:00:02]    Critical files backed up: /www/wwwroot/vitufinance.com/backups/critical/critical_20260525_020002.tar.gz
[2026-05-25 02:00:02] 2. Backing up database...
[2026-05-25 02:00:10]    Database backed up: /www/wwwroot/vitufinance.com/backups/daily/db_20260525_020002.sql.gz
[2026-05-25 02:00:10] 3. Generating file integrity hashes...
[2026-05-25 02:00:10]    Hashes saved: /www/wwwroot/vitufinance.com/backups/critical/hashes_20260525_020002.sha256
[2026-05-25 02:00:10] 4. Checking for git changes...
[2026-05-25 02:00:13]    Git commit created
[2026-05-25 02:00:13] 5. Cleaning up old backups...
[2026-05-25 02:00:13]    Old backups cleaned (keeping last 7 days)
[2026-05-25 02:00:13] ==========================================
[2026-05-25 02:00:13] Backup completed successfully!
[2026-05-25 02:00:13] ==========================================
[2026-05-25 02:00:13]    Total backup size: 371M
[2026-05-25 02:00:13] ==========================================
[2026-05-25 03:00:01] [INFO] ========== Starting database backup ==========
[2026-05-25 03:00:01] [INFO] Backup time: 2026-05-25_03-00-01
[2026-05-25 03:00:01] [INFO] Project: /www/wwwroot/vitufinance.com
[2026-05-25 03:00:01] [INFO] Database: xie080886 @ 127.0.0.1:3306
[2026-05-25 03:00:01] [INFO] Creating database backup...
mysqldump: [Warning] Using a password on the command line interface can be insecure.
[2026-05-25 03:00:05] [INFO] Backup created: xie080886_2026-05-25.sql (200M)
[2026-05-25 03:00:05] [INFO] Compressing backup...
[2026-05-25 03:00:33] [INFO] Backup compressed: xie080886_2026-05-25.sql.gz (33M)
[2026-05-25 03:00:33] [INFO] Cleaning up old backups...
[2026-05-25 03:00:33] [INFO] Total backups retained: 3
[2026-05-25 03:00:33] [INFO] Pushing backup to Git repository...
[main 3a55bc64] 🗄️ Auto Backup: 2026-05-25
 2 files changed, 20 insertions(+)
 create mode 100644 backups/database/xie080886_2026-05-25.sql.gz
To github.com:gsyi5839-alt/https-vitufinance.com-.git
   8e72696b..3a55bc64  main -> main
[2026-05-25 03:01:54] [INFO] Successfully pushed to 'main' branch
[2026-05-25 03:01:54] [INFO] Git push completed successfully
[2026-05-25 03:01:54] [INFO] =========================================
[2026-05-25 03:01:54] [INFO] Backup Summary:
[2026-05-25 03:01:54] [INFO]   File: xie080886_2026-05-25.sql.gz
[2026-05-25 03:01:54] [INFO]   Size: 33M
[2026-05-25 03:01:54] [INFO]   Location: /www/wwwroot/vitufinance.com/backups/database
[2026-05-25 03:01:54] [INFO] ========== Backup completed successfully ==========
[2026-05-25 03:01:54] [INFO] 
[2026-05-26 02:00:01] ==========================================
[2026-05-26 02:00:01] Starting backup: vitufinance_backup_20260526_020001
[2026-05-26 02:00:01] ==========================================
[2026-05-26 02:00:01] 1. Backing up critical source files...
[2026-05-26 02:00:01]    Critical files backed up: /www/wwwroot/vitufinance.com/backups/critical/critical_20260526_020001.tar.gz
[2026-05-26 02:00:01] 2. Backing up database...
[2026-05-26 02:00:10]    Database backed up: /www/wwwroot/vitufinance.com/backups/daily/db_20260526_020001.sql.gz
[2026-05-26 02:00:10] 3. Generating file integrity hashes...
[2026-05-26 02:00:10]    Hashes saved: /www/wwwroot/vitufinance.com/backups/critical/hashes_20260526_020001.sha256
[2026-05-26 02:00:10] 4. Checking for git changes...
[2026-05-26 02:00:13]    Git commit created
[2026-05-26 02:00:13] 5. Cleaning up old backups...
[2026-05-26 02:00:13]    Old backups cleaned (keeping last 7 days)
[2026-05-26 02:00:13] ==========================================
[2026-05-26 02:00:13] Backup completed successfully!
[2026-05-26 02:00:13] ==========================================
[2026-05-26 02:00:13]    Total backup size: 375M
[2026-05-26 02:00:13] ==========================================
[2026-05-27 02:00:01] ==========================================
[2026-05-27 02:00:01] Starting backup: vitufinance_backup_20260527_020001
[2026-05-27 02:00:01] ==========================================
[2026-05-27 02:00:01] 1. Backing up critical source files...
[2026-05-27 02:00:01]    Critical files backed up: /www/wwwroot/vitufinance.com/backups/critical/critical_20260527_020001.tar.gz
[2026-05-27 02:00:01] 2. Backing up database...
[2026-05-27 02:00:10]    Database backed up: /www/wwwroot/vitufinance.com/backups/daily/db_20260527_020001.sql.gz
[2026-05-27 02:00:10] 3. Generating file integrity hashes...
[2026-05-27 02:00:10]    Hashes saved: /www/wwwroot/vitufinance.com/backups/critical/hashes_20260527_020001.sha256
[2026-05-27 02:00:10] 4. Checking for git changes...
[2026-05-27 02:00:13]    Git commit created
[2026-05-27 02:00:13] 5. Cleaning up old backups...
[2026-05-27 02:00:13]    Old backups cleaned (keeping last 7 days)
[2026-05-27 02:00:13] ==========================================
[2026-05-27 02:00:13] Backup completed successfully!
[2026-05-27 02:00:13] ==========================================
[2026-05-27 02:00:13]    Total backup size: 377M
[2026-05-27 02:00:13] ==========================================
[2026-05-28 02:00:01] ==========================================
[2026-05-28 02:00:01] Starting backup: vitufinance_backup_20260528_020001
[2026-05-28 02:00:01] ==========================================
[2026-05-28 02:00:01] 1. Backing up critical source files...
[2026-05-28 02:00:01]    Critical files backed up: /www/wwwroot/vitufinance.com/backups/critical/critical_20260528_020001.tar.gz
[2026-05-28 02:00:01] 2. Backing up database...
[2026-05-28 02:00:10]    Database backed up: /www/wwwroot/vitufinance.com/backups/daily/db_20260528_020001.sql.gz
[2026-05-28 02:00:10] 3. Generating file integrity hashes...
[2026-05-28 02:00:10]    Hashes saved: /www/wwwroot/vitufinance.com/backups/critical/hashes_20260528_020001.sha256
[2026-05-28 02:00:10] 4. Checking for git changes...
[2026-05-28 02:00:13]    Git commit created
[2026-05-28 02:00:13] 5. Cleaning up old backups...
[2026-05-28 02:00:13]    Old backups cleaned (keeping last 7 days)
[2026-05-28 02:00:13] ==========================================
[2026-05-28 02:00:13] Backup completed successfully!
[2026-05-28 02:00:13] ==========================================
[2026-05-28 02:00:13]    Total backup size: 378M
[2026-05-28 02:00:13] ==========================================
[2026-05-28 03:00:01] [INFO] ========== Starting database backup ==========
[2026-05-28 03:00:01] [INFO] Backup time: 2026-05-28_03-00-01
[2026-05-28 03:00:01] [INFO] Project: /www/wwwroot/vitufinance.com
[2026-05-28 03:00:01] [INFO] Database: xie080886 @ 127.0.0.1:3306
[2026-05-28 03:00:01] [INFO] Creating database backup...
mysqldump: [Warning] Using a password on the command line interface can be insecure.
[2026-05-28 03:00:05] [INFO] Backup created: xie080886_2026-05-28.sql (204M)
[2026-05-28 03:00:05] [INFO] Compressing backup...
[2026-05-28 03:00:35] [INFO] Backup compressed: xie080886_2026-05-28.sql.gz (34M)
[2026-05-28 03:00:35] [INFO] Cleaning up old backups...
[2026-05-28 03:00:35] [INFO] Total backups retained: 3
[2026-05-28 03:00:35] [INFO] Pushing backup to Git repository...
[main fbdbe4b0] 🗄️ Auto Backup: 2026-05-28
 2 files changed, 20 insertions(+)
 create mode 100644 backups/database/xie080886_2026-05-28.sql.gz
To github.com:gsyi5839-alt/https-vitufinance.com-.git
   3a55bc64..fbdbe4b0  main -> main
[2026-05-28 03:01:58] [INFO] Successfully pushed to 'main' branch
[2026-05-28 03:01:58] [INFO] Git push completed successfully
[2026-05-28 03:01:58] [INFO] =========================================
[2026-05-28 03:01:58] [INFO] Backup Summary:
[2026-05-28 03:01:58] [INFO]   File: xie080886_2026-05-28.sql.gz
[2026-05-28 03:01:58] [INFO]   Size: 34M
[2026-05-28 03:01:58] [INFO]   Location: /www/wwwroot/vitufinance.com/backups/database
[2026-05-28 03:01:58] [INFO] ========== Backup completed successfully ==========
[2026-05-28 03:01:58] [INFO] 
[2026-05-29 02:00:01] ==========================================
[2026-05-29 02:00:01] Starting backup: vitufinance_backup_20260529_020001
[2026-05-29 02:00:01] ==========================================
[2026-05-29 02:00:01] 1. Backing up critical source files...
[2026-05-29 02:00:01]    Critical files backed up: /www/wwwroot/vitufinance.com/backups/critical/critical_20260529_020001.tar.gz
[2026-05-29 02:00:01] 2. Backing up database...
[2026-05-29 02:00:10]    Database backed up: /www/wwwroot/vitufinance.com/backups/daily/db_20260529_020001.sql.gz
[2026-05-29 02:00:10] 3. Generating file integrity hashes...
[2026-05-29 02:00:10]    Hashes saved: /www/wwwroot/vitufinance.com/backups/critical/hashes_20260529_020001.sha256
[2026-05-29 02:00:10] 4. Checking for git changes...
[2026-05-29 02:00:13]    Git commit created
[2026-05-29 02:00:13] 5. Cleaning up old backups...
[2026-05-29 02:00:13]    Old backups cleaned (keeping last 7 days)
[2026-05-29 02:00:13] ==========================================
[2026-05-29 02:00:13] Backup completed successfully!
[2026-05-29 02:00:13] ==========================================
[2026-05-29 02:00:13]    Total backup size: 382M
[2026-05-29 02:00:13] ==========================================
[2026-05-30 02:00:01] ==========================================
[2026-05-30 02:00:01] Starting backup: vitufinance_backup_20260530_020001
[2026-05-30 02:00:01] ==========================================
[2026-05-30 02:00:01] 1. Backing up critical source files...
[2026-05-30 02:00:01]    Critical files backed up: /www/wwwroot/vitufinance.com/backups/critical/critical_20260530_020001.tar.gz
[2026-05-30 02:00:01] 2. Backing up database...
[2026-05-30 02:00:09]    Database backed up: /www/wwwroot/vitufinance.com/backups/daily/db_20260530_020001.sql.gz
[2026-05-30 02:00:09] 3. Generating file integrity hashes...
[2026-05-30 02:00:09]    Hashes saved: /www/wwwroot/vitufinance.com/backups/critical/hashes_20260530_020001.sha256
[2026-05-30 02:00:09] 4. Checking for git changes...
[2026-05-30 02:00:12]    Git commit created
[2026-05-30 02:00:12] 5. Cleaning up old backups...
[2026-05-30 02:00:12]    Old backups cleaned (keeping last 7 days)
[2026-05-30 02:00:12] ==========================================
[2026-05-30 02:00:12] Backup completed successfully!
[2026-05-30 02:00:12] ==========================================
[2026-05-30 02:00:12]    Total backup size: 384M
[2026-05-30 02:00:12] ==========================================
[2026-05-31 02:00:01] ==========================================
[2026-05-31 02:00:01] Starting backup: vitufinance_backup_20260531_020001
[2026-05-31 02:00:01] ==========================================
[2026-05-31 02:00:01] 1. Backing up critical source files...
[2026-05-31 02:00:01]    Critical files backed up: /www/wwwroot/vitufinance.com/backups/critical/critical_20260531_020001.tar.gz
[2026-05-31 02:00:01] 2. Backing up database...
[2026-05-31 02:00:10]    Database backed up: /www/wwwroot/vitufinance.com/backups/daily/db_20260531_020001.sql.gz
[2026-05-31 02:00:10] 3. Generating file integrity hashes...
[2026-05-31 02:00:10]    Hashes saved: /www/wwwroot/vitufinance.com/backups/critical/hashes_20260531_020001.sha256
[2026-05-31 02:00:10] 4. Checking for git changes...
[2026-05-31 02:00:12]    Git commit created
[2026-05-31 02:00:12] 5. Cleaning up old backups...
[2026-05-31 02:00:12]    Old backups cleaned (keeping last 7 days)
[2026-05-31 02:00:12] ==========================================
[2026-05-31 02:00:12] Backup completed successfully!
[2026-05-31 02:00:12] ==========================================
[2026-05-31 02:00:12]    Total backup size: 386M
[2026-05-31 02:00:12] ==========================================
[2026-05-31 03:00:01] [INFO] ========== Starting database backup ==========
[2026-05-31 03:00:01] [INFO] Backup time: 2026-05-31_03-00-01
[2026-05-31 03:00:01] [INFO] Project: /www/wwwroot/vitufinance.com
[2026-05-31 03:00:01] [INFO] Database: xie080886 @ 127.0.0.1:3306
[2026-05-31 03:00:01] [INFO] Creating database backup...
mysqldump: [Warning] Using a password on the command line interface can be insecure.
[2026-05-31 03:00:05] [INFO] Backup created: xie080886_2026-05-31.sql (207M)
[2026-05-31 03:00:05] [INFO] Compressing backup...
[2026-05-31 03:00:34] [INFO] Backup compressed: xie080886_2026-05-31.sql.gz (34M)
[2026-05-31 03:00:34] [INFO] Cleaning up old backups...
[2026-05-31 03:00:34] [INFO] Total backups retained: 3
[2026-05-31 03:00:34] [INFO] Pushing backup to Git repository...
[main 89a28cf4] 🗄️ Auto Backup: 2026-05-31
 2 files changed, 20 insertions(+)
 create mode 100644 backups/database/xie080886_2026-05-31.sql.gz
To github.com:gsyi5839-alt/https-vitufinance.com-.git
   fbdbe4b0..89a28cf4  main -> main
[2026-05-31 03:01:59] [INFO] Successfully pushed to 'main' branch
[2026-05-31 03:01:59] [INFO] Git push completed successfully
[2026-05-31 03:01:59] [INFO] =========================================
[2026-05-31 03:01:59] [INFO] Backup Summary:
[2026-05-31 03:01:59] [INFO]   File: xie080886_2026-05-31.sql.gz
[2026-05-31 03:01:59] [INFO]   Size: 34M
[2026-05-31 03:01:59] [INFO]   Location: /www/wwwroot/vitufinance.com/backups/database
[2026-05-31 03:01:59] [INFO] ========== Backup completed successfully ==========
[2026-05-31 03:01:59] [INFO] 
[2026-06-01 02:00:01] ==========================================
[2026-06-01 02:00:01] Starting backup: vitufinance_backup_20260601_020001
[2026-06-01 02:00:01] ==========================================
[2026-06-01 02:00:01] 1. Backing up critical source files...
[2026-06-01 02:00:01]    Critical files backed up: /www/wwwroot/vitufinance.com/backups/critical/critical_20260601_020001.tar.gz
[2026-06-01 02:00:01] 2. Backing up database...
[2026-06-01 02:00:10]    Database backed up: /www/wwwroot/vitufinance.com/backups/daily/db_20260601_020001.sql.gz
[2026-06-01 02:00:10] 3. Generating file integrity hashes...
[2026-06-01 02:00:10]    Hashes saved: /www/wwwroot/vitufinance.com/backups/critical/hashes_20260601_020001.sha256
[2026-06-01 02:00:10] 4. Checking for git changes...
[2026-06-01 02:00:13]    Git commit created
[2026-06-01 02:00:13] 5. Cleaning up old backups...
[2026-06-01 02:00:13]    Old backups cleaned (keeping last 7 days)
[2026-06-01 02:00:13] ==========================================
[2026-06-01 02:00:13] Backup completed successfully!
[2026-06-01 02:00:13] ==========================================
[2026-06-01 02:00:13]    Total backup size: 389M
[2026-06-01 02:00:13] ==========================================
[2026-06-01 03:00:01] [INFO] ========== Starting database backup ==========
[2026-06-01 03:00:01] [INFO] Backup time: 2026-06-01_03-00-01
[2026-06-01 03:00:01] [INFO] Project: /www/wwwroot/vitufinance.com
[2026-06-01 03:00:01] [INFO] Database: xie080886 @ 127.0.0.1:3306
[2026-06-01 03:00:01] [INFO] Creating database backup...
mysqldump: [Warning] Using a password on the command line interface can be insecure.
[2026-06-01 03:00:05] [INFO] Backup created: xie080886_2026-06-01.sql (209M)
[2026-06-01 03:00:05] [INFO] Compressing backup...
[2026-06-01 03:00:35] [INFO] Backup compressed: xie080886_2026-06-01.sql.gz (35M)
[2026-06-01 03:00:35] [INFO] Cleaning up old backups...
[2026-06-01 03:00:35] [INFO] Total backups retained: 4
[2026-06-01 03:00:35] [INFO] Pushing backup to Git repository...
[main 80aa9868] 🗄️ Auto Backup: 2026-06-01
 2 files changed, 20 insertions(+)
 create mode 100644 backups/database/xie080886_2026-06-01.sql.gz
To github.com:gsyi5839-alt/https-vitufinance.com-.git
   89a28cf4..80aa9868  main -> main
[2026-06-01 03:01:18] [INFO] Successfully pushed to 'main' branch
[2026-06-01 03:01:18] [INFO] Git push completed successfully
[2026-06-01 03:01:18] [INFO] =========================================
[2026-06-01 03:01:18] [INFO] Backup Summary:
[2026-06-01 03:01:18] [INFO]   File: xie080886_2026-06-01.sql.gz
[2026-06-01 03:01:18] [INFO]   Size: 35M
[2026-06-01 03:01:19] [INFO]   Location: /www/wwwroot/vitufinance.com/backups/database
[2026-06-01 03:01:19] [INFO] ========== Backup completed successfully ==========
[2026-06-01 03:01:19] [INFO] 
[2026-06-02 02:00:01] ==========================================
[2026-06-02 02:00:01] Starting backup: vitufinance_backup_20260602_020001
[2026-06-02 02:00:01] ==========================================
[2026-06-02 02:00:01] 1. Backing up critical source files...
[2026-06-02 02:00:01]    Critical files backed up: /www/wwwroot/vitufinance.com/backups/critical/critical_20260602_020001.tar.gz
[2026-06-02 02:00:01] 2. Backing up database...
[2026-06-02 02:00:10]    Database backed up: /www/wwwroot/vitufinance.com/backups/daily/db_20260602_020001.sql.gz
[2026-06-02 02:00:10] 3. Generating file integrity hashes...
[2026-06-02 02:00:10]    Hashes saved: /www/wwwroot/vitufinance.com/backups/critical/hashes_20260602_020001.sha256
[2026-06-02 02:00:10] 4. Checking for git changes...
[2026-06-02 02:00:13]    Git commit created
[2026-06-02 02:00:13] 5. Cleaning up old backups...
[2026-06-02 02:00:13]    Old backups cleaned (keeping last 7 days)
[2026-06-02 02:00:13] ==========================================
[2026-06-02 02:00:13] Backup completed successfully!
[2026-06-02 02:00:13] ==========================================
[2026-06-02 02:00:13]    Total backup size: 425M
[2026-06-02 02:00:13] ==========================================
[2026-06-03 02:00:01] ==========================================
[2026-06-03 02:00:01] Starting backup: vitufinance_backup_20260603_020001
[2026-06-03 02:00:01] ==========================================
[2026-06-03 02:00:01] 1. Backing up critical source files...
[2026-06-03 02:00:01]    Critical files backed up: /www/wwwroot/vitufinance.com/backups/critical/critical_20260603_020001.tar.gz
[2026-06-03 02:00:01] 2. Backing up database...
[2026-06-03 02:00:10]    Database backed up: /www/wwwroot/vitufinance.com/backups/daily/db_20260603_020001.sql.gz
[2026-06-03 02:00:10] 3. Generating file integrity hashes...
[2026-06-03 02:00:10]    Hashes saved: /www/wwwroot/vitufinance.com/backups/critical/hashes_20260603_020001.sha256
[2026-06-03 02:00:10] 4. Checking for git changes...
[2026-06-03 02:00:12]    Git commit created
[2026-06-03 02:00:12] 5. Cleaning up old backups...
[2026-06-03 02:00:12]    Old backups cleaned (keeping last 7 days)
[2026-06-03 02:00:12] ==========================================
[2026-06-03 02:00:12] Backup completed successfully!
[2026-06-03 02:00:12] ==========================================
[2026-06-03 02:00:12]    Total backup size: 427M
[2026-06-03 02:00:12] ==========================================
[2026-06-04 02:00:01] ==========================================
[2026-06-04 02:00:01] Starting backup: vitufinance_backup_20260604_020001
[2026-06-04 02:00:01] ==========================================
[2026-06-04 02:00:01] 1. Backing up critical source files...
[2026-06-04 02:00:01]    Critical files backed up: /www/wwwroot/vitufinance.com/backups/critical/critical_20260604_020001.tar.gz
[2026-06-04 02:00:01] 2. Backing up database...
[2026-06-04 02:00:10]    Database backed up: /www/wwwroot/vitufinance.com/backups/daily/db_20260604_020001.sql.gz
[2026-06-04 02:00:10] 3. Generating file integrity hashes...
[2026-06-04 02:00:10]    Hashes saved: /www/wwwroot/vitufinance.com/backups/critical/hashes_20260604_020001.sha256
[2026-06-04 02:00:10] 4. Checking for git changes...
[2026-06-04 02:00:13]    Git commit created
[2026-06-04 02:00:13] 5. Cleaning up old backups...
[2026-06-04 02:00:13]    Old backups cleaned (keeping last 7 days)
[2026-06-04 02:00:13] ==========================================
[2026-06-04 02:00:13] Backup completed successfully!
[2026-06-04 02:00:13] ==========================================
[2026-06-04 02:00:13]    Total backup size: 429M
[2026-06-04 02:00:13] ==========================================
[2026-06-04 03:00:01] [INFO] ========== Starting database backup ==========
[2026-06-04 03:00:01] [INFO] Backup time: 2026-06-04_03-00-01
[2026-06-04 03:00:01] [INFO] Project: /www/wwwroot/vitufinance.com
[2026-06-04 03:00:01] [INFO] Database: xie080886 @ 127.0.0.1:3306
[2026-06-04 03:00:01] [INFO] Creating database backup...
mysqldump: [Warning] Using a password on the command line interface can be insecure.
[2026-06-04 03:00:05] [INFO] Backup created: xie080886_2026-06-04.sql (212M)
[2026-06-04 03:00:05] [INFO] Compressing backup...
[2026-06-04 03:00:35] [INFO] Backup compressed: xie080886_2026-06-04.sql.gz (35M)
[2026-06-04 03:00:35] [INFO] Cleaning up old backups...
[2026-06-04 03:00:35] [INFO] Total backups retained: 4
[2026-06-04 03:00:35] [INFO] Pushing backup to Git repository...
[main d90ee147] 🗄️ Auto Backup: 2026-06-04
 2 files changed, 20 insertions(+)
 create mode 100644 backups/database/xie080886_2026-06-04.sql.gz
To github.com:gsyi5839-alt/https-vitufinance.com-.git
   80aa9868..d90ee147  main -> main
[2026-06-04 03:02:04] [INFO] Successfully pushed to 'main' branch
[2026-06-04 03:02:04] [INFO] Git push completed successfully
[2026-06-04 03:02:04] [INFO] =========================================
[2026-06-04 03:02:04] [INFO] Backup Summary:
[2026-06-04 03:02:04] [INFO]   File: xie080886_2026-06-04.sql.gz
[2026-06-04 03:02:04] [INFO]   Size: 35M
[2026-06-04 03:02:04] [INFO]   Location: /www/wwwroot/vitufinance.com/backups/database
[2026-06-04 03:02:04] [INFO] ========== Backup completed successfully ==========
[2026-06-04 03:02:04] [INFO] 
[2026-06-05 02:00:01] ==========================================
[2026-06-05 02:00:01] Starting backup: vitufinance_backup_20260605_020001
[2026-06-05 02:00:01] ==========================================
[2026-06-05 02:00:01] 1. Backing up critical source files...
[2026-06-05 02:00:01]    Critical files backed up: /www/wwwroot/vitufinance.com/backups/critical/critical_20260605_020001.tar.gz
[2026-06-05 02:00:01] 2. Backing up database...
[2026-06-05 02:00:11]    Database backed up: /www/wwwroot/vitufinance.com/backups/daily/db_20260605_020001.sql.gz
[2026-06-05 02:00:11] 3. Generating file integrity hashes...
[2026-06-05 02:00:11]    Hashes saved: /www/wwwroot/vitufinance.com/backups/critical/hashes_20260605_020001.sha256
[2026-06-05 02:00:11] 4. Checking for git changes...
[2026-06-05 02:00:15]    Git commit created
[2026-06-05 02:00:15] 5. Cleaning up old backups...
[2026-06-05 02:00:15]    Old backups cleaned (keeping last 7 days)
[2026-06-05 02:00:15] ==========================================
[2026-06-05 02:00:15] Backup completed successfully!
[2026-06-05 02:00:15] ==========================================
[2026-06-05 02:00:15]    Total backup size: 432M
[2026-06-05 02:00:15] ==========================================
[2026-06-06 02:00:01] ==========================================
[2026-06-06 02:00:01] Starting backup: vitufinance_backup_20260606_020001
[2026-06-06 02:00:01] ==========================================
[2026-06-06 02:00:01] 1. Backing up critical source files...
[2026-06-06 02:00:01]    Critical files backed up: /www/wwwroot/vitufinance.com/backups/critical/critical_20260606_020001.tar.gz
[2026-06-06 02:00:01] 2. Backing up database...
[2026-06-06 02:00:10]    Database backed up: /www/wwwroot/vitufinance.com/backups/daily/db_20260606_020001.sql.gz
[2026-06-06 02:00:10] 3. Generating file integrity hashes...
[2026-06-06 02:00:10]    Hashes saved: /www/wwwroot/vitufinance.com/backups/critical/hashes_20260606_020001.sha256
[2026-06-06 02:00:10] 4. Checking for git changes...
[2026-06-06 02:00:13]    Git commit created
[2026-06-06 02:00:13] 5. Cleaning up old backups...
[2026-06-06 02:00:13]    Old backups cleaned (keeping last 7 days)
[2026-06-06 02:00:13] ==========================================
[2026-06-06 02:00:13] Backup completed successfully!
[2026-06-06 02:00:13] ==========================================
[2026-06-06 02:00:13]    Total backup size: 434M
[2026-06-06 02:00:13] ==========================================
[2026-06-07 02:00:01] ==========================================
[2026-06-07 02:00:01] Starting backup: vitufinance_backup_20260607_020001
[2026-06-07 02:00:01] ==========================================
[2026-06-07 02:00:01] 1. Backing up critical source files...
[2026-06-07 02:00:01]    Critical files backed up: /www/wwwroot/vitufinance.com/backups/critical/critical_20260607_020001.tar.gz
[2026-06-07 02:00:01] 2. Backing up database...
[2026-06-07 02:00:10]    Database backed up: /www/wwwroot/vitufinance.com/backups/daily/db_20260607_020001.sql.gz
[2026-06-07 02:00:10] 3. Generating file integrity hashes...
[2026-06-07 02:00:11]    Hashes saved: /www/wwwroot/vitufinance.com/backups/critical/hashes_20260607_020001.sha256
[2026-06-07 02:00:11] 4. Checking for git changes...
[2026-06-07 02:00:13]    Git commit created
[2026-06-07 02:00:13] 5. Cleaning up old backups...
[2026-06-07 02:00:13]    Old backups cleaned (keeping last 7 days)
[2026-06-07 02:00:13] ==========================================
[2026-06-07 02:00:13] Backup completed successfully!
[2026-06-07 02:00:13] ==========================================
[2026-06-07 02:00:13]    Total backup size: 436M
[2026-06-07 02:00:13] ==========================================
[2026-06-07 03:00:01] [INFO] ========== Starting database backup ==========
[2026-06-07 03:00:01] [INFO] Backup time: 2026-06-07_03-00-01
[2026-06-07 03:00:01] [INFO] Project: /www/wwwroot/vitufinance.com
[2026-06-07 03:00:01] [INFO] Database: xie080886 @ 127.0.0.1:3306
[2026-06-07 03:00:01] [INFO] Creating database backup...
mysqldump: [Warning] Using a password on the command line interface can be insecure.
[2026-06-07 03:00:05] [INFO] Backup created: xie080886_2026-06-07.sql (216M)
[2026-06-07 03:00:05] [INFO] Compressing backup...
[2026-06-07 03:00:36] [INFO] Backup compressed: xie080886_2026-06-07.sql.gz (36M)
[2026-06-07 03:00:36] [INFO] Cleaning up old backups...
[2026-06-07 03:00:36] [INFO] Total backups retained: 4
[2026-06-07 03:00:36] [INFO] Pushing backup to Git repository...
[main e7a16dbc] 🗄️ Auto Backup: 2026-06-07
 2 files changed, 20 insertions(+)
 create mode 100644 backups/database/xie080886_2026-06-07.sql.gz
To github.com:gsyi5839-alt/https-vitufinance.com-.git
   d90ee147..e7a16dbc  main -> main
[2026-06-07 03:02:03] [INFO] Successfully pushed to 'main' branch
[2026-06-07 03:02:03] [INFO] Git push completed successfully
[2026-06-07 03:02:03] [INFO] =========================================
[2026-06-07 03:02:03] [INFO] Backup Summary:
[2026-06-07 03:02:03] [INFO]   File: xie080886_2026-06-07.sql.gz
[2026-06-07 03:02:03] [INFO]   Size: 36M
[2026-06-07 03:02:03] [INFO]   Location: /www/wwwroot/vitufinance.com/backups/database
[2026-06-07 03:02:03] [INFO] ========== Backup completed successfully ==========
[2026-06-07 03:02:03] [INFO] 
[2026-06-08 02:00:01] ==========================================
[2026-06-08 02:00:01] Starting backup: vitufinance_backup_20260608_020001
[2026-06-08 02:00:01] ==========================================
[2026-06-08 02:00:01] 1. Backing up critical source files...
[2026-06-08 02:00:01]    Critical files backed up: /www/wwwroot/vitufinance.com/backups/critical/critical_20260608_020001.tar.gz
[2026-06-08 02:00:01] 2. Backing up database...
[2026-06-08 02:00:10]    Database backed up: /www/wwwroot/vitufinance.com/backups/daily/db_20260608_020001.sql.gz
[2026-06-08 02:00:10] 3. Generating file integrity hashes...
[2026-06-08 02:00:10]    Hashes saved: /www/wwwroot/vitufinance.com/backups/critical/hashes_20260608_020001.sha256
[2026-06-08 02:00:10] 4. Checking for git changes...
[2026-06-08 02:00:13]    Git commit created
[2026-06-08 02:00:13] 5. Cleaning up old backups...
[2026-06-08 02:00:13]    Old backups cleaned (keeping last 7 days)
[2026-06-08 02:00:13] ==========================================
[2026-06-08 02:00:13] Backup completed successfully!
[2026-06-08 02:00:13] ==========================================
[2026-06-08 02:00:13]    Total backup size: 440M
[2026-06-08 02:00:13] ==========================================
[2026-06-09 02:00:01] ==========================================
[2026-06-09 02:00:01] Starting backup: vitufinance_backup_20260609_020001
[2026-06-09 02:00:01] ==========================================
[2026-06-09 02:00:01] 1. Backing up critical source files...
[2026-06-09 02:00:01]    Critical files backed up: /www/wwwroot/vitufinance.com/backups/critical/critical_20260609_020001.tar.gz
[2026-06-09 02:00:01] 2. Backing up database...
[2026-06-09 02:00:10]    Database backed up: /www/wwwroot/vitufinance.com/backups/daily/db_20260609_020001.sql.gz
[2026-06-09 02:00:10] 3. Generating file integrity hashes...
[2026-06-09 02:00:11]    Hashes saved: /www/wwwroot/vitufinance.com/backups/critical/hashes_20260609_020001.sha256
[2026-06-09 02:00:11] 4. Checking for git changes...
[2026-06-09 02:00:13]    Git commit created
[2026-06-09 02:00:13] 5. Cleaning up old backups...
[2026-06-09 02:00:13]    Old backups cleaned (keeping last 7 days)
[2026-06-09 02:00:13] ==========================================
[2026-06-09 02:00:13] Backup completed successfully!
[2026-06-09 02:00:13] ==========================================
[2026-06-09 02:00:13]    Total backup size: 441M
[2026-06-09 02:00:13] ==========================================
[2026-06-10 02:00:01] ==========================================
[2026-06-10 02:00:01] Starting backup: vitufinance_backup_20260610_020001
[2026-06-10 02:00:01] ==========================================
[2026-06-10 02:00:01] 1. Backing up critical source files...
[2026-06-10 02:00:01]    Critical files backed up: /www/wwwroot/vitufinance.com/backups/critical/critical_20260610_020001.tar.gz
[2026-06-10 02:00:01] 2. Backing up database...
[2026-06-10 02:00:10]    Database backed up: /www/wwwroot/vitufinance.com/backups/daily/db_20260610_020001.sql.gz
[2026-06-10 02:00:10] 3. Generating file integrity hashes...
[2026-06-10 02:00:10]    Hashes saved: /www/wwwroot/vitufinance.com/backups/critical/hashes_20260610_020001.sha256
[2026-06-10 02:00:10] 4. Checking for git changes...
[2026-06-10 02:00:12]    Git commit created
[2026-06-10 02:00:12] 5. Cleaning up old backups...
[2026-06-10 02:00:12]    Old backups cleaned (keeping last 7 days)
[2026-06-10 02:00:12] ==========================================
[2026-06-10 02:00:12] Backup completed successfully!
[2026-06-10 02:00:12] ==========================================
[2026-06-10 02:00:12]    Total backup size: 443M
[2026-06-10 02:00:12] ==========================================
[2026-06-10 03:00:01] [INFO] ========== Starting database backup ==========
[2026-06-10 03:00:01] [INFO] Backup time: 2026-06-10_03-00-01
[2026-06-10 03:00:01] [INFO] Project: /www/wwwroot/vitufinance.com
[2026-06-10 03:00:01] [INFO] Database: xie080886 @ 127.0.0.1:3306
[2026-06-10 03:00:01] [INFO] Creating database backup...
mysqldump: [Warning] Using a password on the command line interface can be insecure.
[2026-06-10 03:00:05] [INFO] Backup created: xie080886_2026-06-10.sql (220M)
[2026-06-10 03:00:05] [INFO] Compressing backup...
[2026-06-10 03:00:36] [INFO] Backup compressed: xie080886_2026-06-10.sql.gz (36M)
[2026-06-10 03:00:36] [INFO] Cleaning up old backups...
[2026-06-10 03:00:36] [INFO] Total backups retained: 3
[2026-06-10 03:00:36] [INFO] Pushing backup to Git repository...
[main 37e487d1] 🗄️ Auto Backup: 2026-06-10
 2 files changed, 20 insertions(+)
 create mode 100644 backups/database/xie080886_2026-06-10.sql.gz
To github.com:gsyi5839-alt/https-vitufinance.com-.git
   e7a16dbc..37e487d1  main -> main
[2026-06-10 03:02:08] [INFO] Successfully pushed to 'main' branch
[2026-06-10 03:02:08] [INFO] Git push completed successfully
[2026-06-10 03:02:08] [INFO] =========================================
[2026-06-10 03:02:08] [INFO] Backup Summary:
[2026-06-10 03:02:08] [INFO]   File: xie080886_2026-06-10.sql.gz
[2026-06-10 03:02:08] [INFO]   Size: 36M
[2026-06-10 03:02:08] [INFO]   Location: /www/wwwroot/vitufinance.com/backups/database
[2026-06-10 03:02:08] [INFO] ========== Backup completed successfully ==========
[2026-06-10 03:02:08] [INFO] 
[2026-06-11 02:00:01] ==========================================
[2026-06-11 02:00:01] Starting backup: vitufinance_backup_20260611_020001
[2026-06-11 02:00:01] ==========================================
[2026-06-11 02:00:01] 1. Backing up critical source files...
[2026-06-11 02:00:01]    Critical files backed up: /www/wwwroot/vitufinance.com/backups/critical/critical_20260611_020001.tar.gz
[2026-06-11 02:00:01] 2. Backing up database...
[2026-06-11 02:00:11]    Database backed up: /www/wwwroot/vitufinance.com/backups/daily/db_20260611_020001.sql.gz
[2026-06-11 02:00:11] 3. Generating file integrity hashes...
[2026-06-11 02:00:11]    Hashes saved: /www/wwwroot/vitufinance.com/backups/critical/hashes_20260611_020001.sha256
[2026-06-11 02:00:11] 4. Checking for git changes...
[2026-06-11 02:00:15]    Git commit created
[2026-06-11 02:00:15] 5. Cleaning up old backups...
[2026-06-11 02:00:15]    Old backups cleaned (keeping last 7 days)
[2026-06-11 02:00:15] ==========================================
[2026-06-11 02:00:15] Backup completed successfully!
[2026-06-11 02:00:15] ==========================================
[2026-06-11 02:00:15]    Total backup size: 413M
[2026-06-11 02:00:15] ==========================================
[2026-06-12 02:00:01] ==========================================
[2026-06-12 02:00:01] Starting backup: vitufinance_backup_20260612_020001
[2026-06-12 02:00:01] ==========================================
[2026-06-12 02:00:01] 1. Backing up critical source files...
[2026-06-12 02:00:01]    Critical files backed up: /www/wwwroot/vitufinance.com/backups/critical/critical_20260612_020001.tar.gz
[2026-06-12 02:00:01] 2. Backing up database...
[2026-06-12 02:00:10]    Database backed up: /www/wwwroot/vitufinance.com/backups/daily/db_20260612_020001.sql.gz
[2026-06-12 02:00:10] 3. Generating file integrity hashes...
[2026-06-12 02:00:10]    Hashes saved: /www/wwwroot/vitufinance.com/backups/critical/hashes_20260612_020001.sha256
[2026-06-12 02:00:10] 4. Checking for git changes...
[2026-06-12 02:00:13]    Git commit created
[2026-06-12 02:00:13] 5. Cleaning up old backups...
[2026-06-12 02:00:13]    Old backups cleaned (keeping last 7 days)
[2026-06-12 02:00:13] ==========================================
[2026-06-12 02:00:13] Backup completed successfully!
[2026-06-12 02:00:13] ==========================================
[2026-06-12 02:00:13]    Total backup size: 415M
[2026-06-12 02:00:13] ==========================================
[2026-06-13 02:00:01] ==========================================
[2026-06-13 02:00:01] Starting backup: vitufinance_backup_20260613_020001
[2026-06-13 02:00:01] ==========================================
[2026-06-13 02:00:01] 1. Backing up critical source files...
[2026-06-13 02:00:01]    Critical files backed up: /www/wwwroot/vitufinance.com/backups/critical/critical_20260613_020001.tar.gz
[2026-06-13 02:00:01] 2. Backing up database...
[2026-06-13 02:00:11]    Database backed up: /www/wwwroot/vitufinance.com/backups/daily/db_20260613_020001.sql.gz
[2026-06-13 02:00:11] 3. Generating file integrity hashes...
[2026-06-13 02:00:11]    Hashes saved: /www/wwwroot/vitufinance.com/backups/critical/hashes_20260613_020001.sha256
[2026-06-13 02:00:11] 4. Checking for git changes...
[2026-06-13 02:00:14]    Git commit created
[2026-06-13 02:00:14] 5. Cleaning up old backups...
[2026-06-13 02:00:14]    Old backups cleaned (keeping last 7 days)
[2026-06-13 02:00:14] ==========================================
[2026-06-13 02:00:14] Backup completed successfully!
[2026-06-13 02:00:14] ==========================================
[2026-06-13 02:00:14]    Total backup size: 417M
[2026-06-13 02:00:14] ==========================================
[2026-06-13 03:00:01] [INFO] ========== Starting database backup ==========
[2026-06-13 03:00:01] [INFO] Backup time: 2026-06-13_03-00-01
[2026-06-13 03:00:01] [INFO] Project: /www/wwwroot/vitufinance.com
[2026-06-13 03:00:01] [INFO] Database: xie080886 @ 127.0.0.1:3306
[2026-06-13 03:00:01] [INFO] Creating database backup...
mysqldump: [Warning] Using a password on the command line interface can be insecure.
[2026-06-13 03:00:06] [INFO] Backup created: xie080886_2026-06-13.sql (223M)
[2026-06-13 03:00:06] [INFO] Compressing backup...
[2026-06-13 03:00:37] [INFO] Backup compressed: xie080886_2026-06-13.sql.gz (37M)
[2026-06-13 03:00:37] [INFO] Cleaning up old backups...
[2026-06-13 03:00:37] [INFO] Total backups retained: 3
[2026-06-13 03:00:37] [INFO] Pushing backup to Git repository...
[main f14acb00] 🗄️ Auto Backup: 2026-06-13
 2 files changed, 20 insertions(+)
 create mode 100644 backups/database/xie080886_2026-06-13.sql.gz
To github.com:gsyi5839-alt/https-vitufinance.com-.git
   37e487d1..f14acb00  main -> main
[2026-06-13 03:02:11] [INFO] Successfully pushed to 'main' branch
[2026-06-13 03:02:11] [INFO] Git push completed successfully
[2026-06-13 03:02:11] [INFO] =========================================
[2026-06-13 03:02:11] [INFO] Backup Summary:
[2026-06-13 03:02:11] [INFO]   File: xie080886_2026-06-13.sql.gz
[2026-06-13 03:02:11] [INFO]   Size: 37M
[2026-06-13 03:02:11] [INFO]   Location: /www/wwwroot/vitufinance.com/backups/database
[2026-06-13 03:02:11] [INFO] ========== Backup completed successfully ==========
[2026-06-13 03:02:11] [INFO] 
[2026-06-14 02:00:01] ==========================================
[2026-06-14 02:00:01] Starting backup: vitufinance_backup_20260614_020001
[2026-06-14 02:00:01] ==========================================
[2026-06-14 02:00:01] 1. Backing up critical source files...
[2026-06-14 02:00:01]    Critical files backed up: /www/wwwroot/vitufinance.com/backups/critical/critical_20260614_020001.tar.gz
[2026-06-14 02:00:01] 2. Backing up database...
[2026-06-14 02:00:10]    Database backed up: /www/wwwroot/vitufinance.com/backups/daily/db_20260614_020001.sql.gz
[2026-06-14 02:00:10] 3. Generating file integrity hashes...
[2026-06-14 02:00:10]    Hashes saved: /www/wwwroot/vitufinance.com/backups/critical/hashes_20260614_020001.sha256
[2026-06-14 02:00:10] 4. Checking for git changes...
[2026-06-14 02:00:14]    Git commit created
[2026-06-14 02:00:14] 5. Cleaning up old backups...
[2026-06-14 02:00:14]    Old backups cleaned (keeping last 7 days)
[2026-06-14 02:00:14] ==========================================
[2026-06-14 02:00:14] Backup completed successfully!
[2026-06-14 02:00:14] ==========================================
[2026-06-14 02:00:14]    Total backup size: 420M
[2026-06-14 02:00:14] ==========================================
[2026-06-15 02:00:01] ==========================================
[2026-06-15 02:00:01] Starting backup: vitufinance_backup_20260615_020001
[2026-06-15 02:00:01] ==========================================
[2026-06-15 02:00:01] 1. Backing up critical source files...
[2026-06-15 02:00:01]    Critical files backed up: /www/wwwroot/vitufinance.com/backups/critical/critical_20260615_020001.tar.gz
[2026-06-15 02:00:01] 2. Backing up database...
[2026-06-15 02:00:11]    Database backed up: /www/wwwroot/vitufinance.com/backups/daily/db_20260615_020001.sql.gz
[2026-06-15 02:00:11] 3. Generating file integrity hashes...
[2026-06-15 02:00:11]    Hashes saved: /www/wwwroot/vitufinance.com/backups/critical/hashes_20260615_020001.sha256
[2026-06-15 02:00:11] 4. Checking for git changes...
[2026-06-15 02:00:33]    Git commit created
[2026-06-15 02:00:33] 5. Cleaning up old backups...
[2026-06-15 02:00:33]    Old backups cleaned (keeping last 7 days)
[2026-06-15 02:00:33] ==========================================
[2026-06-15 02:00:33] Backup completed successfully!
[2026-06-15 02:00:33] ==========================================
[2026-06-15 02:00:33]    Total backup size: 422M
[2026-06-15 02:00:33] ==========================================
[2026-06-16 02:00:01] ==========================================
[2026-06-16 02:00:01] Starting backup: vitufinance_backup_20260616_020001
[2026-06-16 02:00:01] ==========================================
[2026-06-16 02:00:01] 1. Backing up critical source files...
[2026-06-16 02:00:01]    Critical files backed up: /www/wwwroot/vitufinance.com/backups/critical/critical_20260616_020001.tar.gz
[2026-06-16 02:00:01] 2. Backing up database...
[2026-06-16 02:00:11]    Database backed up: /www/wwwroot/vitufinance.com/backups/daily/db_20260616_020001.sql.gz
[2026-06-16 02:00:11] 3. Generating file integrity hashes...
[2026-06-16 02:00:11]    Hashes saved: /www/wwwroot/vitufinance.com/backups/critical/hashes_20260616_020001.sha256
[2026-06-16 02:00:11] 4. Checking for git changes...
[2026-06-16 02:00:11]    No changes to commit
[2026-06-16 02:00:11] 5. Cleaning up old backups...
[2026-06-16 02:00:11]    Old backups cleaned (keeping last 7 days)
[2026-06-16 02:00:11] ==========================================
[2026-06-16 02:00:11] Backup completed successfully!
[2026-06-16 02:00:11] ==========================================
[2026-06-16 02:00:11]    Total backup size: 424M
[2026-06-16 02:00:11] ==========================================
[2026-06-16 03:00:01] [INFO] ========== Starting database backup ==========
[2026-06-16 03:00:01] [INFO] Backup time: 2026-06-16_03-00-01
[2026-06-16 03:00:01] [INFO] Project: /www/wwwroot/vitufinance.com
[2026-06-16 03:00:01] [INFO] Database: xie080886 @ 127.0.0.1:3306
[2026-06-16 03:00:01] [INFO] Creating database backup...
mysqldump: [Warning] Using a password on the command line interface can be insecure.
[2026-06-16 03:00:05] [INFO] Backup created: xie080886_2026-06-16.sql (227M)
[2026-06-16 03:00:05] [INFO] Compressing backup...
[2026-06-16 03:00:37] [INFO] Backup compressed: xie080886_2026-06-16.sql.gz (38M)
[2026-06-16 03:00:37] [INFO] Cleaning up old backups...
[2026-06-16 03:00:37] [INFO] Total backups retained: 3
[2026-06-16 03:00:37] [INFO] Pushing backup to Git repository...
The following paths are ignored by one of your .gitignore files:
backups
hint: Use -f if you really want to add them.
hint: Turn this message off by running
hint: "git config advice.addIgnoredFile false"
The following paths are ignored by one of your .gitignore files:
backups
hint: Use -f if you really want to add them.
hint: Turn this message off by running
hint: "git config advice.addIgnoredFile false"
[2026-06-16 03:00:37] [INFO] No changes to commit
[2026-06-16 03:00:37] [INFO] Git push completed successfully
[2026-06-16 03:00:37] [INFO] =========================================
[2026-06-16 03:00:37] [INFO] Backup Summary:
[2026-06-16 03:00:37] [INFO]   File: xie080886_2026-06-16.sql.gz
[2026-06-16 03:00:37] [INFO]   Size: 38M
[2026-06-16 03:00:37] [INFO]   Location: /www/wwwroot/vitufinance.com/backups/database
[2026-06-16 03:00:37] [INFO] ========== Backup completed successfully ==========
[2026-06-16 03:00:37] [INFO] 
[2026-06-17 02:00:01] ==========================================
[2026-06-17 02:00:01] Starting backup: vitufinance_backup_20260617_020001
[2026-06-17 02:00:01] ==========================================
[2026-06-17 02:00:01] 1. Backing up critical source files...
[2026-06-17 02:00:01]    Critical files backed up: /www/wwwroot/vitufinance.com/backups/critical/critical_20260617_020001.tar.gz
[2026-06-17 02:00:01] 2. Backing up database...
[2026-06-17 02:00:10]    Database backed up: /www/wwwroot/vitufinance.com/backups/daily/db_20260617_020001.sql.gz
[2026-06-17 02:00:10] 3. Generating file integrity hashes...
[2026-06-17 02:00:10]    Hashes saved: /www/wwwroot/vitufinance.com/backups/critical/hashes_20260617_020001.sha256
[2026-06-17 02:00:10] 4. Checking for git changes...
[2026-06-17 02:00:10]    No changes to commit
[2026-06-17 02:00:10] 5. Cleaning up old backups...
[2026-06-17 02:00:10]    Old backups cleaned (keeping last 7 days)
[2026-06-17 02:00:10] ==========================================
[2026-06-17 02:00:10] Backup completed successfully!
[2026-06-17 02:00:10] ==========================================
[2026-06-17 02:00:10]    Total backup size: 464M
[2026-06-17 02:00:10] ==========================================
[2026-06-18 02:00:01] ==========================================
[2026-06-18 02:00:01] Starting backup: vitufinance_backup_20260618_020001
[2026-06-18 02:00:01] ==========================================
[2026-06-18 02:00:01] 1. Backing up critical source files...
[2026-06-18 02:00:01]    Critical files backed up: /www/wwwroot/vitufinance.com/backups/critical/critical_20260618_020001.tar.gz
[2026-06-18 02:00:01] 2. Backing up database...
[2026-06-18 02:00:11]    Database backed up: /www/wwwroot/vitufinance.com/backups/daily/db_20260618_020001.sql.gz
[2026-06-18 02:00:11] 3. Generating file integrity hashes...
[2026-06-18 02:00:11]    Hashes saved: /www/wwwroot/vitufinance.com/backups/critical/hashes_20260618_020001.sha256
[2026-06-18 02:00:11] 4. Checking for git changes...
[2026-06-18 02:00:11]    Git commit created
[2026-06-18 02:00:11] 5. Cleaning up old backups...
[2026-06-18 02:00:11]    Old backups cleaned (keeping last 7 days)
[2026-06-18 02:00:11] ==========================================
[2026-06-18 02:00:11] Backup completed successfully!
[2026-06-18 02:00:11] ==========================================
[2026-06-18 02:00:11]    Total backup size: 429M
[2026-06-18 02:00:11] ==========================================
[2026-06-19 02:00:01] ==========================================
[2026-06-19 02:00:01] Starting backup: vitufinance_backup_20260619_020001
[2026-06-19 02:00:01] ==========================================
[2026-06-19 02:00:01] 1. Backing up critical source files...
[2026-06-19 02:00:01]    Critical files backed up: /www/wwwroot/vitufinance.com/backups/critical/critical_20260619_020001.tar.gz
[2026-06-19 02:00:01] 2. Backing up database...
[2026-06-19 02:00:10]    Database backed up: /www/wwwroot/vitufinance.com/backups/daily/db_20260619_020001.sql.gz
[2026-06-19 02:00:10] 3. Generating file integrity hashes...
[2026-06-19 02:00:11]    Hashes saved: /www/wwwroot/vitufinance.com/backups/critical/hashes_20260619_020001.sha256
[2026-06-19 02:00:11] 4. Checking for git changes...
[2026-06-19 02:00:11]    No changes to commit
[2026-06-19 02:00:11] 5. Cleaning up old backups...
[2026-06-19 02:00:11]    Old backups cleaned (keeping last 7 days)
[2026-06-19 02:00:11] ==========================================
[2026-06-19 02:00:11] Backup completed successfully!
[2026-06-19 02:00:11] ==========================================
[2026-06-19 02:00:11]    Total backup size: 468M
[2026-06-19 02:00:11] ==========================================
[2026-06-19 03:00:01] [INFO] ========== Starting database backup ==========
[2026-06-19 03:00:01] [INFO] Backup time: 2026-06-19_03-00-01
[2026-06-19 03:00:01] [INFO] Project: /www/wwwroot/vitufinance.com
[2026-06-19 03:00:01] [INFO] Database: xie080886 @ 127.0.0.1:3306
[2026-06-19 03:00:01] [INFO] Creating database backup...
mysqldump: [Warning] Using a password on the command line interface can be insecure.
[2026-06-19 03:00:06] [INFO] Backup created: xie080886_2026-06-19.sql (231M)
[2026-06-19 03:00:06] [INFO] Compressing backup...
[2026-06-19 03:00:38] [INFO] Backup compressed: xie080886_2026-06-19.sql.gz (38M)
[2026-06-19 03:00:38] [INFO] Cleaning up old backups...
[2026-06-19 03:00:38] [INFO] Total backups retained: 3
[2026-06-19 03:00:38] [INFO] Pushing backup to Git repository...
The following paths are ignored by one of your .gitignore files:
backups
hint: Use -f if you really want to add them.
hint: Turn this message off by running
hint: "git config advice.addIgnoredFile false"
The following paths are ignored by one of your .gitignore files:
backups
hint: Use -f if you really want to add them.
hint: Turn this message off by running
hint: "git config advice.addIgnoredFile false"
[2026-06-19 03:00:38] [INFO] No changes to commit
[2026-06-19 03:00:38] [INFO] Git push completed successfully
[2026-06-19 03:00:38] [INFO] =========================================
[2026-06-19 03:00:38] [INFO] Backup Summary:
[2026-06-19 03:00:38] [INFO]   File: xie080886_2026-06-19.sql.gz
[2026-06-19 03:00:38] [INFO]   Size: 38M
[2026-06-19 03:00:38] [INFO]   Location: /www/wwwroot/vitufinance.com/backups/database
[2026-06-19 03:00:39] [INFO] ========== Backup completed successfully ==========
[2026-06-19 03:00:39] [INFO] 
[2026-06-20 02:00:01] ==========================================
[2026-06-20 02:00:01] Starting backup: vitufinance_backup_20260620_020001
[2026-06-20 02:00:01] ==========================================
[2026-06-20 02:00:01] 1. Backing up critical source files...
[2026-06-20 02:00:01]    Critical files backed up: /www/wwwroot/vitufinance.com/backups/critical/critical_20260620_020001.tar.gz
[2026-06-20 02:00:01] 2. Backing up database...
[2026-06-20 02:00:10]    Database backed up: /www/wwwroot/vitufinance.com/backups/daily/db_20260620_020001.sql.gz
[2026-06-20 02:00:10] 3. Generating file integrity hashes...
[2026-06-20 02:00:10]    Hashes saved: /www/wwwroot/vitufinance.com/backups/critical/hashes_20260620_020001.sha256
[2026-06-20 02:00:10] 4. Checking for git changes...
[2026-06-20 02:00:10]    No changes to commit
[2026-06-20 02:00:10] 5. Cleaning up old backups...
[2026-06-20 02:00:10]    Old backups cleaned (keeping last 7 days)
[2026-06-20 02:00:10] ==========================================
[2026-06-20 02:00:10] Backup completed successfully!
[2026-06-20 02:00:10] ==========================================
[2026-06-20 02:00:10]    Total backup size: 435M
[2026-06-20 02:00:10] ==========================================
[2026-06-21 02:00:01] ==========================================
[2026-06-21 02:00:01] Starting backup: vitufinance_backup_20260621_020001
[2026-06-21 02:00:01] ==========================================
[2026-06-21 02:00:01] 1. Backing up critical source files...
[2026-06-21 02:00:01]    Critical files backed up: /www/wwwroot/vitufinance.com/backups/critical/critical_20260621_020001.tar.gz
[2026-06-21 02:00:01] 2. Backing up database...
[2026-06-21 02:00:10]    Database backed up: /www/wwwroot/vitufinance.com/backups/daily/db_20260621_020001.sql.gz
[2026-06-21 02:00:10] 3. Generating file integrity hashes...
[2026-06-21 02:00:10]    Hashes saved: /www/wwwroot/vitufinance.com/backups/critical/hashes_20260621_020001.sha256
[2026-06-21 02:00:10] 4. Checking for git changes...
[2026-06-21 02:00:11]    No changes to commit
[2026-06-21 02:00:11] 5. Cleaning up old backups...
[2026-06-21 02:00:11]    Old backups cleaned (keeping last 7 days)
[2026-06-21 02:00:11] ==========================================
[2026-06-21 02:00:11] Backup completed successfully!
[2026-06-21 02:00:11] ==========================================
[2026-06-21 02:00:11]    Total backup size: 473M
[2026-06-21 02:00:11] ==========================================
[2026-06-22 02:00:01] ==========================================
[2026-06-22 02:00:01] Starting backup: vitufinance_backup_20260622_020001
[2026-06-22 02:00:01] ==========================================
[2026-06-22 02:00:01] 1. Backing up critical source files...
[2026-06-22 02:00:01]    Critical files backed up: /www/wwwroot/vitufinance.com/backups/critical/critical_20260622_020001.tar.gz
[2026-06-22 02:00:01] 2. Backing up database...
[2026-06-22 02:00:11]    Database backed up: /www/wwwroot/vitufinance.com/backups/daily/db_20260622_020001.sql.gz
[2026-06-22 02:00:11] 3. Generating file integrity hashes...
[2026-06-22 02:00:11]    Hashes saved: /www/wwwroot/vitufinance.com/backups/critical/hashes_20260622_020001.sha256
[2026-06-22 02:00:11] 4. Checking for git changes...
[2026-06-22 02:00:11]    No changes to commit
[2026-06-22 02:00:11] 5. Cleaning up old backups...
[2026-06-22 02:00:11]    Old backups cleaned (keeping last 7 days)
[2026-06-22 02:00:11] ==========================================
[2026-06-22 02:00:11] Backup completed successfully!
[2026-06-22 02:00:11] ==========================================
[2026-06-22 02:00:11]    Total backup size: 438M
[2026-06-22 02:00:11] ==========================================
[2026-06-22 03:00:01] [INFO] ========== Starting database backup ==========
[2026-06-22 03:00:01] [INFO] Backup time: 2026-06-22_03-00-01
[2026-06-22 03:00:01] [INFO] Project: /www/wwwroot/vitufinance.com
[2026-06-22 03:00:01] [INFO] Database: xie080886 @ 127.0.0.1:3306
[2026-06-22 03:00:01] [INFO] Creating database backup...
mysqldump: [Warning] Using a password on the command line interface can be insecure.
[2026-06-22 03:00:06] [INFO] Backup created: xie080886_2026-06-22.sql (234M)
[2026-06-22 03:00:06] [INFO] Compressing backup...
[2026-06-22 03:00:39] [INFO] Backup compressed: xie080886_2026-06-22.sql.gz (39M)
[2026-06-22 03:00:39] [INFO] Cleaning up old backups...
[2026-06-22 03:00:39] [INFO] Total backups retained: 3
[2026-06-22 03:00:39] [INFO] Pushing backup to Git repository...
The following paths are ignored by one of your .gitignore files:
backups
hint: Use -f if you really want to add them.
hint: Turn this message off by running
hint: "git config advice.addIgnoredFile false"
The following paths are ignored by one of your .gitignore files:
backups
hint: Use -f if you really want to add them.
hint: Turn this message off by running
hint: "git config advice.addIgnoredFile false"
[2026-06-22 03:00:39] [INFO] No changes to commit
[2026-06-22 03:00:39] [INFO] Git push completed successfully
[2026-06-22 03:00:39] [INFO] =========================================
[2026-06-22 03:00:39] [INFO] Backup Summary:
[2026-06-22 03:00:39] [INFO]   File: xie080886_2026-06-22.sql.gz
[2026-06-22 03:00:39] [INFO]   Size: 39M
[2026-06-22 03:00:39] [INFO]   Location: /www/wwwroot/vitufinance.com/backups/database
[2026-06-22 03:00:39] [INFO] ========== Backup completed successfully ==========
[2026-06-22 03:00:39] [INFO] 
[2026-06-23 02:00:01] ==========================================
[2026-06-23 02:00:01] Starting backup: vitufinance_backup_20260623_020001
[2026-06-23 02:00:01] ==========================================
[2026-06-23 02:00:01] 1. Backing up critical source files...
[2026-06-23 02:00:01]    Critical files backed up: /www/wwwroot/vitufinance.com/backups/critical/critical_20260623_020001.tar.gz
[2026-06-23 02:00:01] 2. Backing up database...
[2026-06-23 02:00:11]    Database backed up: /www/wwwroot/vitufinance.com/backups/daily/db_20260623_020001.sql.gz
[2026-06-23 02:00:11] 3. Generating file integrity hashes...
[2026-06-23 02:00:11]    Hashes saved: /www/wwwroot/vitufinance.com/backups/critical/hashes_20260623_020001.sha256
[2026-06-23 02:00:11] 4. Checking for git changes...
[2026-06-23 02:00:11]    No changes to commit
[2026-06-23 02:00:11] 5. Cleaning up old backups...
[2026-06-23 02:00:11]    Old backups cleaned (keeping last 7 days)
[2026-06-23 02:00:11] ==========================================
[2026-06-23 02:00:11] Backup completed successfully!
[2026-06-23 02:00:11] ==========================================
[2026-06-23 02:00:11]    Total backup size: 442M
[2026-06-23 02:00:11] ==========================================
[2026-06-24 02:00:01] ==========================================
[2026-06-24 02:00:01] Starting backup: vitufinance_backup_20260624_020001
[2026-06-24 02:00:01] ==========================================
[2026-06-24 02:00:01] 1. Backing up critical source files...
[2026-06-24 02:00:01]    Critical files backed up: /www/wwwroot/vitufinance.com/backups/critical/critical_20260624_020001.tar.gz
[2026-06-24 02:00:01] 2. Backing up database...
[2026-06-24 02:00:11]    Database backed up: /www/wwwroot/vitufinance.com/backups/daily/db_20260624_020001.sql.gz
[2026-06-24 02:00:11] 3. Generating file integrity hashes...
[2026-06-24 02:00:11]    Hashes saved: /www/wwwroot/vitufinance.com/backups/critical/hashes_20260624_020001.sha256
[2026-06-24 02:00:11] 4. Checking for git changes...
[2026-06-24 02:00:11]    No changes to commit
[2026-06-24 02:00:11] 5. Cleaning up old backups...
[2026-06-24 02:00:11]    Old backups cleaned (keeping last 7 days)
[2026-06-24 02:00:11] ==========================================
[2026-06-24 02:00:11] Backup completed successfully!
[2026-06-24 02:00:11] ==========================================
[2026-06-24 02:00:11]    Total backup size: 443M
[2026-06-24 02:00:11] ==========================================
[2026-06-25 02:00:01] ==========================================
[2026-06-25 02:00:01] Starting backup: vitufinance_backup_20260625_020001
[2026-06-25 02:00:01] ==========================================
[2026-06-25 02:00:01] 1. Backing up critical source files...
[2026-06-25 02:00:01]    Critical files backed up: /www/wwwroot/vitufinance.com/backups/critical/critical_20260625_020001.tar.gz
[2026-06-25 02:00:01] 2. Backing up database...
[2026-06-25 02:00:11]    Database backed up: /www/wwwroot/vitufinance.com/backups/daily/db_20260625_020001.sql.gz
[2026-06-25 02:00:11] 3. Generating file integrity hashes...
[2026-06-25 02:00:11]    Hashes saved: /www/wwwroot/vitufinance.com/backups/critical/hashes_20260625_020001.sha256
[2026-06-25 02:00:11] 4. Checking for git changes...
[2026-06-25 02:00:11]    No changes to commit
[2026-06-25 02:00:11] 5. Cleaning up old backups...
[2026-06-25 02:00:11]    Old backups cleaned (keeping last 7 days)
[2026-06-25 02:00:11] ==========================================
[2026-06-25 02:00:11] Backup completed successfully!
[2026-06-25 02:00:11] ==========================================
[2026-06-25 02:00:11]    Total backup size: 445M
[2026-06-25 02:00:11] ==========================================
[2026-06-25 03:00:01] [INFO] ========== Starting database backup ==========
[2026-06-25 03:00:01] [INFO] Backup time: 2026-06-25_03-00-01
[2026-06-25 03:00:01] [INFO] Project: /www/wwwroot/vitufinance.com
[2026-06-25 03:00:01] [INFO] Database: xie080886 @ 127.0.0.1:3306
[2026-06-25 03:00:01] [INFO] Creating database backup...
mysqldump: [Warning] Using a password on the command line interface can be insecure.
[2026-06-25 03:00:06] [INFO] Backup created: xie080886_2026-06-25.sql (238M)
[2026-06-25 03:00:06] [INFO] Compressing backup...
[2026-06-25 03:00:39] [INFO] Backup compressed: xie080886_2026-06-25.sql.gz (39M)
[2026-06-25 03:00:39] [INFO] Cleaning up old backups...
[2026-06-25 03:00:39] [INFO] Total backups retained: 3
[2026-06-25 03:00:39] [INFO] Pushing backup to Git repository...
The following paths are ignored by one of your .gitignore files:
backups
hint: Use -f if you really want to add them.
hint: Turn this message off by running
hint: "git config advice.addIgnoredFile false"
The following paths are ignored by one of your .gitignore files:
backups
hint: Use -f if you really want to add them.
hint: Turn this message off by running
hint: "git config advice.addIgnoredFile false"
[2026-06-25 03:00:39] [INFO] No changes to commit
[2026-06-25 03:00:39] [INFO] Git push completed successfully
[2026-06-25 03:00:39] [INFO] =========================================
[2026-06-25 03:00:39] [INFO] Backup Summary:
[2026-06-25 03:00:39] [INFO]   File: xie080886_2026-06-25.sql.gz
[2026-06-25 03:00:39] [INFO]   Size: 39M
[2026-06-25 03:00:39] [INFO]   Location: /www/wwwroot/vitufinance.com/backups/database
[2026-06-25 03:00:39] [INFO] ========== Backup completed successfully ==========
[2026-06-25 03:00:39] [INFO] 
[2026-06-26 02:00:01] ==========================================
[2026-06-26 02:00:01] Starting backup: vitufinance_backup_20260626_020001
[2026-06-26 02:00:01] ==========================================
[2026-06-26 02:00:01] 1. Backing up critical source files...
[2026-06-26 02:00:01]    Critical files backed up: /www/wwwroot/vitufinance.com/backups/critical/critical_20260626_020001.tar.gz
[2026-06-26 02:00:01] 2. Backing up database...
[2026-06-26 02:00:11]    Database backed up: /www/wwwroot/vitufinance.com/backups/daily/db_20260626_020001.sql.gz
[2026-06-26 02:00:11] 3. Generating file integrity hashes...
[2026-06-26 02:00:11]    Hashes saved: /www/wwwroot/vitufinance.com/backups/critical/hashes_20260626_020001.sha256
[2026-06-26 02:00:11] 4. Checking for git changes...
[2026-06-26 02:00:11]    No changes to commit
[2026-06-26 02:00:11] 5. Cleaning up old backups...
[2026-06-26 02:00:11]    Old backups cleaned (keeping last 7 days)
[2026-06-26 02:00:11] ==========================================
[2026-06-26 02:00:11] Backup completed successfully!
[2026-06-26 02:00:11] ==========================================
[2026-06-26 02:00:11]    Total backup size: 487M
[2026-06-26 02:00:11] ==========================================
[2026-06-27 02:00:01] ==========================================
[2026-06-27 02:00:01] Starting backup: vitufinance_backup_20260627_020001
[2026-06-27 02:00:01] ==========================================
[2026-06-27 02:00:01] 1. Backing up critical source files...
[2026-06-27 02:00:01]    Critical files backed up: /www/wwwroot/vitufinance.com/backups/critical/critical_20260627_020001.tar.gz
[2026-06-27 02:00:01] 2. Backing up database...
[2026-06-27 02:00:11]    Database backed up: /www/wwwroot/vitufinance.com/backups/daily/db_20260627_020001.sql.gz
[2026-06-27 02:00:11] 3. Generating file integrity hashes...
[2026-06-27 02:00:11]    Hashes saved: /www/wwwroot/vitufinance.com/backups/critical/hashes_20260627_020001.sha256
[2026-06-27 02:00:11] 4. Checking for git changes...
[2026-06-27 02:00:11]    No changes to commit
[2026-06-27 02:00:11] 5. Cleaning up old backups...
[2026-06-27 02:00:11]    Old backups cleaned (keeping last 7 days)
[2026-06-27 02:00:11] ==========================================
[2026-06-27 02:00:11] Backup completed successfully!
[2026-06-27 02:00:11] ==========================================
[2026-06-27 02:00:11]    Total backup size: 451M
[2026-06-27 02:00:11] ==========================================
[2026-06-28 02:00:01] ==========================================
[2026-06-28 02:00:01] Starting backup: vitufinance_backup_20260628_020001
[2026-06-28 02:00:01] ==========================================
[2026-06-28 02:00:01] 1. Backing up critical source files...
[2026-06-28 02:00:01]    Critical files backed up: /www/wwwroot/vitufinance.com/backups/critical/critical_20260628_020001.tar.gz
[2026-06-28 02:00:01] 2. Backing up database...
[2026-06-28 02:00:11]    Database backed up: /www/wwwroot/vitufinance.com/backups/daily/db_20260628_020001.sql.gz
[2026-06-28 02:00:11] 3. Generating file integrity hashes...
[2026-06-28 02:00:11]    Hashes saved: /www/wwwroot/vitufinance.com/backups/critical/hashes_20260628_020001.sha256
[2026-06-28 02:00:11] 4. Checking for git changes...
[2026-06-28 02:00:11]    No changes to commit
[2026-06-28 02:00:11] 5. Cleaning up old backups...
[2026-06-28 02:00:11]    Old backups cleaned (keeping last 7 days)
[2026-06-28 02:00:11] ==========================================
[2026-06-28 02:00:11] Backup completed successfully!
[2026-06-28 02:00:11] ==========================================
[2026-06-28 02:00:11]    Total backup size: 452M
[2026-06-28 02:00:11] ==========================================
[2026-06-28 03:00:01] [INFO] ========== Starting database backup ==========
[2026-06-28 03:00:01] [INFO] Backup time: 2026-06-28_03-00-01
[2026-06-28 03:00:01] [INFO] Project: /www/wwwroot/vitufinance.com
[2026-06-28 03:00:01] [INFO] Database: xie080886 @ 127.0.0.1:3306
[2026-06-28 03:00:01] [INFO] Creating database backup...
mysqldump: [Warning] Using a password on the command line interface can be insecure.
[2026-06-28 03:00:05] [INFO] Backup created: xie080886_2026-06-28.sql (242M)
[2026-06-28 03:00:05] [INFO] Compressing backup...
[2026-06-28 03:00:39] [INFO] Backup compressed: xie080886_2026-06-28.sql.gz (40M)
[2026-06-28 03:00:39] [INFO] Cleaning up old backups...
[2026-06-28 03:00:39] [INFO] Total backups retained: 3
[2026-06-28 03:00:39] [INFO] Pushing backup to Git repository...
The following paths are ignored by one of your .gitignore files:
backups
hint: Use -f if you really want to add them.
hint: Turn this message off by running
hint: "git config advice.addIgnoredFile false"
The following paths are ignored by one of your .gitignore files:
backups
hint: Use -f if you really want to add them.
hint: Turn this message off by running
hint: "git config advice.addIgnoredFile false"
[2026-06-28 03:00:40] [INFO] No changes to commit
[2026-06-28 03:00:40] [INFO] Git push completed successfully
[2026-06-28 03:00:40] [INFO] =========================================
[2026-06-28 03:00:40] [INFO] Backup Summary:
[2026-06-28 03:00:40] [INFO]   File: xie080886_2026-06-28.sql.gz
[2026-06-28 03:00:40] [INFO]   Size: 40M
[2026-06-28 03:00:40] [INFO]   Location: /www/wwwroot/vitufinance.com/backups/database
[2026-06-28 03:00:40] [INFO] ========== Backup completed successfully ==========
[2026-06-28 03:00:40] [INFO] 
[2026-06-29 02:00:01] ==========================================
[2026-06-29 02:00:01] Starting backup: vitufinance_backup_20260629_020001
[2026-06-29 02:00:01] ==========================================
[2026-06-29 02:00:01] 1. Backing up critical source files...
[2026-06-29 02:00:01]    Critical files backed up: /www/wwwroot/vitufinance.com/backups/critical/critical_20260629_020001.tar.gz
[2026-06-29 02:00:01] 2. Backing up database...
[2026-06-29 02:00:11]    Database backed up: /www/wwwroot/vitufinance.com/backups/daily/db_20260629_020001.sql.gz
[2026-06-29 02:00:11] 3. Generating file integrity hashes...
[2026-06-29 02:00:11]    Hashes saved: /www/wwwroot/vitufinance.com/backups/critical/hashes_20260629_020001.sha256
[2026-06-29 02:00:11] 4. Checking for git changes...
[2026-06-29 02:00:12]    No changes to commit
[2026-06-29 02:00:12] 5. Cleaning up old backups...
[2026-06-29 02:00:12]    Old backups cleaned (keeping last 7 days)
[2026-06-29 02:00:12] ==========================================
[2026-06-29 02:00:12] Backup completed successfully!
[2026-06-29 02:00:12] ==========================================
[2026-06-29 02:00:12]    Total backup size: 456M
[2026-06-29 02:00:12] ==========================================
[2026-06-30 02:00:01] ==========================================
[2026-06-30 02:00:01] Starting backup: vitufinance_backup_20260630_020001
[2026-06-30 02:00:01] ==========================================
[2026-06-30 02:00:01] 1. Backing up critical source files...
[2026-06-30 02:00:01]    Critical files backed up: /www/wwwroot/vitufinance.com/backups/critical/critical_20260630_020001.tar.gz
[2026-06-30 02:00:01] 2. Backing up database...
[2026-06-30 02:00:11]    Database backed up: /www/wwwroot/vitufinance.com/backups/daily/db_20260630_020001.sql.gz
[2026-06-30 02:00:11] 3. Generating file integrity hashes...
[2026-06-30 02:00:11]    Hashes saved: /www/wwwroot/vitufinance.com/backups/critical/hashes_20260630_020001.sha256
[2026-06-30 02:00:11] 4. Checking for git changes...
[2026-06-30 02:00:11]    No changes to commit
[2026-06-30 02:00:11] 5. Cleaning up old backups...
[2026-06-30 02:00:11]    Old backups cleaned (keeping last 7 days)
[2026-06-30 02:00:11] ==========================================
[2026-06-30 02:00:11] Backup completed successfully!
[2026-06-30 02:00:11] ==========================================
[2026-06-30 02:00:12]    Total backup size: 458M
[2026-06-30 02:00:12] ==========================================
[2026-07-01 02:00:01] ==========================================
[2026-07-01 02:00:01] Starting backup: vitufinance_backup_20260701_020001
[2026-07-01 02:00:01] ==========================================
[2026-07-01 02:00:01] 1. Backing up critical source files...
[2026-07-01 02:00:01]    Critical files backed up: /www/wwwroot/vitufinance.com/backups/critical/critical_20260701_020001.tar.gz
[2026-07-01 02:00:01] 2. Backing up database...
[2026-07-01 02:00:11]    Database backed up: /www/wwwroot/vitufinance.com/backups/daily/db_20260701_020001.sql.gz
[2026-07-01 02:00:11] 3. Generating file integrity hashes...
[2026-07-01 02:00:11]    Hashes saved: /www/wwwroot/vitufinance.com/backups/critical/hashes_20260701_020001.sha256
[2026-07-01 02:00:11] 4. Checking for git changes...
[2026-07-01 02:00:11]    No changes to commit
[2026-07-01 02:00:11] 5. Cleaning up old backups...
[2026-07-01 02:00:12]    Old backups cleaned (keeping last 7 days)
[2026-07-01 02:00:12] ==========================================
[2026-07-01 02:00:12] Backup completed successfully!
[2026-07-01 02:00:12] ==========================================
[2026-07-01 02:00:12]    Total backup size: 460M
[2026-07-01 02:00:12] ==========================================
[2026-07-01 03:00:01] [INFO] ========== Starting database backup ==========
[2026-07-01 03:00:01] [INFO] Backup time: 2026-07-01_03-00-01
[2026-07-01 03:00:01] [INFO] Project: /www/wwwroot/vitufinance.com
[2026-07-01 03:00:01] [INFO] Database: xie080886 @ 127.0.0.1:3306
[2026-07-01 03:00:01] [INFO] Creating database backup...
mysqldump: [Warning] Using a password on the command line interface can be insecure.
[2026-07-01 03:00:05] [INFO] Backup created: xie080886_2026-07-01.sql (245M)
[2026-07-01 03:00:05] [INFO] Compressing backup...
[2026-07-01 03:00:40] [INFO] Backup compressed: xie080886_2026-07-01.sql.gz (41M)
[2026-07-01 03:00:40] [INFO] Cleaning up old backups...
[2026-07-01 03:00:40] [INFO] Total backups retained: 3
[2026-07-01 03:00:40] [INFO] Pushing backup to Git repository...
The following paths are ignored by one of your .gitignore files:
backups
hint: Use -f if you really want to add them.
hint: Turn this message off by running
hint: "git config advice.addIgnoredFile false"
The following paths are ignored by one of your .gitignore files:
backups
hint: Use -f if you really want to add them.
hint: Turn this message off by running
hint: "git config advice.addIgnoredFile false"
[2026-07-01 03:00:40] [INFO] No changes to commit
[2026-07-01 03:00:40] [INFO] Git push completed successfully
[2026-07-01 03:00:40] [INFO] =========================================
[2026-07-01 03:00:40] [INFO] Backup Summary:
[2026-07-01 03:00:40] [INFO]   File: xie080886_2026-07-01.sql.gz
[2026-07-01 03:00:40] [INFO]   Size: 41M
[2026-07-01 03:00:40] [INFO]   Location: /www/wwwroot/vitufinance.com/backups/database
[2026-07-01 03:00:40] [INFO] ========== Backup completed successfully ==========
[2026-07-01 03:00:40] [INFO] 
[2026-07-02 02:00:01] ==========================================
[2026-07-02 02:00:01] Starting backup: vitufinance_backup_20260702_020001
[2026-07-02 02:00:01] ==========================================
[2026-07-02 02:00:01] 1. Backing up critical source files...
[2026-07-02 02:00:01]    Critical files backed up: /www/wwwroot/vitufinance.com/backups/critical/critical_20260702_020001.tar.gz
[2026-07-02 02:00:01] 2. Backing up database...
[2026-07-02 02:00:11]    Database backed up: /www/wwwroot/vitufinance.com/backups/daily/db_20260702_020001.sql.gz
[2026-07-02 02:00:11] 3. Generating file integrity hashes...
[2026-07-02 02:00:11]    Hashes saved: /www/wwwroot/vitufinance.com/backups/critical/hashes_20260702_020001.sha256
[2026-07-02 02:00:11] 4. Checking for git changes...
[2026-07-02 02:00:11]    No changes to commit
[2026-07-02 02:00:11] 5. Cleaning up old backups...
[2026-07-02 02:00:11]    Old backups cleaned (keeping last 7 days)
[2026-07-02 02:00:11] ==========================================
[2026-07-02 02:00:11] Backup completed successfully!
[2026-07-02 02:00:11] ==========================================
[2026-07-02 02:00:11]    Total backup size: 463M
[2026-07-02 02:00:11] ==========================================
[2026-07-03 02:00:01] ==========================================
[2026-07-03 02:00:01] Starting backup: vitufinance_backup_20260703_020001
[2026-07-03 02:00:01] ==========================================
[2026-07-03 02:00:01] 1. Backing up critical source files...
[2026-07-03 02:00:01]    Critical files backed up: /www/wwwroot/vitufinance.com/backups/critical/critical_20260703_020001.tar.gz
[2026-07-03 02:00:01] 2. Backing up database...
[2026-07-03 02:00:11]    Database backed up: /www/wwwroot/vitufinance.com/backups/daily/db_20260703_020001.sql.gz
[2026-07-03 02:00:11] 3. Generating file integrity hashes...
[2026-07-03 02:00:11]    Hashes saved: /www/wwwroot/vitufinance.com/backups/critical/hashes_20260703_020001.sha256
[2026-07-03 02:00:11] 4. Checking for git changes...
[2026-07-03 02:00:11]    No changes to commit
[2026-07-03 02:00:11] 5. Cleaning up old backups...
[2026-07-03 02:00:11]    Old backups cleaned (keeping last 7 days)
[2026-07-03 02:00:11] ==========================================
[2026-07-03 02:00:11] Backup completed successfully!
[2026-07-03 02:00:11] ==========================================
[2026-07-03 02:00:11]    Total backup size: 465M
[2026-07-03 02:00:11] ==========================================
[2026-07-04 02:00:01] ==========================================
[2026-07-04 02:00:01] Starting backup: vitufinance_backup_20260704_020001
[2026-07-04 02:00:01] ==========================================
[2026-07-04 02:00:01] 1. Backing up critical source files...
[2026-07-04 02:00:01]    Critical files backed up: /www/wwwroot/vitufinance.com/backups/critical/critical_20260704_020001.tar.gz
[2026-07-04 02:00:01] 2. Backing up database...
[2026-07-04 02:00:11]    Database backed up: /www/wwwroot/vitufinance.com/backups/daily/db_20260704_020001.sql.gz
[2026-07-04 02:00:11] 3. Generating file integrity hashes...
[2026-07-04 02:00:11]    Hashes saved: /www/wwwroot/vitufinance.com/backups/critical/hashes_20260704_020001.sha256
[2026-07-04 02:00:11] 4. Checking for git changes...
[2026-07-04 02:00:11]    No changes to commit
[2026-07-04 02:00:11] 5. Cleaning up old backups...
[2026-07-04 02:00:11]    Old backups cleaned (keeping last 7 days)
[2026-07-04 02:00:11] ==========================================
[2026-07-04 02:00:11] Backup completed successfully!
[2026-07-04 02:00:11] ==========================================
[2026-07-04 02:00:11]    Total backup size: 467M
[2026-07-04 02:00:11] ==========================================
[2026-07-04 03:00:01] [INFO] ========== Starting database backup ==========
[2026-07-04 03:00:01] [INFO] Backup time: 2026-07-04_03-00-01
[2026-07-04 03:00:01] [INFO] Project: /www/wwwroot/vitufinance.com
[2026-07-04 03:00:01] [INFO] Database: xie080886 @ 127.0.0.1:3306
[2026-07-04 03:00:01] [INFO] Creating database backup...
mysqldump: [Warning] Using a password on the command line interface can be insecure.
[2026-07-04 03:00:05] [INFO] Backup created: xie080886_2026-07-04.sql (249M)
[2026-07-04 03:00:05] [INFO] Compressing backup...
[2026-07-04 03:00:40] [INFO] Backup compressed: xie080886_2026-07-04.sql.gz (41M)
[2026-07-04 03:00:40] [INFO] Cleaning up old backups...
[2026-07-04 03:00:40] [INFO] Total backups retained: 3
[2026-07-04 03:00:40] [INFO] Pushing backup to Git repository...
The following paths are ignored by one of your .gitignore files:
backups
hint: Use -f if you really want to add them.
hint: Turn this message off by running
hint: "git config advice.addIgnoredFile false"
The following paths are ignored by one of your .gitignore files:
backups
hint: Use -f if you really want to add them.
hint: Turn this message off by running
hint: "git config advice.addIgnoredFile false"
[2026-07-04 03:00:41] [INFO] No changes to commit
[2026-07-04 03:00:41] [INFO] Git push completed successfully
[2026-07-04 03:00:41] [INFO] =========================================
[2026-07-04 03:00:41] [INFO] Backup Summary:
[2026-07-04 03:00:41] [INFO]   File: xie080886_2026-07-04.sql.gz
[2026-07-04 03:00:41] [INFO]   Size: 41M
[2026-07-04 03:00:41] [INFO]   Location: /www/wwwroot/vitufinance.com/backups/database
[2026-07-04 03:00:41] [INFO] ========== Backup completed successfully ==========
[2026-07-04 03:00:41] [INFO] 
[2026-07-05 02:00:01] ==========================================
[2026-07-05 02:00:01] Starting backup: vitufinance_backup_20260705_020001
[2026-07-05 02:00:01] ==========================================
[2026-07-05 02:00:01] 1. Backing up critical source files...
[2026-07-05 02:00:01]    Critical files backed up: /www/wwwroot/vitufinance.com/backups/critical/critical_20260705_020001.tar.gz
[2026-07-05 02:00:01] 2. Backing up database...
[2026-07-05 02:00:11]    Database backed up: /www/wwwroot/vitufinance.com/backups/daily/db_20260705_020001.sql.gz
[2026-07-05 02:00:11] 3. Generating file integrity hashes...
[2026-07-05 02:00:11]    Hashes saved: /www/wwwroot/vitufinance.com/backups/critical/hashes_20260705_020001.sha256
[2026-07-05 02:00:11] 4. Checking for git changes...
[2026-07-05 02:00:12]    No changes to commit
[2026-07-05 02:00:12] 5. Cleaning up old backups...
[2026-07-05 02:00:12]    Old backups cleaned (keeping last 7 days)
[2026-07-05 02:00:12] ==========================================
[2026-07-05 02:00:12] Backup completed successfully!
[2026-07-05 02:00:12] ==========================================
[2026-07-05 02:00:12]    Total backup size: 470M
[2026-07-05 02:00:12] ==========================================
[2026-07-06 02:00:01] ==========================================
[2026-07-06 02:00:01] Starting backup: vitufinance_backup_20260706_020001
[2026-07-06 02:00:01] ==========================================
[2026-07-06 02:00:01] 1. Backing up critical source files...
[2026-07-06 02:00:01]    Critical files backed up: /www/wwwroot/vitufinance.com/backups/critical/critical_20260706_020001.tar.gz
[2026-07-06 02:00:01] 2. Backing up database...
[2026-07-06 02:00:12]    Database backed up: /www/wwwroot/vitufinance.com/backups/daily/db_20260706_020001.sql.gz
[2026-07-06 02:00:12] 3. Generating file integrity hashes...
[2026-07-06 02:00:12]    Hashes saved: /www/wwwroot/vitufinance.com/backups/critical/hashes_20260706_020001.sha256
[2026-07-06 02:00:12] 4. Checking for git changes...
[2026-07-06 02:00:12]    No changes to commit
[2026-07-06 02:00:12] 5. Cleaning up old backups...
[2026-07-06 02:00:12]    Old backups cleaned (keeping last 7 days)
[2026-07-06 02:00:12] ==========================================
[2026-07-06 02:00:12] Backup completed successfully!
[2026-07-06 02:00:12] ==========================================
[2026-07-06 02:00:12]    Total backup size: 472M
[2026-07-06 02:00:12] ==========================================
[2026-07-07 02:00:02] ==========================================
[2026-07-07 02:00:02] Starting backup: vitufinance_backup_20260707_020002
[2026-07-07 02:00:02] ==========================================
[2026-07-07 02:00:02] 1. Backing up critical source files...
[2026-07-07 02:00:02]    Critical files backed up: /www/wwwroot/vitufinance.com/backups/critical/critical_20260707_020002.tar.gz
[2026-07-07 02:00:02] 2. Backing up database...
[2026-07-07 02:00:13]    Database backed up: /www/wwwroot/vitufinance.com/backups/daily/db_20260707_020002.sql.gz
[2026-07-07 02:00:13] 3. Generating file integrity hashes...
[2026-07-07 02:00:13]    Hashes saved: /www/wwwroot/vitufinance.com/backups/critical/hashes_20260707_020002.sha256
[2026-07-07 02:00:13] 4. Checking for git changes...
[2026-07-07 02:00:13]    No changes to commit
[2026-07-07 02:00:13] 5. Cleaning up old backups...
[2026-07-07 02:00:13]    Old backups cleaned (keeping last 7 days)
[2026-07-07 02:00:13] ==========================================
[2026-07-07 02:00:13] Backup completed successfully!
[2026-07-07 02:00:13] ==========================================
[2026-07-07 02:00:13]    Total backup size: 474M
[2026-07-07 02:00:13] ==========================================
[2026-07-07 03:00:01] [INFO] ========== Starting database backup ==========
[2026-07-07 03:00:01] [INFO] Backup time: 2026-07-07_03-00-01
[2026-07-07 03:00:01] [INFO] Project: /www/wwwroot/vitufinance.com
[2026-07-07 03:00:01] [INFO] Database: xie080886 @ 127.0.0.1:3306
[2026-07-07 03:00:01] [INFO] Creating database backup...
mysqldump: [Warning] Using a password on the command line interface can be insecure.
[2026-07-07 03:00:06] [INFO] Backup created: xie080886_2026-07-07.sql (253M)
[2026-07-07 03:00:06] [INFO] Compressing backup...
[2026-07-07 03:00:42] [INFO] Backup compressed: xie080886_2026-07-07.sql.gz (42M)
[2026-07-07 03:00:42] [INFO] Cleaning up old backups...
[2026-07-07 03:00:42] [INFO] Total backups retained: 3
[2026-07-07 03:00:42] [INFO] Pushing backup to Git repository...
The following paths are ignored by one of your .gitignore files:
backups
hint: Use -f if you really want to add them.
hint: Turn this message off by running
hint: "git config advice.addIgnoredFile false"
The following paths are ignored by one of your .gitignore files:
backups
hint: Use -f if you really want to add them.
hint: Turn this message off by running
hint: "git config advice.addIgnoredFile false"
[2026-07-07 03:00:42] [INFO] No changes to commit
[2026-07-07 03:00:42] [INFO] Git push completed successfully
[2026-07-07 03:00:42] [INFO] =========================================
[2026-07-07 03:00:42] [INFO] Backup Summary:
[2026-07-07 03:00:42] [INFO]   File: xie080886_2026-07-07.sql.gz
[2026-07-07 03:00:42] [INFO]   Size: 42M
[2026-07-07 03:00:42] [INFO]   Location: /www/wwwroot/vitufinance.com/backups/database
[2026-07-07 03:00:42] [INFO] ========== Backup completed successfully ==========
[2026-07-07 03:00:42] [INFO] 
[2026-07-08 02:00:01] ==========================================
[2026-07-08 02:00:01] Starting backup: vitufinance_backup_20260708_020001
[2026-07-08 02:00:01] ==========================================
[2026-07-08 02:00:01] 1. Backing up critical source files...
[2026-07-08 02:00:01]    Critical files backed up: /www/wwwroot/vitufinance.com/backups/critical/critical_20260708_020001.tar.gz
[2026-07-08 02:00:01] 2. Backing up database...
[2026-07-08 02:00:12]    Database backed up: /www/wwwroot/vitufinance.com/backups/daily/db_20260708_020001.sql.gz
[2026-07-08 02:00:12] 3. Generating file integrity hashes...
[2026-07-08 02:00:12]    Hashes saved: /www/wwwroot/vitufinance.com/backups/critical/hashes_20260708_020001.sha256
[2026-07-08 02:00:12] 4. Checking for git changes...
[2026-07-08 02:00:12]    No changes to commit
[2026-07-08 02:00:12] 5. Cleaning up old backups...
[2026-07-08 02:00:12]    Old backups cleaned (keeping last 7 days)
[2026-07-08 02:00:12] ==========================================
[2026-07-08 02:00:12] Backup completed successfully!
[2026-07-08 02:00:12] ==========================================
[2026-07-08 02:00:12]    Total backup size: 477M
[2026-07-08 02:00:12] ==========================================
[2026-07-09 02:00:01] ==========================================
[2026-07-09 02:00:01] Starting backup: vitufinance_backup_20260709_020001
[2026-07-09 02:00:01] ==========================================
[2026-07-09 02:00:01] 1. Backing up critical source files...
[2026-07-09 02:00:01]    Critical files backed up: /www/wwwroot/vitufinance.com/backups/critical/critical_20260709_020001.tar.gz
[2026-07-09 02:00:01] 2. Backing up database...
[2026-07-09 02:00:12]    Database backed up: /www/wwwroot/vitufinance.com/backups/daily/db_20260709_020001.sql.gz
[2026-07-09 02:00:12] 3. Generating file integrity hashes...
[2026-07-09 02:00:12]    Hashes saved: /www/wwwroot/vitufinance.com/backups/critical/hashes_20260709_020001.sha256
[2026-07-09 02:00:12] 4. Checking for git changes...
[2026-07-09 02:00:12]    No changes to commit
[2026-07-09 02:00:12] 5. Cleaning up old backups...
[2026-07-09 02:00:12]    Old backups cleaned (keeping last 7 days)
[2026-07-09 02:00:12] ==========================================
[2026-07-09 02:00:12] Backup completed successfully!
[2026-07-09 02:00:12] ==========================================
[2026-07-09 02:00:12]    Total backup size: 479M
[2026-07-09 02:00:12] ==========================================
[2026-07-10 02:00:01] ==========================================
[2026-07-10 02:00:01] Starting backup: vitufinance_backup_20260710_020001
[2026-07-10 02:00:01] ==========================================
[2026-07-10 02:00:01] 1. Backing up critical source files...
[2026-07-10 02:00:01]    Critical files backed up: /www/wwwroot/vitufinance.com/backups/critical/critical_20260710_020001.tar.gz
[2026-07-10 02:00:01] 2. Backing up database...
[2026-07-10 02:00:12]    Database backed up: /www/wwwroot/vitufinance.com/backups/daily/db_20260710_020001.sql.gz
[2026-07-10 02:00:12] 3. Generating file integrity hashes...
[2026-07-10 02:00:12]    Hashes saved: /www/wwwroot/vitufinance.com/backups/critical/hashes_20260710_020001.sha256
[2026-07-10 02:00:12] 4. Checking for git changes...
[2026-07-10 02:00:13]    No changes to commit
[2026-07-10 02:00:13] 5. Cleaning up old backups...
[2026-07-10 02:00:13]    Old backups cleaned (keeping last 7 days)
[2026-07-10 02:00:13] ==========================================
[2026-07-10 02:00:13] Backup completed successfully!
[2026-07-10 02:00:13] ==========================================
[2026-07-10 02:00:13]    Total backup size: 481M
[2026-07-10 02:00:13] ==========================================
[2026-07-10 03:00:01] [INFO] ========== Starting database backup ==========
[2026-07-10 03:00:01] [INFO] Backup time: 2026-07-10_03-00-01
[2026-07-10 03:00:01] [INFO] Project: /www/wwwroot/vitufinance.com
[2026-07-10 03:00:01] [INFO] Database: xie080886 @ 127.0.0.1:3306
[2026-07-10 03:00:01] [INFO] Creating database backup...
mysqldump: [Warning] Using a password on the command line interface can be insecure.
[2026-07-10 03:00:06] [INFO] Backup created: xie080886_2026-07-10.sql (256M)
[2026-07-10 03:00:06] [INFO] Compressing backup...
[2026-07-10 03:00:42] [INFO] Backup compressed: xie080886_2026-07-10.sql.gz (43M)
[2026-07-10 03:00:42] [INFO] Cleaning up old backups...
[2026-07-10 03:00:42] [INFO] Total backups retained: 3
[2026-07-10 03:00:42] [INFO] Pushing backup to Git repository...
The following paths are ignored by one of your .gitignore files:
backups
hint: Use -f if you really want to add them.
hint: Turn this message off by running
hint: "git config advice.addIgnoredFile false"
The following paths are ignored by one of your .gitignore files:
backups
hint: Use -f if you really want to add them.
hint: Turn this message off by running
hint: "git config advice.addIgnoredFile false"
[2026-07-10 03:00:42] [INFO] No changes to commit
[2026-07-10 03:00:42] [INFO] Git push completed successfully
[2026-07-10 03:00:42] [INFO] =========================================
[2026-07-10 03:00:42] [INFO] Backup Summary:
[2026-07-10 03:00:42] [INFO]   File: xie080886_2026-07-10.sql.gz
[2026-07-10 03:00:42] [INFO]   Size: 43M
[2026-07-10 03:00:42] [INFO]   Location: /www/wwwroot/vitufinance.com/backups/database
[2026-07-10 03:00:42] [INFO] ========== Backup completed successfully ==========
[2026-07-10 03:00:42] [INFO] 
[2026-07-11 02:00:01] ==========================================
[2026-07-11 02:00:01] Starting backup: vitufinance_backup_20260711_020001
[2026-07-11 02:00:01] ==========================================
[2026-07-11 02:00:01] 1. Backing up critical source files...
[2026-07-11 02:00:01]    Critical files backed up: /www/wwwroot/vitufinance.com/backups/critical/critical_20260711_020001.tar.gz
[2026-07-11 02:00:01] 2. Backing up database...
[2026-07-11 02:00:12]    Database backed up: /www/wwwroot/vitufinance.com/backups/daily/db_20260711_020001.sql.gz
[2026-07-11 02:00:12] 3. Generating file integrity hashes...
[2026-07-11 02:00:12]    Hashes saved: /www/wwwroot/vitufinance.com/backups/critical/hashes_20260711_020001.sha256
[2026-07-11 02:00:12] 4. Checking for git changes...
[2026-07-11 02:00:12]    No changes to commit
[2026-07-11 02:00:12] 5. Cleaning up old backups...
[2026-07-11 02:00:12]    Old backups cleaned (keeping last 7 days)
[2026-07-11 02:00:12] ==========================================
[2026-07-11 02:00:12] Backup completed successfully!
[2026-07-11 02:00:12] ==========================================
[2026-07-11 02:00:12]    Total backup size: 484M
[2026-07-11 02:00:12] ==========================================
[2026-07-12 02:00:01] ==========================================
[2026-07-12 02:00:01] Starting backup: vitufinance_backup_20260712_020001
[2026-07-12 02:00:01] ==========================================
[2026-07-12 02:00:01] 1. Backing up critical source files...
[2026-07-12 02:00:01]    Critical files backed up: /www/wwwroot/vitufinance.com/backups/critical/critical_20260712_020001.tar.gz
[2026-07-12 02:00:01] 2. Backing up database...
[2026-07-12 02:00:12]    Database backed up: /www/wwwroot/vitufinance.com/backups/daily/db_20260712_020001.sql.gz
[2026-07-12 02:00:12] 3. Generating file integrity hashes...
[2026-07-12 02:00:12]    Hashes saved: /www/wwwroot/vitufinance.com/backups/critical/hashes_20260712_020001.sha256
[2026-07-12 02:00:12] 4. Checking for git changes...
[2026-07-12 02:00:12]    No changes to commit
[2026-07-12 02:00:12] 5. Cleaning up old backups...
[2026-07-12 02:00:12]    Old backups cleaned (keeping last 7 days)
[2026-07-12 02:00:12] ==========================================
[2026-07-12 02:00:12] Backup completed successfully!
[2026-07-12 02:00:12] ==========================================
[2026-07-12 02:00:12]    Total backup size: 486M
[2026-07-12 02:00:12] ==========================================
[2026-07-13 02:00:01] ==========================================
[2026-07-13 02:00:01] Starting backup: vitufinance_backup_20260713_020001
[2026-07-13 02:00:01] ==========================================
[2026-07-13 02:00:01] 1. Backing up critical source files...
[2026-07-13 02:00:01]    Critical files backed up: /www/wwwroot/vitufinance.com/backups/critical/critical_20260713_020001.tar.gz
[2026-07-13 02:00:01] 2. Backing up database...
[2026-07-13 02:00:13]    Database backed up: /www/wwwroot/vitufinance.com/backups/daily/db_20260713_020001.sql.gz
[2026-07-13 02:00:13] 3. Generating file integrity hashes...
[2026-07-13 02:00:13]    Hashes saved: /www/wwwroot/vitufinance.com/backups/critical/hashes_20260713_020001.sha256
[2026-07-13 02:00:13] 4. Checking for git changes...
[2026-07-13 02:00:13]    No changes to commit
[2026-07-13 02:00:13] 5. Cleaning up old backups...
[2026-07-13 02:00:13]    Old backups cleaned (keeping last 7 days)
[2026-07-13 02:00:13] ==========================================
[2026-07-13 02:00:13] Backup completed successfully!
[2026-07-13 02:00:13] ==========================================
[2026-07-13 02:00:13]    Total backup size: 488M
[2026-07-13 02:00:13] ==========================================
[2026-07-13 03:00:01] [INFO] ========== Starting database backup ==========
[2026-07-13 03:00:01] [INFO] Backup time: 2026-07-13_03-00-01
[2026-07-13 03:00:01] [INFO] Project: /www/wwwroot/vitufinance.com
[2026-07-13 03:00:01] [INFO] Database: xie080886 @ 127.0.0.1:3306
[2026-07-13 03:00:01] [INFO] Creating database backup...
mysqldump: [Warning] Using a password on the command line interface can be insecure.
[2026-07-13 03:00:07] [INFO] Backup created: xie080886_2026-07-13.sql (260M)
[2026-07-13 03:00:08] [INFO] Compressing backup...
[2026-07-13 03:00:46] [INFO] Backup compressed: xie080886_2026-07-13.sql.gz (43M)
[2026-07-13 03:00:46] [INFO] Cleaning up old backups...
[2026-07-13 03:00:46] [INFO] Total backups retained: 3
[2026-07-13 03:00:46] [INFO] Pushing backup to Git repository...
The following paths are ignored by one of your .gitignore files:
backups
hint: Use -f if you really want to add them.
hint: Turn this message off by running
hint: "git config advice.addIgnoredFile false"
The following paths are ignored by one of your .gitignore files:
backups
hint: Use -f if you really want to add them.
hint: Turn this message off by running
hint: "git config advice.addIgnoredFile false"
[2026-07-13 03:00:46] [INFO] No changes to commit
[2026-07-13 03:00:46] [INFO] Git push completed successfully
[2026-07-13 03:00:46] [INFO] =========================================
[2026-07-13 03:00:46] [INFO] Backup Summary:
[2026-07-13 03:00:46] [INFO]   File: xie080886_2026-07-13.sql.gz
[2026-07-13 03:00:46] [INFO]   Size: 43M
[2026-07-13 03:00:46] [INFO]   Location: /www/wwwroot/vitufinance.com/backups/database
[2026-07-13 03:00:46] [INFO] ========== Backup completed successfully ==========
[2026-07-13 03:00:46] [INFO] 
[2026-07-14 02:00:01] ==========================================
[2026-07-14 02:00:01] Starting backup: vitufinance_backup_20260714_020001
[2026-07-14 02:00:01] ==========================================
[2026-07-14 02:00:01] 1. Backing up critical source files...
[2026-07-14 02:00:01]    Critical files backed up: /www/wwwroot/vitufinance.com/backups/critical/critical_20260714_020001.tar.gz
[2026-07-14 02:00:01] 2. Backing up database...
[2026-07-14 02:00:12]    Database backed up: /www/wwwroot/vitufinance.com/backups/daily/db_20260714_020001.sql.gz
[2026-07-14 02:00:12] 3. Generating file integrity hashes...
[2026-07-14 02:00:12]    Hashes saved: /www/wwwroot/vitufinance.com/backups/critical/hashes_20260714_020001.sha256
[2026-07-14 02:00:12] 4. Checking for git changes...
[2026-07-14 02:00:12]    No changes to commit
[2026-07-14 02:00:12] 5. Cleaning up old backups...
[2026-07-14 02:00:12]    Old backups cleaned (keeping last 7 days)
[2026-07-14 02:00:12] ==========================================
[2026-07-14 02:00:12] Backup completed successfully!
[2026-07-14 02:00:12] ==========================================
[2026-07-14 02:00:12]    Total backup size: 492M
[2026-07-14 02:00:12] ==========================================
[2026-07-15 02:00:01] ==========================================
[2026-07-15 02:00:01] Starting backup: vitufinance_backup_20260715_020001
[2026-07-15 02:00:01] ==========================================
[2026-07-15 02:00:01] 1. Backing up critical source files...
[2026-07-15 02:00:01]    Critical files backed up: /www/wwwroot/vitufinance.com/backups/critical/critical_20260715_020001.tar.gz
[2026-07-15 02:00:01] 2. Backing up database...
[2026-07-15 02:00:12]    Database backed up: /www/wwwroot/vitufinance.com/backups/daily/db_20260715_020001.sql.gz
[2026-07-15 02:00:12] 3. Generating file integrity hashes...
[2026-07-15 02:00:12]    Hashes saved: /www/wwwroot/vitufinance.com/backups/critical/hashes_20260715_020001.sha256
[2026-07-15 02:00:12] 4. Checking for git changes...
[2026-07-15 02:00:12]    No changes to commit
[2026-07-15 02:00:12] 5. Cleaning up old backups...
[2026-07-15 02:00:12]    Old backups cleaned (keeping last 7 days)
[2026-07-15 02:00:12] ==========================================
[2026-07-15 02:00:12] Backup completed successfully!
[2026-07-15 02:00:12] ==========================================
[2026-07-15 02:00:12]    Total backup size: 535M
[2026-07-15 02:00:12] ==========================================
[2026-07-16 02:00:01] ==========================================
[2026-07-16 02:00:01] Starting backup: vitufinance_backup_20260716_020001
[2026-07-16 02:00:01] ==========================================
[2026-07-16 02:00:01] 1. Backing up critical source files...
[2026-07-16 02:00:01]    Critical files backed up: /www/wwwroot/vitufinance.com/backups/critical/critical_20260716_020001.tar.gz
[2026-07-16 02:00:01] 2. Backing up database...
[2026-07-16 02:00:12]    Database backed up: /www/wwwroot/vitufinance.com/backups/daily/db_20260716_020001.sql.gz
[2026-07-16 02:00:12] 3. Generating file integrity hashes...
[2026-07-16 02:00:12]    Hashes saved: /www/wwwroot/vitufinance.com/backups/critical/hashes_20260716_020001.sha256
[2026-07-16 02:00:12] 4. Checking for git changes...
[2026-07-16 02:00:13]    No changes to commit
[2026-07-16 02:00:13] 5. Cleaning up old backups...
[2026-07-16 02:00:13]    Old backups cleaned (keeping last 7 days)
[2026-07-16 02:00:13] ==========================================
[2026-07-16 02:00:13] Backup completed successfully!
[2026-07-16 02:00:13] ==========================================
[2026-07-16 02:00:13]    Total backup size: 495M
[2026-07-16 02:00:13] ==========================================
[2026-07-16 03:00:01] [INFO] ========== Starting database backup ==========
[2026-07-16 03:00:01] [INFO] Backup time: 2026-07-16_03-00-01
[2026-07-16 03:00:01] [INFO] Project: /www/wwwroot/vitufinance.com
[2026-07-16 03:00:01] [INFO] Database: xie080886 @ 127.0.0.1:3306
[2026-07-16 03:00:01] [INFO] Creating database backup...
mysqldump: [Warning] Using a password on the command line interface can be insecure.
[2026-07-16 03:00:10] [INFO] Backup created: xie080886_2026-07-16.sql (263M)
[2026-07-16 03:00:10] [INFO] Compressing backup...
[2026-07-16 03:00:51] [INFO] Backup compressed: xie080886_2026-07-16.sql.gz (44M)
[2026-07-16 03:00:51] [INFO] Cleaning up old backups...
[2026-07-16 03:00:51] [INFO] Total backups retained: 3
[2026-07-16 03:00:51] [INFO] Pushing backup to Git repository...
The following paths are ignored by one of your .gitignore files:
backups
hint: Use -f if you really want to add them.
hint: Turn this message off by running
hint: "git config advice.addIgnoredFile false"
The following paths are ignored by one of your .gitignore files:
backups
hint: Use -f if you really want to add them.
hint: Turn this message off by running
hint: "git config advice.addIgnoredFile false"
[2026-07-16 03:00:51] [INFO] No changes to commit
[2026-07-16 03:00:51] [INFO] Git push completed successfully
[2026-07-16 03:00:51] [INFO] =========================================
[2026-07-16 03:00:51] [INFO] Backup Summary:
[2026-07-16 03:00:51] [INFO]   File: xie080886_2026-07-16.sql.gz
[2026-07-16 03:00:51] [INFO]   Size: 44M
[2026-07-16 03:00:51] [INFO]   Location: /www/wwwroot/vitufinance.com/backups/database
[2026-07-16 03:00:51] [INFO] ========== Backup completed successfully ==========
[2026-07-16 03:00:51] [INFO] 
[2026-07-17 02:00:01] ==========================================
[2026-07-17 02:00:01] Starting backup: vitufinance_backup_20260717_020001
[2026-07-17 02:00:01] ==========================================
[2026-07-17 02:00:01] 1. Backing up critical source files...
[2026-07-17 02:00:01]    Critical files backed up: /www/wwwroot/vitufinance.com/backups/critical/critical_20260717_020001.tar.gz
[2026-07-17 02:00:01] 2. Backing up database...
[2026-07-17 02:00:12]    Database backed up: /www/wwwroot/vitufinance.com/backups/daily/db_20260717_020001.sql.gz
[2026-07-17 02:00:12] 3. Generating file integrity hashes...
[2026-07-17 02:00:12]    Hashes saved: /www/wwwroot/vitufinance.com/backups/critical/hashes_20260717_020001.sha256
[2026-07-17 02:00:12] 4. Checking for git changes...
[2026-07-17 02:00:12]    No changes to commit
[2026-07-17 02:00:12] 5. Cleaning up old backups...
[2026-07-17 02:00:12]    Old backups cleaned (keeping last 7 days)
[2026-07-17 02:00:12] ==========================================
[2026-07-17 02:00:12] Backup completed successfully!
[2026-07-17 02:00:12] ==========================================
[2026-07-17 02:00:12]    Total backup size: 541M
[2026-07-17 02:00:12] ==========================================
[2026-07-18 02:00:01] ==========================================
[2026-07-18 02:00:01] Starting backup: vitufinance_backup_20260718_020001
[2026-07-18 02:00:01] ==========================================
[2026-07-18 02:00:01] 1. Backing up critical source files...
[2026-07-18 02:00:01]    Critical files backed up: /www/wwwroot/vitufinance.com/backups/critical/critical_20260718_020001.tar.gz
[2026-07-18 02:00:01] 2. Backing up database...
[2026-07-18 02:00:12]    Database backed up: /www/wwwroot/vitufinance.com/backups/daily/db_20260718_020001.sql.gz
[2026-07-18 02:00:12] 3. Generating file integrity hashes...
[2026-07-18 02:00:12]    Hashes saved: /www/wwwroot/vitufinance.com/backups/critical/hashes_20260718_020001.sha256
[2026-07-18 02:00:12] 4. Checking for git changes...
[2026-07-18 02:00:12]    No changes to commit
[2026-07-18 02:00:12] 5. Cleaning up old backups...
[2026-07-18 02:00:12]    Old backups cleaned (keeping last 7 days)
[2026-07-18 02:00:12] ==========================================
[2026-07-18 02:00:12] Backup completed successfully!
[2026-07-18 02:00:12] ==========================================
[2026-07-18 02:00:12]    Total backup size: 543M
[2026-07-18 02:00:12] ==========================================
[2026-07-19 02:00:01] ==========================================
[2026-07-19 02:00:01] Starting backup: vitufinance_backup_20260719_020001
[2026-07-19 02:00:01] ==========================================
[2026-07-19 02:00:01] 1. Backing up critical source files...
[2026-07-19 02:00:01]    Critical files backed up: /www/wwwroot/vitufinance.com/backups/critical/critical_20260719_020001.tar.gz
[2026-07-19 02:00:01] 2. Backing up database...
[2026-07-19 02:00:13]    Database backed up: /www/wwwroot/vitufinance.com/backups/daily/db_20260719_020001.sql.gz
[2026-07-19 02:00:13] 3. Generating file integrity hashes...
[2026-07-19 02:00:13]    Hashes saved: /www/wwwroot/vitufinance.com/backups/critical/hashes_20260719_020001.sha256
[2026-07-19 02:00:13] 4. Checking for git changes...
[2026-07-19 02:00:13]    No changes to commit
[2026-07-19 02:00:13] 5. Cleaning up old backups...
[2026-07-19 02:00:13]    Old backups cleaned (keeping last 7 days)
[2026-07-19 02:00:13] ==========================================
[2026-07-19 02:00:13] Backup completed successfully!
[2026-07-19 02:00:13] ==========================================
[2026-07-19 02:00:13]    Total backup size: 502M
[2026-07-19 02:00:13] ==========================================
[2026-07-19 03:00:01] [INFO] ========== Starting database backup ==========
[2026-07-19 03:00:01] [INFO] Backup time: 2026-07-19_03-00-01
[2026-07-19 03:00:01] [INFO] Project: /www/wwwroot/vitufinance.com
[2026-07-19 03:00:01] [INFO] Database: xie080886 @ 127.0.0.1:3306
[2026-07-19 03:00:01] [INFO] Creating database backup...
mysqldump: [Warning] Using a password on the command line interface can be insecure.
[2026-07-19 03:00:06] [INFO] Backup created: xie080886_2026-07-19.sql (267M)
[2026-07-19 03:00:06] [INFO] Compressing backup...
[2026-07-19 03:00:44] [INFO] Backup compressed: xie080886_2026-07-19.sql.gz (44M)
[2026-07-19 03:00:44] [INFO] Cleaning up old backups...
[2026-07-19 03:00:44] [INFO] Total backups retained: 3
[2026-07-19 03:00:44] [INFO] Pushing backup to Git repository...
The following paths are ignored by one of your .gitignore files:
backups
hint: Use -f if you really want to add them.
hint: Turn this message off by running
hint: "git config advice.addIgnoredFile false"
The following paths are ignored by one of your .gitignore files:
backups
hint: Use -f if you really want to add them.
hint: Turn this message off by running
hint: "git config advice.addIgnoredFile false"
[2026-07-19 03:00:44] [INFO] No changes to commit
[2026-07-19 03:00:44] [INFO] Git push completed successfully
[2026-07-19 03:00:44] [INFO] =========================================
[2026-07-19 03:00:44] [INFO] Backup Summary:
[2026-07-19 03:00:44] [INFO]   File: xie080886_2026-07-19.sql.gz
[2026-07-19 03:00:44] [INFO]   Size: 44M
[2026-07-19 03:00:45] [INFO]   Location: /www/wwwroot/vitufinance.com/backups/database
[2026-07-19 03:00:45] [INFO] ========== Backup completed successfully ==========
[2026-07-19 03:00:45] [INFO] 
[2026-07-20 02:00:01] ==========================================
[2026-07-20 02:00:01] Starting backup: vitufinance_backup_20260720_020001
[2026-07-20 02:00:01] ==========================================
[2026-07-20 02:00:01] 1. Backing up critical source files...
[2026-07-20 02:00:01]    Critical files backed up: /www/wwwroot/vitufinance.com/backups/critical/critical_20260720_020001.tar.gz
[2026-07-20 02:00:01] 2. Backing up database...
[2026-07-20 02:00:13]    Database backed up: /www/wwwroot/vitufinance.com/backups/daily/db_20260720_020001.sql.gz
[2026-07-20 02:00:13] 3. Generating file integrity hashes...
[2026-07-20 02:00:13]    Hashes saved: /www/wwwroot/vitufinance.com/backups/critical/hashes_20260720_020001.sha256
[2026-07-20 02:00:13] 4. Checking for git changes...
[2026-07-20 02:00:13]    No changes to commit
[2026-07-20 02:00:13] 5. Cleaning up old backups...
[2026-07-20 02:00:13]    Old backups cleaned (keeping last 7 days)
[2026-07-20 02:00:13] ==========================================
[2026-07-20 02:00:13] Backup completed successfully!
[2026-07-20 02:00:13] ==========================================
[2026-07-20 02:00:13]    Total backup size: 506M
[2026-07-20 02:00:13] ==========================================
[2026-07-21 02:00:01] ==========================================
[2026-07-21 02:00:01] Starting backup: vitufinance_backup_20260721_020001
[2026-07-21 02:00:01] ==========================================
[2026-07-21 02:00:01] 1. Backing up critical source files...
[2026-07-21 02:00:01]    Critical files backed up: /www/wwwroot/vitufinance.com/backups/critical/critical_20260721_020001.tar.gz
[2026-07-21 02:00:01] 2. Backing up database...
[2026-07-21 02:00:13]    Database backed up: /www/wwwroot/vitufinance.com/backups/daily/db_20260721_020001.sql.gz
[2026-07-21 02:00:13] 3. Generating file integrity hashes...
[2026-07-21 02:00:13]    Hashes saved: /www/wwwroot/vitufinance.com/backups/critical/hashes_20260721_020001.sha256
[2026-07-21 02:00:13] 4. Checking for git changes...
[2026-07-21 02:00:13]    No changes to commit
[2026-07-21 02:00:13] 5. Cleaning up old backups...
[2026-07-21 02:00:13]    Old backups cleaned (keeping last 7 days)
[2026-07-21 02:00:13] ==========================================
[2026-07-21 02:00:13] Backup completed successfully!
[2026-07-21 02:00:13] ==========================================
[2026-07-21 02:00:13]    Total backup size: 507M
[2026-07-21 02:00:13] ==========================================
[2026-07-22 02:00:01] ==========================================
[2026-07-22 02:00:01] Starting backup: vitufinance_backup_20260722_020001
[2026-07-22 02:00:01] ==========================================
[2026-07-22 02:00:01] 1. Backing up critical source files...
[2026-07-22 02:00:01]    Critical files backed up: /www/wwwroot/vitufinance.com/backups/critical/critical_20260722_020001.tar.gz
[2026-07-22 02:00:01] 2. Backing up database...
[2026-07-22 02:00:13]    Database backed up: /www/wwwroot/vitufinance.com/backups/daily/db_20260722_020001.sql.gz
[2026-07-22 02:00:13] 3. Generating file integrity hashes...
[2026-07-22 02:00:13]    Hashes saved: /www/wwwroot/vitufinance.com/backups/critical/hashes_20260722_020001.sha256
[2026-07-22 02:00:13] 4. Checking for git changes...
[2026-07-22 02:00:13]    No changes to commit
[2026-07-22 02:00:13] 5. Cleaning up old backups...
[2026-07-22 02:00:13]    Old backups cleaned (keeping last 7 days)
[2026-07-22 02:00:13] ==========================================
[2026-07-22 02:00:13] Backup completed successfully!
[2026-07-22 02:00:13] ==========================================
[2026-07-22 02:00:13]    Total backup size: 509M
[2026-07-22 02:00:13] ==========================================
[2026-07-22 03:00:01] [INFO] ========== Starting database backup ==========
[2026-07-22 03:00:01] [INFO] Backup time: 2026-07-22_03-00-01
[2026-07-22 03:00:01] [INFO] Project: /www/wwwroot/vitufinance.com
[2026-07-22 03:00:01] [INFO] Database: xie080886 @ 127.0.0.1:3306
[2026-07-22 03:00:01] [INFO] Creating database backup...
mysqldump: [Warning] Using a password on the command line interface can be insecure.
[2026-07-22 03:00:06] [INFO] Backup created: xie080886_2026-07-22.sql (271M)
[2026-07-22 03:00:06] [INFO] Compressing backup...
[2026-07-22 03:00:45] [INFO] Backup compressed: xie080886_2026-07-22.sql.gz (45M)
[2026-07-22 03:00:45] [INFO] Cleaning up old backups...
[2026-07-22 03:00:45] [INFO] Total backups retained: 3
[2026-07-22 03:00:45] [INFO] Pushing backup to Git repository...
The following paths are ignored by one of your .gitignore files:
backups
hint: Use -f if you really want to add them.
hint: Turn this message off by running
hint: "git config advice.addIgnoredFile false"
The following paths are ignored by one of your .gitignore files:
backups
hint: Use -f if you really want to add them.
hint: Turn this message off by running
hint: "git config advice.addIgnoredFile false"
[2026-07-22 03:00:45] [INFO] No changes to commit
[2026-07-22 03:00:45] [INFO] Git push completed successfully
[2026-07-22 03:00:45] [INFO] =========================================
[2026-07-22 03:00:45] [INFO] Backup Summary:
[2026-07-22 03:00:45] [INFO]   File: xie080886_2026-07-22.sql.gz
[2026-07-22 03:00:45] [INFO]   Size: 45M
[2026-07-22 03:00:45] [INFO]   Location: /www/wwwroot/vitufinance.com/backups/database
[2026-07-22 03:00:45] [INFO] ========== Backup completed successfully ==========
[2026-07-22 03:00:45] [INFO] 
[2026-07-23 02:00:01] ==========================================
[2026-07-23 02:00:01] Starting backup: vitufinance_backup_20260723_020001
[2026-07-23 02:00:01] ==========================================
[2026-07-23 02:00:01] 1. Backing up critical source files...
[2026-07-23 02:00:01]    Critical files backed up: /www/wwwroot/vitufinance.com/backups/critical/critical_20260723_020001.tar.gz
[2026-07-23 02:00:01] 2. Backing up database...
[2026-07-23 02:00:13]    Database backed up: /www/wwwroot/vitufinance.com/backups/daily/db_20260723_020001.sql.gz
[2026-07-23 02:00:13] 3. Generating file integrity hashes...
[2026-07-23 02:00:13]    Hashes saved: /www/wwwroot/vitufinance.com/backups/critical/hashes_20260723_020001.sha256
[2026-07-23 02:00:13] 4. Checking for git changes...
[2026-07-23 02:00:13]    No changes to commit
[2026-07-23 02:00:13] 5. Cleaning up old backups...
[2026-07-23 02:00:13]    Old backups cleaned (keeping last 7 days)
[2026-07-23 02:00:13] ==========================================
[2026-07-23 02:00:13] Backup completed successfully!
[2026-07-23 02:00:13] ==========================================
[2026-07-23 02:00:13]    Total backup size: 513M
[2026-07-23 02:00:13] ==========================================
[2026-07-24 02:00:01] ==========================================
[2026-07-24 02:00:01] Starting backup: vitufinance_backup_20260724_020001
[2026-07-24 02:00:01] ==========================================
[2026-07-24 02:00:01] 1. Backing up critical source files...
[2026-07-24 02:00:01]    Critical files backed up: /www/wwwroot/vitufinance.com/backups/critical/critical_20260724_020001.tar.gz
[2026-07-24 02:00:01] 2. Backing up database...
[2026-07-24 02:00:13]    Database backed up: /www/wwwroot/vitufinance.com/backups/daily/db_20260724_020001.sql.gz
[2026-07-24 02:00:13] 3. Generating file integrity hashes...
[2026-07-24 02:00:13]    Hashes saved: /www/wwwroot/vitufinance.com/backups/critical/hashes_20260724_020001.sha256
[2026-07-24 02:00:13] 4. Checking for git changes...
[2026-07-24 02:00:13]    No changes to commit
[2026-07-24 02:00:13] 5. Cleaning up old backups...
[2026-07-24 02:00:13]    Old backups cleaned (keeping last 7 days)
[2026-07-24 02:00:13] ==========================================
[2026-07-24 02:00:13] Backup completed successfully!
[2026-07-24 02:00:13] ==========================================
[2026-07-24 02:00:13]    Total backup size: 515M
[2026-07-24 02:00:13] ==========================================
[2026-07-25 02:00:01] ==========================================
[2026-07-25 02:00:01] Starting backup: vitufinance_backup_20260725_020001
[2026-07-25 02:00:01] ==========================================
[2026-07-25 02:00:01] 1. Backing up critical source files...
[2026-07-25 02:00:01]    Critical files backed up: /www/wwwroot/vitufinance.com/backups/critical/critical_20260725_020001.tar.gz
[2026-07-25 02:00:01] 2. Backing up database...
[2026-07-25 02:00:13]    Database backed up: /www/wwwroot/vitufinance.com/backups/daily/db_20260725_020001.sql.gz
[2026-07-25 02:00:13] 3. Generating file integrity hashes...
[2026-07-25 02:00:13]    Hashes saved: /www/wwwroot/vitufinance.com/backups/critical/hashes_20260725_020001.sha256
[2026-07-25 02:00:13] 4. Checking for git changes...
[2026-07-25 02:00:13]    No changes to commit
[2026-07-25 02:00:13] 5. Cleaning up old backups...
[2026-07-25 02:00:13]    Old backups cleaned (keeping last 7 days)
[2026-07-25 02:00:13] ==========================================
[2026-07-25 02:00:13] Backup completed successfully!
[2026-07-25 02:00:14] ==========================================
[2026-07-25 02:00:14]    Total backup size: 516M
[2026-07-25 02:00:14] ==========================================
[2026-07-25 03:00:01] [INFO] ========== Starting database backup ==========
[2026-07-25 03:00:01] [INFO] Backup time: 2026-07-25_03-00-01
[2026-07-25 03:00:01] [INFO] Project: /www/wwwroot/vitufinance.com
[2026-07-25 03:00:01] [INFO] Database: xie080886 @ 127.0.0.1:3306
[2026-07-25 03:00:01] [INFO] Creating database backup...
mysqldump: [Warning] Using a password on the command line interface can be insecure.
[2026-07-25 03:00:07] [INFO] Backup created: xie080886_2026-07-25.sql (275M)
[2026-07-25 03:00:07] [INFO] Compressing backup...
[2026-07-25 03:00:46] [INFO] Backup compressed: xie080886_2026-07-25.sql.gz (46M)
[2026-07-25 03:00:46] [INFO] Cleaning up old backups...
[2026-07-25 03:00:46] [INFO] Total backups retained: 3
[2026-07-25 03:00:46] [INFO] Pushing backup to Git repository...
The following paths are ignored by one of your .gitignore files:
backups
hint: Use -f if you really want to add them.
hint: Turn this message off by running
hint: "git config advice.addIgnoredFile false"
The following paths are ignored by one of your .gitignore files:
backups
hint: Use -f if you really want to add them.
hint: Turn this message off by running
hint: "git config advice.addIgnoredFile false"
[2026-07-25 03:00:46] [INFO] No changes to commit
[2026-07-25 03:00:46] [INFO] Git push completed successfully
[2026-07-25 03:00:46] [INFO] =========================================
[2026-07-25 03:00:46] [INFO] Backup Summary:
[2026-07-25 03:00:46] [INFO]   File: xie080886_2026-07-25.sql.gz
[2026-07-25 03:00:46] [INFO]   Size: 46M
[2026-07-25 03:00:46] [INFO]   Location: /www/wwwroot/vitufinance.com/backups/database
[2026-07-25 03:00:46] [INFO] ========== Backup completed successfully ==========
[2026-07-25 03:00:46] [INFO] 
[2026-07-26 02:00:01] ==========================================
[2026-07-26 02:00:01] Starting backup: vitufinance_backup_20260726_020001
[2026-07-26 02:00:01] ==========================================
[2026-07-26 02:00:01] 1. Backing up critical source files...
[2026-07-26 02:00:01]    Critical files backed up: /www/wwwroot/vitufinance.com/backups/critical/critical_20260726_020001.tar.gz
[2026-07-26 02:00:01] 2. Backing up database...
[2026-07-26 02:00:14]    Database backed up: /www/wwwroot/vitufinance.com/backups/daily/db_20260726_020001.sql.gz
[2026-07-26 02:00:14] 3. Generating file integrity hashes...
[2026-07-26 02:00:14]    Hashes saved: /www/wwwroot/vitufinance.com/backups/critical/hashes_20260726_020001.sha256
[2026-07-26 02:00:14] 4. Checking for git changes...
[2026-07-26 02:00:14]    No changes to commit
[2026-07-26 02:00:14] 5. Cleaning up old backups...
[2026-07-26 02:00:14]    Old backups cleaned (keeping last 7 days)
[2026-07-26 02:00:14] ==========================================
[2026-07-26 02:00:14] Backup completed successfully!
[2026-07-26 02:00:14] ==========================================
[2026-07-26 02:00:14]    Total backup size: 520M
[2026-07-26 02:00:14] ==========================================
[2026-07-27 02:00:01] ==========================================
[2026-07-27 02:00:01] Starting backup: vitufinance_backup_20260727_020001
[2026-07-27 02:00:01] ==========================================
[2026-07-27 02:00:01] 1. Backing up critical source files...
[2026-07-27 02:00:01]    Critical files backed up: /www/wwwroot/vitufinance.com/backups/critical/critical_20260727_020001.tar.gz
[2026-07-27 02:00:01] 2. Backing up database...
[2026-07-27 02:00:14]    Database backed up: /www/wwwroot/vitufinance.com/backups/daily/db_20260727_020001.sql.gz
[2026-07-27 02:00:14] 3. Generating file integrity hashes...
[2026-07-27 02:00:14]    Hashes saved: /www/wwwroot/vitufinance.com/backups/critical/hashes_20260727_020001.sha256
[2026-07-27 02:00:14] 4. Checking for git changes...
[main 6502360a] Auto-backup: 20260727_020001
 6 files changed, 205 insertions(+)
 create mode 100644 backups/critical/hashes_20260727_020001.sha256
 create mode 100644 backups/daily/db_20260727_020001.sql.gz
[2026-07-27 02:00:17]    Git commit created
To github.com:gsyi5839-alt/https-vitufinance.com-.git
   3dc69212..6502360a  main -> main
[2026-07-27 02:00:35]    Git push completed
[2026-07-27 02:00:35] 5. Cleaning up old backups...
[2026-07-27 02:00:35]    Old backups cleaned (keeping last 7 days)
[2026-07-27 02:00:35] ==========================================
[2026-07-27 02:00:35] Backup completed successfully!
[2026-07-27 02:00:35] ==========================================
[2026-07-27 02:00:35]    Total backup size: 522M
[2026-07-27 02:00:35] ==========================================
[2026-07-28 02:00:01] ==========================================
[2026-07-28 02:00:01] Starting backup: vitufinance_backup_20260728_020001
[2026-07-28 02:00:01] ==========================================
[2026-07-28 02:00:01] 1. Backing up critical source files...
[2026-07-28 02:00:01]    Critical files backed up: /www/wwwroot/vitufinance.com/backups/critical/critical_20260728_020001.tar.gz
[2026-07-28 02:00:01] 2. Backing up database...
[2026-07-28 02:00:13]    Database backed up: /www/wwwroot/vitufinance.com/backups/daily/db_20260728_020001.sql.gz
[2026-07-28 02:00:13] 3. Generating file integrity hashes...
[2026-07-28 02:00:13]    Hashes saved: /www/wwwroot/vitufinance.com/backups/critical/hashes_20260728_020001.sha256
[2026-07-28 02:00:13] 4. Checking for git changes...
[main 6f9f9d27] Auto-backup: 20260728_020001
 6 files changed, 1785 insertions(+)
 create mode 100644 backups/critical/hashes_20260728_020001.sha256
 create mode 100644 backups/daily/db_20260728_020001.sql.gz
[2026-07-28 02:00:16]    Git commit created
To github.com:gsyi5839-alt/https-vitufinance.com-.git
   1ad53386..6f9f9d27  main -> main
[2026-07-28 02:00:34]    Git push completed
[2026-07-28 02:00:34] 5. Cleaning up old backups...
[2026-07-28 02:00:34]    Old backups cleaned (keeping last 7 days)
[2026-07-28 02:00:34] ==========================================
[2026-07-28 02:00:34] Backup completed successfully!
[2026-07-28 02:00:34] ==========================================
[2026-07-28 02:00:34]    Total backup size: 524M
[2026-07-28 02:00:34] ==========================================
[2026-07-28 03:00:01] [INFO] ========== Starting database backup ==========
[2026-07-28 03:00:01] [INFO] Backup time: 2026-07-28_03-00-01
[2026-07-28 03:00:01] [INFO] Project: /www/wwwroot/vitufinance.com
[2026-07-28 03:00:01] [INFO] Database: xie080886 @ 127.0.0.1:3306
[2026-07-28 03:00:01] [INFO] Creating database backup...
mysqldump: [Warning] Using a password on the command line interface can be insecure.
[2026-07-28 03:00:07] [INFO] Backup created: xie080886_2026-07-28.sql (278M)
[2026-07-28 03:00:07] [INFO] Compressing backup...
[2026-07-28 03:00:46] [INFO] Backup compressed: xie080886_2026-07-28.sql.gz (46M)
[2026-07-28 03:00:46] [INFO] Cleaning up old backups...
[2026-07-28 03:00:46] [INFO] Total backups retained: 3
[2026-07-28 03:00:46] [INFO] Pushing backup to Git repository...
[main bf8a149c] 🗄️ Auto Backup: 2026-07-28
 3 files changed, 49 insertions(+)
 create mode 100644 backups/database/xie080886_2026-07-28.sql.gz
To github.com:gsyi5839-alt/https-vitufinance.com-.git
   6f9f9d27..bf8a149c  main -> main
[2026-07-28 03:01:04] [INFO] Successfully pushed to 'main' branch
[2026-07-28 03:01:04] [INFO] Git push completed successfully
[2026-07-28 03:01:04] [INFO] =========================================
[2026-07-28 03:01:04] [INFO] Backup Summary:
[2026-07-28 03:01:04] [INFO]   File: xie080886_2026-07-28.sql.gz
[2026-07-28 03:01:04] [INFO]   Size: 46M
[2026-07-28 03:01:04] [INFO]   Location: /www/wwwroot/vitufinance.com/backups/database
[2026-07-28 03:01:04] [INFO] ========== Backup completed successfully ==========
[2026-07-28 03:01:04] [INFO] 
[2026-07-29 02:00:01] ==========================================
[2026-07-29 02:00:01] Starting backup: vitufinance_backup_20260729_020001
[2026-07-29 02:00:01] ==========================================
[2026-07-29 02:00:01] 1. Backing up critical source files...
[2026-07-29 02:00:01]    Critical files backed up: /www/wwwroot/vitufinance.com/backups/critical/critical_20260729_020001.tar.gz
[2026-07-29 02:00:01] 2. Backing up database...
[2026-07-29 02:00:13]    Database backed up: /www/wwwroot/vitufinance.com/backups/daily/db_20260729_020001.sql.gz
[2026-07-29 02:00:13] 3. Generating file integrity hashes...
[2026-07-29 02:00:13]    Hashes saved: /www/wwwroot/vitufinance.com/backups/critical/hashes_20260729_020001.sha256
[2026-07-29 02:00:13] 4. Checking for git changes...
[main 807fb41f] Auto-backup: 20260729_020001
 6 files changed, 1782 insertions(+)
 create mode 100644 backups/critical/hashes_20260729_020001.sha256
 create mode 100644 backups/daily/db_20260729_020001.sql.gz
[2026-07-29 02:00:16]    Git commit created
To github.com:gsyi5839-alt/https-vitufinance.com-.git
   bf8a149c..807fb41f  main -> main
[2026-07-29 02:00:33]    Git push completed
[2026-07-29 02:00:33] 5. Cleaning up old backups...
[2026-07-29 02:00:33]    Old backups cleaned (keeping last 7 days)
[2026-07-29 02:00:33] ==========================================
[2026-07-29 02:00:33] Backup completed successfully!
[2026-07-29 02:00:33] ==========================================
[2026-07-29 02:00:33]    Total backup size: 527M
[2026-07-29 02:00:33] ==========================================
[2026-07-30 02:00:02] ==========================================
[2026-07-30 02:00:02] Starting backup: vitufinance_backup_20260730_020002
[2026-07-30 02:00:02] ==========================================
[2026-07-30 02:00:02] 1. Backing up critical source files...
[2026-07-30 02:00:02]    Critical files backed up: /www/wwwroot/vitufinance.com/backups/critical/critical_20260730_020002.tar.gz
[2026-07-30 02:00:02] 2. Backing up database...
[2026-07-30 02:00:14]    Database backed up: /www/wwwroot/vitufinance.com/backups/daily/db_20260730_020002.sql.gz
[2026-07-30 02:00:14] 3. Generating file integrity hashes...
[2026-07-30 02:00:14]    Hashes saved: /www/wwwroot/vitufinance.com/backups/critical/hashes_20260730_020002.sha256
[2026-07-30 02:00:14] 4. Checking for git changes...
[main e692ff89] Auto-backup: 20260730_020002
 6 files changed, 1785 insertions(+)
 create mode 100644 backups/critical/hashes_20260730_020002.sha256
 create mode 100644 backups/daily/db_20260730_020002.sql.gz
[2026-07-30 02:00:16]    Git commit created
To github.com:gsyi5839-alt/https-vitufinance.com-.git
   807fb41f..e692ff89  main -> main
[2026-07-30 02:00:35]    Git push completed
[2026-07-30 02:00:35] 5. Cleaning up old backups...
[2026-07-30 02:00:35]    Old backups cleaned (keeping last 7 days)
[2026-07-30 02:00:35] ==========================================
[2026-07-30 02:00:35] Backup completed successfully!
[2026-07-30 02:00:35] ==========================================
[2026-07-30 02:00:35]    Total backup size: 529M
[2026-07-30 02:00:35] ==========================================
[2026-07-31 02:00:01] ==========================================
[2026-07-31 02:00:01] Starting backup: vitufinance_backup_20260731_020001
[2026-07-31 02:00:01] ==========================================
[2026-07-31 02:00:01] 1. Backing up critical source files...
[2026-07-31 02:00:01]    Critical files backed up: /www/wwwroot/vitufinance.com/backups/critical/critical_20260731_020001.tar.gz
[2026-07-31 02:00:01] 2. Backing up database...
[2026-07-31 02:00:13]    Database backed up: /www/wwwroot/vitufinance.com/backups/daily/db_20260731_020001.sql.gz
[2026-07-31 02:00:13] 3. Generating file integrity hashes...
[2026-07-31 02:00:13]    Hashes saved: /www/wwwroot/vitufinance.com/backups/critical/hashes_20260731_020001.sha256
[2026-07-31 02:00:13] 4. Checking for git changes...
[main dc79a6ae] Auto-backup: 20260731_020001
 6 files changed, 1785 insertions(+)
 create mode 100644 backups/critical/hashes_20260731_020001.sha256
 create mode 100644 backups/daily/db_20260731_020001.sql.gz
[2026-07-31 02:00:16]    Git commit created
To github.com:gsyi5839-alt/https-vitufinance.com-.git
   e692ff89..dc79a6ae  main -> main
[2026-07-31 02:00:34]    Git push completed
[2026-07-31 02:00:34] 5. Cleaning up old backups...
[2026-07-31 02:00:34]    Old backups cleaned (keeping last 7 days)
[2026-07-31 02:00:34] ==========================================
[2026-07-31 02:00:34] Backup completed successfully!
[2026-07-31 02:00:34] ==========================================
[2026-07-31 02:00:34]    Total backup size: 531M
[2026-07-31 02:00:34] ==========================================
[2026-07-31 03:00:01] [INFO] ========== Starting database backup ==========
[2026-07-31 03:00:01] [INFO] Backup time: 2026-07-31_03-00-01
[2026-07-31 03:00:01] [INFO] Project: /www/wwwroot/vitufinance.com
[2026-07-31 03:00:01] [INFO] Database: xie080886 @ 127.0.0.1:3306
[2026-07-31 03:00:01] [INFO] Creating database backup...
mysqldump: [Warning] Using a password on the command line interface can be insecure.
[2026-07-31 03:00:06] [INFO] Backup created: xie080886_2026-07-31.sql (282M)
[2026-07-31 03:00:06] [INFO] Compressing backup...
[2026-07-31 03:00:46] [INFO] Backup compressed: xie080886_2026-07-31.sql.gz (47M)
[2026-07-31 03:00:46] [INFO] Cleaning up old backups...
[2026-07-31 03:00:46] [INFO] Total backups retained: 3
[2026-07-31 03:00:46] [INFO] Pushing backup to Git repository...
[main b19281e0] 🗄️ Auto Backup: 2026-07-31
 3 files changed, 49 insertions(+)
 create mode 100644 backups/database/xie080886_2026-07-31.sql.gz
To github.com:gsyi5839-alt/https-vitufinance.com-.git
   dc79a6ae..b19281e0  main -> main
[2026-07-31 03:01:05] [INFO] Successfully pushed to 'main' branch
[2026-07-31 03:01:05] [INFO] Git push completed successfully
[2026-07-31 03:01:05] [INFO] =========================================
[2026-07-31 03:01:05] [INFO] Backup Summary:
[2026-07-31 03:01:05] [INFO]   File: xie080886_2026-07-31.sql.gz
[2026-07-31 03:01:05] [INFO]   Size: 47M
[2026-07-31 03:01:05] [INFO]   Location: /www/wwwroot/vitufinance.com/backups/database
[2026-07-31 03:01:05] [INFO] ========== Backup completed successfully ==========
[2026-07-31 03:01:05] [INFO] 
[2026-08-01 02:00:01] ==========================================
[2026-08-01 02:00:01] Starting backup: vitufinance_backup_20260801_020001
[2026-08-01 02:00:01] ==========================================
[2026-08-01 02:00:01] 1. Backing up critical source files...
[2026-08-01 02:00:01]    Critical files backed up: /www/wwwroot/vitufinance.com/backups/critical/critical_20260801_020001.tar.gz
[2026-08-01 02:00:01] 2. Backing up database...
[2026-08-01 02:00:14]    Database backed up: /www/wwwroot/vitufinance.com/backups/daily/db_20260801_020001.sql.gz
[2026-08-01 02:00:14] 3. Generating file integrity hashes...
[2026-08-01 02:00:14]    Hashes saved: /www/wwwroot/vitufinance.com/backups/critical/hashes_20260801_020001.sha256
[2026-08-01 02:00:14] 4. Checking for git changes...
[main 0bc85057] Auto-backup: 20260801_020001
 6 files changed, 1782 insertions(+)
 create mode 100644 backups/critical/hashes_20260801_020001.sha256
 create mode 100644 backups/daily/db_20260801_020001.sql.gz
[2026-08-01 02:00:17]    Git commit created
To github.com:gsyi5839-alt/https-vitufinance.com-.git
   b19281e0..0bc85057  main -> main
[2026-08-01 02:00:35]    Git push completed
[2026-08-01 02:00:35] 5. Cleaning up old backups...
[2026-08-01 02:00:35]    Old backups cleaned (keeping last 7 days)
[2026-08-01 02:00:35] ==========================================
[2026-08-01 02:00:35] Backup completed successfully!
[2026-08-01 02:00:35] ==========================================
[2026-08-01 02:00:35]    Total backup size: 534M
[2026-08-01 02:00:35] ==========================================
[2026-08-01 03:00:01] [INFO] ========== Starting database backup ==========
[2026-08-01 03:00:01] [INFO] Backup time: 2026-08-01_03-00-01
[2026-08-01 03:00:01] [INFO] Project: /www/wwwroot/vitufinance.com
[2026-08-01 03:00:01] [INFO] Database: xie080886 @ 127.0.0.1:3306
[2026-08-01 03:00:01] [INFO] Creating database backup...
mysqldump: [Warning] Using a password on the command line interface can be insecure.
[2026-08-01 03:00:07] [INFO] Backup created: xie080886_2026-08-01.sql (283M)
[2026-08-01 03:00:07] [INFO] Compressing backup...
[2026-08-01 03:00:48] [INFO] Backup compressed: xie080886_2026-08-01.sql.gz (47M)
[2026-08-01 03:00:48] [INFO] Cleaning up old backups...
[2026-08-01 03:00:48] [INFO] Total backups retained: 4
[2026-08-01 03:00:48] [INFO] Pushing backup to Git repository...
[main 79e5b02a] 🗄️ Auto Backup: 2026-08-01
 3 files changed, 49 insertions(+)
 create mode 100644 backups/database/xie080886_2026-08-01.sql.gz
To github.com:gsyi5839-alt/https-vitufinance.com-.git
   0bc85057..79e5b02a  main -> main
[2026-08-01 03:01:07] [INFO] Successfully pushed to 'main' branch
[2026-08-01 03:01:07] [INFO] Git push completed successfully
[2026-08-01 03:01:07] [INFO] =========================================
[2026-08-01 03:01:07] [INFO] Backup Summary:
[2026-08-01 03:01:07] [INFO]   File: xie080886_2026-08-01.sql.gz
[2026-08-01 03:01:07] [INFO]   Size: 47M
[2026-08-01 03:01:07] [INFO]   Location: /www/wwwroot/vitufinance.com/backups/database
[2026-08-01 03:01:07] [INFO] ========== Backup completed successfully ==========
[2026-08-01 03:01:07] [INFO] 
[2026-08-02 02:00:01] ==========================================
[2026-08-02 02:00:01] Starting backup: vitufinance_backup_20260802_020001
[2026-08-02 02:00:01] ==========================================
[2026-08-02 02:00:01] 1. Backing up critical source files...
[2026-08-02 02:00:01]    Critical files backed up: /www/wwwroot/vitufinance.com/backups/critical/critical_20260802_020001.tar.gz
[2026-08-02 02:00:01] 2. Backing up database...
[2026-08-02 02:00:13]    Database backed up: /www/wwwroot/vitufinance.com/backups/daily/db_20260802_020001.sql.gz
[2026-08-02 02:00:13] 3. Generating file integrity hashes...
[2026-08-02 02:00:14]    Hashes saved: /www/wwwroot/vitufinance.com/backups/critical/hashes_20260802_020001.sha256
[2026-08-02 02:00:14] 4. Checking for git changes...
[main 42d9fe02] Auto-backup: 20260802_020001
 6 files changed, 1782 insertions(+)
 create mode 100644 backups/critical/hashes_20260802_020001.sha256
 create mode 100644 backups/daily/db_20260802_020001.sql.gz
[2026-08-02 02:00:16]    Git commit created
To github.com:gsyi5839-alt/https-vitufinance.com-.git
   79e5b02a..42d9fe02  main -> main
[2026-08-02 02:00:35]    Git push completed
[2026-08-02 02:00:35] 5. Cleaning up old backups...
[2026-08-02 02:00:35]    Old backups cleaned (keeping last 7 days)
[2026-08-02 02:00:35] ==========================================
[2026-08-02 02:00:35] Backup completed successfully!
[2026-08-02 02:00:35] ==========================================
[2026-08-02 02:00:35]    Total backup size: 583M
[2026-08-02 02:00:35] ==========================================
[2026-08-03 02:00:01] ==========================================
[2026-08-03 02:00:01] Starting backup: vitufinance_backup_20260803_020001
[2026-08-03 02:00:01] ==========================================
[2026-08-03 02:00:01] 1. Backing up critical source files...
[2026-08-03 02:00:01]    Critical files backed up: /www/wwwroot/vitufinance.com/backups/critical/critical_20260803_020001.tar.gz
[2026-08-03 02:00:01] 2. Backing up database...
[2026-08-03 02:00:13]    Database backed up: /www/wwwroot/vitufinance.com/backups/daily/db_20260803_020001.sql.gz
[2026-08-03 02:00:13] 3. Generating file integrity hashes...
[2026-08-03 02:00:14]    Hashes saved: /www/wwwroot/vitufinance.com/backups/critical/hashes_20260803_020001.sha256
[2026-08-03 02:00:14] 4. Checking for git changes...
[main c6e6babc] Auto-backup: 20260803_020001
 6 files changed, 1785 insertions(+)
 create mode 100644 backups/critical/hashes_20260803_020001.sha256
 create mode 100644 backups/daily/db_20260803_020001.sql.gz
[2026-08-03 02:00:17]    Git commit created
To github.com:gsyi5839-alt/https-vitufinance.com-.git
   42d9fe02..c6e6babc  main -> main
[2026-08-03 02:00:34]    Git push completed
[2026-08-03 02:00:34] 5. Cleaning up old backups...
[2026-08-03 02:00:35]    Old backups cleaned (keeping last 7 days)
[2026-08-03 02:00:35] ==========================================
[2026-08-03 02:00:35] Backup completed successfully!
[2026-08-03 02:00:35] ==========================================
[2026-08-03 02:00:35]    Total backup size: 584M
[2026-08-03 02:00:35] ==========================================
[2026-08-04 02:00:01] ==========================================
[2026-08-04 02:00:01] Starting backup: vitufinance_backup_20260804_020001
[2026-08-04 02:00:01] ==========================================
[2026-08-04 02:00:01] 1. Backing up critical source files...
[2026-08-04 02:00:01]    Critical files backed up: /www/wwwroot/vitufinance.com/backups/critical/critical_20260804_020001.tar.gz
[2026-08-04 02:00:01] 2. Backing up database...
[2026-08-04 02:00:13]    Database backed up: /www/wwwroot/vitufinance.com/backups/daily/db_20260804_020001.sql.gz
[2026-08-04 02:00:13] 3. Generating file integrity hashes...
[2026-08-04 02:00:13]    Hashes saved: /www/wwwroot/vitufinance.com/backups/critical/hashes_20260804_020001.sha256
[2026-08-04 02:00:13] 4. Checking for git changes...
[main dcf39635] Auto-backup: 20260804_020001
 6 files changed, 1785 insertions(+)
 create mode 100644 backups/critical/hashes_20260804_020001.sha256
 create mode 100644 backups/daily/db_20260804_020001.sql.gz
[2026-08-04 02:00:16]    Git commit created
To github.com:gsyi5839-alt/https-vitufinance.com-.git
   c6e6babc..dcf39635  main -> main
[2026-08-04 02:00:34]    Git push completed
[2026-08-04 02:00:34] 5. Cleaning up old backups...
[2026-08-04 02:00:34]    Old backups cleaned (keeping last 7 days)
[2026-08-04 02:00:34] ==========================================
[2026-08-04 02:00:34] Backup completed successfully!
[2026-08-04 02:00:34] ==========================================
[2026-08-04 02:00:34]    Total backup size: 586M
[2026-08-04 02:00:34] ==========================================
[2026-08-04 03:00:01] [INFO] ========== Starting database backup ==========
[2026-08-04 03:00:01] [INFO] Backup time: 2026-08-04_03-00-01
[2026-08-04 03:00:01] [INFO] Project: /www/wwwroot/vitufinance.com
[2026-08-04 03:00:01] [INFO] Database: xie080886 @ 127.0.0.1:3306
[2026-08-04 03:00:01] [INFO] Creating database backup...
mysqldump: [Warning] Using a password on the command line interface can be insecure.
[2026-08-04 03:00:06] [INFO] Backup created: xie080886_2026-08-04.sql (287M)
[2026-08-04 03:00:06] [INFO] Compressing backup...
[2026-08-04 03:00:47] [INFO] Backup compressed: xie080886_2026-08-04.sql.gz (48M)
[2026-08-04 03:00:47] [INFO] Cleaning up old backups...
[2026-08-04 03:00:47] [INFO] Total backups retained: 4
[2026-08-04 03:00:47] [INFO] Pushing backup to Git repository...
[main 0ea46844] 🗄️ Auto Backup: 2026-08-04
 3 files changed, 49 insertions(+)
 create mode 100644 backups/database/xie080886_2026-08-04.sql.gz
To github.com:gsyi5839-alt/https-vitufinance.com-.git
   dcf39635..0ea46844  main -> main
[2026-08-04 03:01:06] [INFO] Successfully pushed to 'main' branch
[2026-08-04 03:01:06] [INFO] Git push completed successfully
[2026-08-04 03:01:06] [INFO] =========================================
[2026-08-04 03:01:06] [INFO] Backup Summary:
[2026-08-04 03:01:06] [INFO]   File: xie080886_2026-08-04.sql.gz
[2026-08-04 03:01:06] [INFO]   Size: 48M
[2026-08-04 03:01:06] [INFO]   Location: /www/wwwroot/vitufinance.com/backups/database
[2026-08-04 03:01:06] [INFO] ========== Backup completed successfully ==========
[2026-08-04 03:01:06] [INFO] 
[2026-08-05 02:00:01] ==========================================
[2026-08-05 02:00:01] Starting backup: vitufinance_backup_20260805_020001
[2026-08-05 02:00:01] ==========================================
[2026-08-05 02:00:01] 1. Backing up critical source files...
[2026-08-05 02:00:01]    Critical files backed up: /www/wwwroot/vitufinance.com/backups/critical/critical_20260805_020001.tar.gz
[2026-08-05 02:00:01] 2. Backing up database...
[2026-08-05 02:00:13]    Database backed up: /www/wwwroot/vitufinance.com/backups/daily/db_20260805_020001.sql.gz
[2026-08-05 02:00:13] 3. Generating file integrity hashes...
[2026-08-05 02:00:13]    Hashes saved: /www/wwwroot/vitufinance.com/backups/critical/hashes_20260805_020001.sha256
[2026-08-05 02:00:13] 4. Checking for git changes...
[main f1e74b04] Auto-backup: 20260805_020001
 6 files changed, 1782 insertions(+)
 create mode 100644 backups/critical/hashes_20260805_020001.sha256
 create mode 100644 backups/daily/db_20260805_020001.sql.gz
[2026-08-05 02:00:16]    Git commit created
To github.com:gsyi5839-alt/https-vitufinance.com-.git
   0ea46844..f1e74b04  main -> main
[2026-08-05 02:00:34]    Git push completed
[2026-08-05 02:00:34] 5. Cleaning up old backups...
[2026-08-05 02:00:34]    Old backups cleaned (keeping last 7 days)
[2026-08-05 02:00:34] ==========================================
[2026-08-05 02:00:34] Backup completed successfully!
[2026-08-05 02:00:34] ==========================================
[2026-08-05 02:00:35]    Total backup size: 590M
[2026-08-05 02:00:35] ==========================================
[2026-08-06 02:00:01] ==========================================
[2026-08-06 02:00:01] Starting backup: vitufinance_backup_20260806_020001
[2026-08-06 02:00:01] ==========================================
[2026-08-06 02:00:01] 1. Backing up critical source files...
[2026-08-06 02:00:01]    Critical files backed up: /www/wwwroot/vitufinance.com/backups/critical/critical_20260806_020001.tar.gz
[2026-08-06 02:00:01] 2. Backing up database...
[2026-08-06 02:00:14]    Database backed up: /www/wwwroot/vitufinance.com/backups/daily/db_20260806_020001.sql.gz
[2026-08-06 02:00:14] 3. Generating file integrity hashes...
[2026-08-06 02:00:14]    Hashes saved: /www/wwwroot/vitufinance.com/backups/critical/hashes_20260806_020001.sha256
[2026-08-06 02:00:14] 4. Checking for git changes...
[main 2dd03034] Auto-backup: 20260806_020001
 6 files changed, 1785 insertions(+)
 create mode 100644 backups/critical/hashes_20260806_020001.sha256
 create mode 100644 backups/daily/db_20260806_020001.sql.gz
[2026-08-06 02:00:16]    Git commit created
To github.com:gsyi5839-alt/https-vitufinance.com-.git
   f1e74b04..2dd03034  main -> main
[2026-08-06 02:00:36]    Git push completed
[2026-08-06 02:00:36] 5. Cleaning up old backups...
[2026-08-06 02:00:36]    Old backups cleaned (keeping last 7 days)
[2026-08-06 02:00:36] ==========================================
[2026-08-06 02:00:36] Backup completed successfully!
[2026-08-06 02:00:36] ==========================================
[2026-08-06 02:00:36]    Total backup size: 592M
[2026-08-06 02:00:36] ==========================================
[2026-08-07 02:00:01] ==========================================
[2026-08-07 02:00:02] Starting backup: vitufinance_backup_20260807_020001
[2026-08-07 02:00:02] ==========================================
[2026-08-07 02:00:02] 1. Backing up critical source files...
[2026-08-07 02:00:02]    Critical files backed up: /www/wwwroot/vitufinance.com/backups/critical/critical_20260807_020001.tar.gz
[2026-08-07 02:00:02] 2. Backing up database...
[2026-08-07 02:00:14]    Database backed up: /www/wwwroot/vitufinance.com/backups/daily/db_20260807_020001.sql.gz
[2026-08-07 02:00:14] 3. Generating file integrity hashes...
[2026-08-07 02:00:14]    Hashes saved: /www/wwwroot/vitufinance.com/backups/critical/hashes_20260807_020001.sha256
[2026-08-07 02:00:14] 4. Checking for git changes...
[main 982b9de1] Auto-backup: 20260807_020001
 6 files changed, 1785 insertions(+)
 create mode 100644 backups/critical/hashes_20260807_020001.sha256
 create mode 100644 backups/daily/db_20260807_020001.sql.gz
[2026-08-07 02:00:17]    Git commit created
To github.com:gsyi5839-alt/https-vitufinance.com-.git
   2dd03034..982b9de1  main -> main
[2026-08-07 02:00:35]    Git push completed
[2026-08-07 02:00:35] 5. Cleaning up old backups...
[2026-08-07 02:00:35]    Old backups cleaned (keeping last 7 days)
[2026-08-07 02:00:35] ==========================================
[2026-08-07 02:00:35] Backup completed successfully!
[2026-08-07 02:00:35] ==========================================
[2026-08-07 02:00:35]    Total backup size: 593M
[2026-08-07 02:00:35] ==========================================
[2026-08-07 03:00:01] [INFO] ========== Starting database backup ==========
[2026-08-07 03:00:01] [INFO] Backup time: 2026-08-07_03-00-01
[2026-08-07 03:00:01] [INFO] Project: /www/wwwroot/vitufinance.com
[2026-08-07 03:00:01] [INFO] Database: xie080886 @ 127.0.0.1:3306
[2026-08-07 03:00:01] [INFO] Creating database backup...
mysqldump: [Warning] Using a password on the command line interface can be insecure.
[2026-08-07 03:00:07] [INFO] Backup created: xie080886_2026-08-07.sql (291M)
[2026-08-07 03:00:07] [INFO] Compressing backup...
[2026-08-07 03:00:48] [INFO] Backup compressed: xie080886_2026-08-07.sql.gz (48M)
[2026-08-07 03:00:48] [INFO] Cleaning up old backups...
[2026-08-07 03:00:48] [INFO] Total backups retained: 4
[2026-08-07 03:00:48] [INFO] Pushing backup to Git repository...
[main b17531ef] 🗄️ Auto Backup: 2026-08-07
 3 files changed, 49 insertions(+)
 create mode 100644 backups/database/xie080886_2026-08-07.sql.gz
To github.com:gsyi5839-alt/https-vitufinance.com-.git
   982b9de1..b17531ef  main -> main
[2026-08-07 03:01:07] [INFO] Successfully pushed to 'main' branch
[2026-08-07 03:01:07] [INFO] Git push completed successfully
[2026-08-07 03:01:07] [INFO] =========================================
[2026-08-07 03:01:07] [INFO] Backup Summary:
[2026-08-07 03:01:07] [INFO]   File: xie080886_2026-08-07.sql.gz
[2026-08-07 03:01:07] [INFO]   Size: 48M
[2026-08-07 03:01:07] [INFO]   Location: /www/wwwroot/vitufinance.com/backups/database
[2026-08-07 03:01:07] [INFO] ========== Backup completed successfully ==========
[2026-08-07 03:01:07] [INFO] 
[2026-08-08 02:00:01] ==========================================
[2026-08-08 02:00:01] Starting backup: vitufinance_backup_20260808_020001
[2026-08-08 02:00:01] ==========================================
[2026-08-08 02:00:01] 1. Backing up critical source files...
[2026-08-08 02:00:01]    Critical files backed up: /www/wwwroot/vitufinance.com/backups/critical/critical_20260808_020001.tar.gz
[2026-08-08 02:00:01] 2. Backing up database...
[2026-08-08 02:00:16]    Database backed up: /www/wwwroot/vitufinance.com/backups/daily/db_20260808_020001.sql.gz
[2026-08-08 02:00:16] 3. Generating file integrity hashes...
[2026-08-08 02:00:16]    Hashes saved: /www/wwwroot/vitufinance.com/backups/critical/hashes_20260808_020001.sha256
[2026-08-08 02:00:16] 4. Checking for git changes...
[main 5a3d52a4] Auto-backup: 20260808_020001
 6 files changed, 1782 insertions(+)
 create mode 100644 backups/critical/hashes_20260808_020001.sha256
 create mode 100644 backups/daily/db_20260808_020001.sql.gz
[2026-08-08 02:00:19]    Git commit created
To github.com:gsyi5839-alt/https-vitufinance.com-.git
   b17531ef..5a3d52a4  main -> main
[2026-08-08 02:00:37]    Git push completed
[2026-08-08 02:00:37] 5. Cleaning up old backups...
[2026-08-08 02:00:37]    Old backups cleaned (keeping last 7 days)
[2026-08-08 02:00:37] ==========================================
[2026-08-08 02:00:37] Backup completed successfully!
[2026-08-08 02:00:37] ==========================================
[2026-08-08 02:00:37]    Total backup size: 597M
[2026-08-08 02:00:37] ==========================================
[2026-08-09 02:00:01] ==========================================
[2026-08-09 02:00:01] Starting backup: vitufinance_backup_20260809_020001
[2026-08-09 02:00:01] ==========================================
[2026-08-09 02:00:01] 1. Backing up critical source files...
[2026-08-09 02:00:01]    Critical files backed up: /www/wwwroot/vitufinance.com/backups/critical/critical_20260809_020001.tar.gz
[2026-08-09 02:00:01] 2. Backing up database...
[2026-08-09 02:00:14]    Database backed up: /www/wwwroot/vitufinance.com/backups/daily/db_20260809_020001.sql.gz
[2026-08-09 02:00:14] 3. Generating file integrity hashes...
[2026-08-09 02:00:14]    Hashes saved: /www/wwwroot/vitufinance.com/backups/critical/hashes_20260809_020001.sha256
[2026-08-09 02:00:14] 4. Checking for git changes...
[main 64183180] Auto-backup: 20260809_020001
 6 files changed, 1785 insertions(+)
 create mode 100644 backups/critical/hashes_20260809_020001.sha256
 create mode 100644 backups/daily/db_20260809_020001.sql.gz
[2026-08-09 02:00:17]    Git commit created
To github.com:gsyi5839-alt/https-vitufinance.com-.git
   5a3d52a4..64183180  main -> main
[2026-08-09 02:00:35]    Git push completed
[2026-08-09 02:00:35] 5. Cleaning up old backups...
[2026-08-09 02:00:35]    Old backups cleaned (keeping last 7 days)
[2026-08-09 02:00:35] ==========================================
[2026-08-09 02:00:35] Backup completed successfully!
[2026-08-09 02:00:35] ==========================================
[2026-08-09 02:00:35]    Total backup size: 599M
[2026-08-09 02:00:35] ==========================================
[2026-08-10 02:00:02] ==========================================
[2026-08-10 02:00:02] Starting backup: vitufinance_backup_20260810_020002
[2026-08-10 02:00:02] ==========================================
[2026-08-10 02:00:02] 1. Backing up critical source files...
[2026-08-10 02:00:02]    Critical files backed up: /www/wwwroot/vitufinance.com/backups/critical/critical_20260810_020002.tar.gz
[2026-08-10 02:00:02] 2. Backing up database...
[2026-08-10 02:00:15]    Database backed up: /www/wwwroot/vitufinance.com/backups/daily/db_20260810_020002.sql.gz
[2026-08-10 02:00:15] 3. Generating file integrity hashes...
[2026-08-10 02:00:15]    Hashes saved: /www/wwwroot/vitufinance.com/backups/critical/hashes_20260810_020002.sha256
[2026-08-10 02:00:15] 4. Checking for git changes...
[main bc5dcda5] Auto-backup: 20260810_020002
 6 files changed, 1785 insertions(+)
 create mode 100644 backups/critical/hashes_20260810_020002.sha256
 create mode 100644 backups/daily/db_20260810_020002.sql.gz
[2026-08-10 02:00:18]    Git commit created
To github.com:gsyi5839-alt/https-vitufinance.com-.git
   64183180..bc5dcda5  main -> main
[2026-08-10 02:00:36]    Git push completed
[2026-08-10 02:00:36] 5. Cleaning up old backups...
[2026-08-10 02:00:36]    Old backups cleaned (keeping last 7 days)
[2026-08-10 02:00:36] ==========================================
[2026-08-10 02:00:36] Backup completed successfully!
[2026-08-10 02:00:36] ==========================================
[2026-08-10 02:00:36]    Total backup size: 601M
[2026-08-10 02:00:36] ==========================================
[2026-08-10 03:00:01] [INFO] ========== Starting database backup ==========
[2026-08-10 03:00:01] [INFO] Backup time: 2026-08-10_03-00-01
[2026-08-10 03:00:01] [INFO] Project: /www/wwwroot/vitufinance.com
[2026-08-10 03:00:01] [INFO] Database: xie080886 @ 127.0.0.1:3306
[2026-08-10 03:00:02] [INFO] Creating database backup...
mysqldump: [Warning] Using a password on the command line interface can be insecure.
[2026-08-10 03:00:07] [INFO] Backup created: xie080886_2026-08-10.sql (294M)
[2026-08-10 03:00:07] [INFO] Compressing backup...
[2026-08-10 03:00:49] [INFO] Backup compressed: xie080886_2026-08-10.sql.gz (49M)
[2026-08-10 03:00:49] [INFO] Cleaning up old backups...
[2026-08-10 03:00:49] [INFO] Total backups retained: 3
[2026-08-10 03:00:49] [INFO] Pushing backup to Git repository...
[main 40d4f5e4] 🗄️ Auto Backup: 2026-08-10
 3 files changed, 49 insertions(+)
 create mode 100644 backups/database/xie080886_2026-08-10.sql.gz
To github.com:gsyi5839-alt/https-vitufinance.com-.git
   bc5dcda5..40d4f5e4  main -> main
[2026-08-10 03:01:08] [INFO] Successfully pushed to 'main' branch
[2026-08-10 03:01:08] [INFO] Git push completed successfully
[2026-08-10 03:01:08] [INFO] =========================================
[2026-08-10 03:01:08] [INFO] Backup Summary:
[2026-08-10 03:01:08] [INFO]   File: xie080886_2026-08-10.sql.gz
[2026-08-10 03:01:08] [INFO]   Size: 49M
[2026-08-10 03:01:08] [INFO]   Location: /www/wwwroot/vitufinance.com/backups/database
[2026-08-10 03:01:08] [INFO] ========== Backup completed successfully ==========
[2026-08-10 03:01:08] [INFO] 
[2026-08-11 02:00:01] ==========================================
[2026-08-11 02:00:01] Starting backup: vitufinance_backup_20260811_020001
[2026-08-11 02:00:01] ==========================================
[2026-08-11 02:00:01] 1. Backing up critical source files...
[2026-08-11 02:00:01]    Critical files backed up: /www/wwwroot/vitufinance.com/backups/critical/critical_20260811_020001.tar.gz
[2026-08-11 02:00:01] 2. Backing up database...
[2026-08-11 02:00:14]    Database backed up: /www/wwwroot/vitufinance.com/backups/daily/db_20260811_020001.sql.gz
[2026-08-11 02:00:14] 3. Generating file integrity hashes...
[2026-08-11 02:00:14]    Hashes saved: /www/wwwroot/vitufinance.com/backups/critical/hashes_20260811_020001.sha256
[2026-08-11 02:00:14] 4. Checking for git changes...
[main 570716d2] Auto-backup: 20260811_020001
 6 files changed, 1782 insertions(+)
 create mode 100644 backups/critical/hashes_20260811_020001.sha256
 create mode 100644 backups/daily/db_20260811_020001.sql.gz
[2026-08-11 02:00:17]    Git commit created
To github.com:gsyi5839-alt/https-vitufinance.com-.git
   40d4f5e4..570716d2  main -> main
[2026-08-11 02:01:17]    Git push completed
[2026-08-11 02:01:17] 5. Cleaning up old backups...
[2026-08-11 02:01:17]    Old backups cleaned (keeping last 7 days)
[2026-08-11 02:01:17] ==========================================
[2026-08-11 02:01:17] Backup completed successfully!
[2026-08-11 02:01:17] ==========================================
[2026-08-11 02:01:17]    Total backup size: 558M
[2026-08-11 02:01:17] ==========================================
[2026-08-12 02:00:01] ==========================================
[2026-08-12 02:00:01] Starting backup: vitufinance_backup_20260812_020001
[2026-08-12 02:00:01] ==========================================
[2026-08-12 02:00:01] 1. Backing up critical source files...
[2026-08-12 02:00:01]    Critical files backed up: /www/wwwroot/vitufinance.com/backups/critical/critical_20260812_020001.tar.gz
[2026-08-12 02:00:01] 2. Backing up database...
[2026-08-12 02:00:13]    Database backed up: /www/wwwroot/vitufinance.com/backups/daily/db_20260812_020001.sql.gz
[2026-08-12 02:00:13] 3. Generating file integrity hashes...
[2026-08-12 02:00:13]    Hashes saved: /www/wwwroot/vitufinance.com/backups/critical/hashes_20260812_020001.sha256
[2026-08-12 02:00:13] 4. Checking for git changes...
[main 451c5f0f] Auto-backup: 20260812_020001
 6 files changed, 1785 insertions(+)
 create mode 100644 backups/critical/hashes_20260812_020001.sha256
 create mode 100644 backups/daily/db_20260812_020001.sql.gz
[2026-08-12 02:00:16]    Git commit created
To github.com:gsyi5839-alt/https-vitufinance.com-.git
   570716d2..451c5f0f  main -> main
[2026-08-12 02:00:35]    Git push completed
[2026-08-12 02:00:35] 5. Cleaning up old backups...
[2026-08-12 02:00:35]    Old backups cleaned (keeping last 7 days)
[2026-08-12 02:00:35] ==========================================
[2026-08-12 02:00:35] Backup completed successfully!
[2026-08-12 02:00:35] ==========================================
[2026-08-12 02:00:35]    Total backup size: 560M
[2026-08-12 02:00:35] ==========================================
[2026-08-13 02:00:01] ==========================================
[2026-08-13 02:00:01] Starting backup: vitufinance_backup_20260813_020001
[2026-08-13 02:00:01] ==========================================
[2026-08-13 02:00:01] 1. Backing up critical source files...
[2026-08-13 02:00:01]    Critical files backed up: /www/wwwroot/vitufinance.com/backups/critical/critical_20260813_020001.tar.gz
[2026-08-13 02:00:01] 2. Backing up database...
[2026-08-13 02:00:14]    Database backed up: /www/wwwroot/vitufinance.com/backups/daily/db_20260813_020001.sql.gz
[2026-08-13 02:00:14] 3. Generating file integrity hashes...
[2026-08-13 02:00:14]    Hashes saved: /www/wwwroot/vitufinance.com/backups/critical/hashes_20260813_020001.sha256
[2026-08-13 02:00:14] 4. Checking for git changes...
[main 8341fe62] Auto-backup: 20260813_020001
 6 files changed, 1785 insertions(+)
 create mode 100644 backups/critical/hashes_20260813_020001.sha256
 create mode 100644 backups/daily/db_20260813_020001.sql.gz
[2026-08-13 02:00:16]    Git commit created
To github.com:gsyi5839-alt/https-vitufinance.com-.git
   451c5f0f..8341fe62  main -> main
[2026-08-13 02:00:36]    Git push completed
[2026-08-13 02:00:36] 5. Cleaning up old backups...
[2026-08-13 02:00:36]    Old backups cleaned (keeping last 7 days)
[2026-08-13 02:00:36] ==========================================
[2026-08-13 02:00:36] Backup completed successfully!
[2026-08-13 02:00:36] ==========================================
[2026-08-13 02:00:36]    Total backup size: 562M
[2026-08-13 02:00:36] ==========================================
[2026-08-13 03:00:01] [INFO] ========== Starting database backup ==========
[2026-08-13 03:00:01] [INFO] Backup time: 2026-08-13_03-00-01
[2026-08-13 03:00:01] [INFO] Project: /www/wwwroot/vitufinance.com
[2026-08-13 03:00:01] [INFO] Database: xie080886 @ 127.0.0.1:3306
[2026-08-13 03:00:01] [INFO] Creating database backup...
mysqldump: [Warning] Using a password on the command line interface can be insecure.
[2026-08-13 03:00:07] [INFO] Backup created: xie080886_2026-08-13.sql (298M)
[2026-08-13 03:00:07] [INFO] Compressing backup...
[2026-08-13 03:00:48] [INFO] Backup compressed: xie080886_2026-08-13.sql.gz (50M)
[2026-08-13 03:00:48] [INFO] Cleaning up old backups...
[2026-08-13 03:00:48] [INFO] Total backups retained: 3
[2026-08-13 03:00:48] [INFO] Pushing backup to Git repository...
[main 24b22d2c] 🗄️ Auto Backup: 2026-08-13
 3 files changed, 49 insertions(+)
 create mode 100644 backups/database/xie080886_2026-08-13.sql.gz
To github.com:gsyi5839-alt/https-vitufinance.com-.git
   8341fe62..24b22d2c  main -> main
[2026-08-13 03:01:07] [INFO] Successfully pushed to 'main' branch
[2026-08-13 03:01:07] [INFO] Git push completed successfully
[2026-08-13 03:01:07] [INFO] =========================================
[2026-08-13 03:01:07] [INFO] Backup Summary:
[2026-08-13 03:01:07] [INFO]   File: xie080886_2026-08-13.sql.gz
[2026-08-13 03:01:07] [INFO]   Size: 50M
[2026-08-13 03:01:07] [INFO]   Location: /www/wwwroot/vitufinance.com/backups/database
[2026-08-13 03:01:07] [INFO] ========== Backup completed successfully ==========
[2026-08-13 03:01:07] [INFO] 
[2026-08-14 02:00:01] ==========================================
[2026-08-14 02:00:01] Starting backup: vitufinance_backup_20260814_020001
[2026-08-14 02:00:01] ==========================================
[2026-08-14 02:00:02] 1. Backing up critical source files...
[2026-08-14 02:00:02]    Critical files backed up: /www/wwwroot/vitufinance.com/backups/critical/critical_20260814_020001.tar.gz
[2026-08-14 02:00:02] 2. Backing up database...
[2026-08-14 02:00:14]    Database backed up: /www/wwwroot/vitufinance.com/backups/daily/db_20260814_020001.sql.gz
[2026-08-14 02:00:14] 3. Generating file integrity hashes...
[2026-08-14 02:00:14]    Hashes saved: /www/wwwroot/vitufinance.com/backups/critical/hashes_20260814_020001.sha256
[2026-08-14 02:00:14] 4. Checking for git changes...
[main 8b0e3d93] Auto-backup: 20260814_020001
 6 files changed, 1782 insertions(+)
 create mode 100644 backups/critical/hashes_20260814_020001.sha256
 create mode 100644 backups/daily/db_20260814_020001.sql.gz
[2026-08-14 02:00:17]    Git commit created
remote: warning: See https://gh.io/lfs for more information.        
remote: warning: File backups/daily/db_20260814_020001.sql.gz is 50.04 MB; this is larger than GitHub's recommended maximum file size of 50.00 MB        
remote: warning: GH001: Large files detected. You may want to try Git Large File Storage - https://git-lfs.github.com.        
To github.com:gsyi5839-alt/https-vitufinance.com-.git
   24b22d2c..8b0e3d93  main -> main
[2026-08-14 02:00:33]    Git push completed
[2026-08-14 02:00:33] 5. Cleaning up old backups...
[2026-08-14 02:00:33]    Old backups cleaned (keeping last 7 days)
[2026-08-14 02:00:33] ==========================================
[2026-08-14 02:00:33] Backup completed successfully!
[2026-08-14 02:00:33] ==========================================
[2026-08-14 02:00:33]    Total backup size: 565M
[2026-08-14 02:00:33] ==========================================
[2026-08-15 02:00:01] ==========================================
[2026-08-15 02:00:01] Starting backup: vitufinance_backup_20260815_020001
[2026-08-15 02:00:01] ==========================================
[2026-08-15 02:00:01] 1. Backing up critical source files...
[2026-08-15 02:00:01]    Critical files backed up: /www/wwwroot/vitufinance.com/backups/critical/critical_20260815_020001.tar.gz
[2026-08-15 02:00:01] 2. Backing up database...
[2026-08-15 02:00:13]    Database backed up: /www/wwwroot/vitufinance.com/backups/daily/db_20260815_020001.sql.gz
[2026-08-15 02:00:14] 3. Generating file integrity hashes...
[2026-08-15 02:00:14]    Hashes saved: /www/wwwroot/vitufinance.com/backups/critical/hashes_20260815_020001.sha256
[2026-08-15 02:00:14] 4. Checking for git changes...
[main abe5a636] Auto-backup: 20260815_020001
 6 files changed, 1788 insertions(+)
 create mode 100644 backups/critical/hashes_20260815_020001.sha256
 create mode 100644 backups/daily/db_20260815_020001.sql.gz
[2026-08-15 02:00:17]    Git commit created
remote: warning: See https://gh.io/lfs for more information.        
remote: warning: File backups/daily/db_20260815_020001.sql.gz is 50.24 MB; this is larger than GitHub's recommended maximum file size of 50.00 MB        
remote: warning: GH001: Large files detected. You may want to try Git Large File Storage - https://git-lfs.github.com.        
To github.com:gsyi5839-alt/https-vitufinance.com-.git
   8b0e3d93..abe5a636  main -> main
[2026-08-15 02:00:34]    Git push completed
[2026-08-15 02:00:34] 5. Cleaning up old backups...
[2026-08-15 02:00:34]    Old backups cleaned (keeping last 7 days)
[2026-08-15 02:00:34] ==========================================
[2026-08-15 02:00:34] Backup completed successfully!
[2026-08-15 02:00:34] ==========================================
[2026-08-15 02:00:34]    Total backup size: 567M
[2026-08-15 02:00:34] ==========================================
[2026-08-16 02:00:01] ==========================================
[2026-08-16 02:00:01] Starting backup: vitufinance_backup_20260816_020001
[2026-08-16 02:00:01] ==========================================
[2026-08-16 02:00:01] 1. Backing up critical source files...
[2026-08-16 02:00:01]    Critical files backed up: /www/wwwroot/vitufinance.com/backups/critical/critical_20260816_020001.tar.gz
[2026-08-16 02:00:01] 2. Backing up database...
[2026-08-16 02:00:14]    Database backed up: /www/wwwroot/vitufinance.com/backups/daily/db_20260816_020001.sql.gz
[2026-08-16 02:00:14] 3. Generating file integrity hashes...
[2026-08-16 02:00:14]    Hashes saved: /www/wwwroot/vitufinance.com/backups/critical/hashes_20260816_020001.sha256
[2026-08-16 02:00:14] 4. Checking for git changes...
[main 2b006bc3] Auto-backup: 20260816_020001
 6 files changed, 1788 insertions(+)
 create mode 100644 backups/critical/hashes_20260816_020001.sha256
 create mode 100644 backups/daily/db_20260816_020001.sql.gz
[2026-08-16 02:00:17]    Git commit created
remote: warning: See https://gh.io/lfs for more information.        
remote: warning: File backups/daily/db_20260816_020001.sql.gz is 50.45 MB; this is larger than GitHub's recommended maximum file size of 50.00 MB        
remote: warning: GH001: Large files detected. You may want to try Git Large File Storage - https://git-lfs.github.com.        
To github.com:gsyi5839-alt/https-vitufinance.com-.git
   abe5a636..2b006bc3  main -> main
[2026-08-16 02:00:33]    Git push completed
[2026-08-16 02:00:33] 5. Cleaning up old backups...
[2026-08-16 02:00:33]    Old backups cleaned (keeping last 7 days)
[2026-08-16 02:00:33] ==========================================
[2026-08-16 02:00:33] Backup completed successfully!
[2026-08-16 02:00:33] ==========================================
[2026-08-16 02:00:33]    Total backup size: 569M
[2026-08-16 02:00:33] ==========================================
[2026-08-16 03:00:01] [INFO] ========== Starting database backup ==========
[2026-08-16 03:00:01] [INFO] Backup time: 2026-08-16_03-00-01
[2026-08-16 03:00:01] [INFO] Project: /www/wwwroot/vitufinance.com
[2026-08-16 03:00:01] [INFO] Database: xie080886 @ 127.0.0.1:3306
[2026-08-16 03:00:01] [INFO] Creating database backup...
mysqldump: [Warning] Using a password on the command line interface can be insecure.
[2026-08-16 03:00:07] [INFO] Backup created: xie080886_2026-08-16.sql (302M)
[2026-08-16 03:00:07] [INFO] Compressing backup...
[2026-08-16 03:00:51] [INFO] Backup compressed: xie080886_2026-08-16.sql.gz (50M)
[2026-08-16 03:00:51] [INFO] Cleaning up old backups...
[2026-08-16 03:00:51] [INFO] Total backups retained: 3
[2026-08-16 03:00:51] [INFO] Pushing backup to Git repository...
[main f8411134] 🗄️ Auto Backup: 2026-08-16
 3 files changed, 52 insertions(+)
 create mode 100644 backups/database/xie080886_2026-08-16.sql.gz
To github.com:gsyi5839-alt/https-vitufinance.com-.git
   2b006bc3..f8411134  main -> main
[2026-08-16 03:01:10] [INFO] Successfully pushed to 'main' branch
[2026-08-16 03:01:10] [INFO] Git push completed successfully
[2026-08-16 03:01:10] [INFO] =========================================
[2026-08-16 03:01:10] [INFO] Backup Summary:
[2026-08-16 03:01:10] [INFO]   File: xie080886_2026-08-16.sql.gz
[2026-08-16 03:01:10] [INFO]   Size: 50M
[2026-08-16 03:01:10] [INFO]   Location: /www/wwwroot/vitufinance.com/backups/database
[2026-08-16 03:01:10] [INFO] ========== Backup completed successfully ==========
[2026-08-16 03:01:10] [INFO] 
[2026-08-17 02:00:01] ==========================================
[2026-08-17 02:00:01] Starting backup: vitufinance_backup_20260817_020001
[2026-08-17 02:00:01] ==========================================
[2026-08-17 02:00:01] 1. Backing up critical source files...
[2026-08-17 02:00:01]    Critical files backed up: /www/wwwroot/vitufinance.com/backups/critical/critical_20260817_020001.tar.gz
[2026-08-17 02:00:01] 2. Backing up database...
[2026-08-17 02:00:14]    Database backed up: /www/wwwroot/vitufinance.com/backups/daily/db_20260817_020001.sql.gz
[2026-08-17 02:00:14] 3. Generating file integrity hashes...
[2026-08-17 02:00:14]    Hashes saved: /www/wwwroot/vitufinance.com/backups/critical/hashes_20260817_020001.sha256
[2026-08-17 02:00:14] 4. Checking for git changes...
[main 82a7590e] Auto-backup: 20260817_020001
 6 files changed, 1782 insertions(+)
 create mode 100644 backups/critical/hashes_20260817_020001.sha256
 create mode 100644 backups/daily/db_20260817_020001.sql.gz
[2026-08-17 02:00:17]    Git commit created
remote: warning: See https://gh.io/lfs for more information.        
remote: warning: File backups/daily/db_20260817_020001.sql.gz is 50.66 MB; this is larger than GitHub's recommended maximum file size of 50.00 MB        
remote: warning: GH001: Large files detected. You may want to try Git Large File Storage - https://git-lfs.github.com.        
To github.com:gsyi5839-alt/https-vitufinance.com-.git
   f8411134..82a7590e  main -> main
[2026-08-17 02:00:33]    Git push completed
[2026-08-17 02:00:33] 5. Cleaning up old backups...
[2026-08-17 02:00:33]    Old backups cleaned (keeping last 7 days)
[2026-08-17 02:00:33] ==========================================
[2026-08-17 02:00:33] Backup completed successfully!
[2026-08-17 02:00:33] ==========================================
[2026-08-17 02:00:33]    Total backup size: 572M
[2026-08-17 02:00:33] ==========================================
[2026-08-18 02:00:01] ==========================================
[2026-08-18 02:00:01] Starting backup: vitufinance_backup_20260818_020001
[2026-08-18 02:00:01] ==========================================
[2026-08-18 02:00:01] 1. Backing up critical source files...
[2026-08-18 02:00:01]    Critical files backed up: /www/wwwroot/vitufinance.com/backups/critical/critical_20260818_020001.tar.gz
[2026-08-18 02:00:01] 2. Backing up database...
[2026-08-18 02:00:14]    Database backed up: /www/wwwroot/vitufinance.com/backups/daily/db_20260818_020001.sql.gz
[2026-08-18 02:00:14] 3. Generating file integrity hashes...
[2026-08-18 02:00:14]    Hashes saved: /www/wwwroot/vitufinance.com/backups/critical/hashes_20260818_020001.sha256
[2026-08-18 02:00:14] 4. Checking for git changes...
[main b74035c2] Auto-backup: 20260818_020001
 6 files changed, 1788 insertions(+)
 create mode 100644 backups/critical/hashes_20260818_020001.sha256
 create mode 100644 backups/daily/db_20260818_020001.sql.gz
[2026-08-18 02:00:17]    Git commit created
remote: warning: See https://gh.io/lfs for more information.        
remote: warning: File backups/daily/db_20260818_020001.sql.gz is 50.87 MB; this is larger than GitHub's recommended maximum file size of 50.00 MB        
remote: warning: GH001: Large files detected. You may want to try Git Large File Storage - https://git-lfs.github.com.        
To github.com:gsyi5839-alt/https-vitufinance.com-.git
   82a7590e..b74035c2  main -> main
[2026-08-18 02:00:34]    Git push completed
[2026-08-18 02:00:34] 5. Cleaning up old backups...
[2026-08-18 02:00:34]    Old backups cleaned (keeping last 7 days)
[2026-08-18 02:00:34] ==========================================
[2026-08-18 02:00:34] Backup completed successfully!
[2026-08-18 02:00:34] ==========================================
[2026-08-18 02:00:34]    Total backup size: 574M
[2026-08-18 02:00:34] ==========================================
[2026-08-19 02:00:01] ==========================================
[2026-08-19 02:00:01] Starting backup: vitufinance_backup_20260819_020001
[2026-08-19 02:00:01] ==========================================
[2026-08-19 02:00:01] 1. Backing up critical source files...
[2026-08-19 02:00:01]    Critical files backed up: /www/wwwroot/vitufinance.com/backups/critical/critical_20260819_020001.tar.gz
[2026-08-19 02:00:01] 2. Backing up database...
[2026-08-19 02:00:14]    Database backed up: /www/wwwroot/vitufinance.com/backups/daily/db_20260819_020001.sql.gz
[2026-08-19 02:00:14] 3. Generating file integrity hashes...
[2026-08-19 02:00:14]    Hashes saved: /www/wwwroot/vitufinance.com/backups/critical/hashes_20260819_020001.sha256
[2026-08-19 02:00:14] 4. Checking for git changes...
[main 64ebedbb] Auto-backup: 20260819_020001
 6 files changed, 1788 insertions(+)
 create mode 100644 backups/critical/hashes_20260819_020001.sha256
 create mode 100644 backups/daily/db_20260819_020001.sql.gz
[2026-08-19 02:00:17]    Git commit created
remote: warning: See https://gh.io/lfs for more information.        
remote: warning: File backups/daily/db_20260819_020001.sql.gz is 51.07 MB; this is larger than GitHub's recommended maximum file size of 50.00 MB        
remote: warning: GH001: Large files detected. You may want to try Git Large File Storage - https://git-lfs.github.com.        
To github.com:gsyi5839-alt/https-vitufinance.com-.git
   b74035c2..64ebedbb  main -> main
[2026-08-19 02:00:35]    Git push completed
[2026-08-19 02:00:35] 5. Cleaning up old backups...
[2026-08-19 02:00:35]    Old backups cleaned (keeping last 7 days)
[2026-08-19 02:00:35] ==========================================
[2026-08-19 02:00:35] Backup completed successfully!
[2026-08-19 02:00:35] ==========================================
[2026-08-19 02:00:35]    Total backup size: 576M
[2026-08-19 02:00:35] ==========================================
[2026-08-19 03:00:01] [INFO] ========== Starting database backup ==========
[2026-08-19 03:00:01] [INFO] Backup time: 2026-08-19_03-00-01
[2026-08-19 03:00:01] [INFO] Project: /www/wwwroot/vitufinance.com
[2026-08-19 03:00:01] [INFO] Database: xie080886 @ 127.0.0.1:3306
[2026-08-19 03:00:01] [INFO] Creating database backup...
mysqldump: [Warning] Using a password on the command line interface can be insecure.
[2026-08-19 03:00:08] [INFO] Backup created: xie080886_2026-08-19.sql (305M)
[2026-08-19 03:00:08] [INFO] Compressing backup...
[2026-08-19 03:00:51] [INFO] Backup compressed: xie080886_2026-08-19.sql.gz (51M)
[2026-08-19 03:00:51] [INFO] Cleaning up old backups...
[2026-08-19 03:00:51] [INFO] Total backups retained: 3
[2026-08-19 03:00:51] [INFO] Pushing backup to Git repository...
[main 927deca9] 🗄️ Auto Backup: 2026-08-19
 3 files changed, 52 insertions(+)
 create mode 100644 backups/database/xie080886_2026-08-19.sql.gz
remote: warning: See https://gh.io/lfs for more information.        
remote: warning: File backups/database/xie080886_2026-08-19.sql.gz is 50.22 MB; this is larger than GitHub's recommended maximum file size of 50.00 MB        
remote: warning: GH001: Large files detected. You may want to try Git Large File Storage - https://git-lfs.github.com.        
To github.com:gsyi5839-alt/https-vitufinance.com-.git
   64ebedbb..927deca9  main -> main
[2026-08-19 03:01:08] [INFO] Successfully pushed to 'main' branch
[2026-08-19 03:01:08] [INFO] Git push completed successfully
[2026-08-19 03:01:08] [INFO] =========================================
[2026-08-19 03:01:08] [INFO] Backup Summary:
[2026-08-19 03:01:08] [INFO]   File: xie080886_2026-08-19.sql.gz
[2026-08-19 03:01:08] [INFO]   Size: 51M
[2026-08-19 03:01:08] [INFO]   Location: /www/wwwroot/vitufinance.com/backups/database
[2026-08-19 03:01:08] [INFO] ========== Backup completed successfully ==========
[2026-08-19 03:01:08] [INFO] 
[2026-08-20 02:00:01] ==========================================
[2026-08-20 02:00:01] Starting backup: vitufinance_backup_20260820_020001
[2026-08-20 02:00:01] ==========================================
[2026-08-20 02:00:01] 1. Backing up critical source files...
[2026-08-20 02:00:01]    Critical files backed up: /www/wwwroot/vitufinance.com/backups/critical/critical_20260820_020001.tar.gz
[2026-08-20 02:00:01] 2. Backing up database...
[2026-08-20 02:00:15]    Database backed up: /www/wwwroot/vitufinance.com/backups/daily/db_20260820_020001.sql.gz
[2026-08-20 02:00:15] 3. Generating file integrity hashes...
[2026-08-20 02:00:15]    Hashes saved: /www/wwwroot/vitufinance.com/backups/critical/hashes_20260820_020001.sha256
[2026-08-20 02:00:15] 4. Checking for git changes...
[main dd7a80fc] Auto-backup: 20260820_020001
 6 files changed, 1785 insertions(+)
 create mode 100644 backups/critical/hashes_20260820_020001.sha256
 create mode 100644 backups/daily/db_20260820_020001.sql.gz
[2026-08-20 02:00:18]    Git commit created
remote: warning: See https://gh.io/lfs for more information.        
remote: warning: File backups/daily/db_20260820_020001.sql.gz is 51.28 MB; this is larger than GitHub's recommended maximum file size of 50.00 MB        
remote: warning: GH001: Large files detected. You may want to try Git Large File Storage - https://git-lfs.github.com.        
To github.com:gsyi5839-alt/https-vitufinance.com-.git
   927deca9..dd7a80fc  main -> main
[2026-08-20 02:00:35]    Git push completed
[2026-08-20 02:00:35] 5. Cleaning up old backups...
[2026-08-20 02:00:36]    Old backups cleaned (keeping last 7 days)
[2026-08-20 02:00:36] ==========================================
[2026-08-20 02:00:36] Backup completed successfully!
[2026-08-20 02:00:36] ==========================================
[2026-08-20 02:00:36]    Total backup size: 579M
[2026-08-20 02:00:36] ==========================================
[2026-08-21 02:00:01] ==========================================
[2026-08-21 02:00:01] Starting backup: vitufinance_backup_20260821_020001
[2026-08-21 02:00:01] ==========================================
[2026-08-21 02:00:01] 1. Backing up critical source files...
[2026-08-21 02:00:01]    Critical files backed up: /www/wwwroot/vitufinance.com/backups/critical/critical_20260821_020001.tar.gz
[2026-08-21 02:00:01] 2. Backing up database...
[2026-08-21 02:00:15]    Database backed up: /www/wwwroot/vitufinance.com/backups/daily/db_20260821_020001.sql.gz
[2026-08-21 02:00:15] 3. Generating file integrity hashes...
[2026-08-21 02:00:15]    Hashes saved: /www/wwwroot/vitufinance.com/backups/critical/hashes_20260821_020001.sha256
[2026-08-21 02:00:15] 4. Checking for git changes...
[main 7d80214f] Auto-backup: 20260821_020001
 6 files changed, 1788 insertions(+)
 create mode 100644 backups/critical/hashes_20260821_020001.sha256
 create mode 100644 backups/daily/db_20260821_020001.sql.gz
[2026-08-21 02:00:18]    Git commit created
remote: warning: See https://gh.io/lfs for more information.        
remote: warning: File backups/daily/db_20260821_020001.sql.gz is 51.49 MB; this is larger than GitHub's recommended maximum file size of 50.00 MB        
remote: warning: GH001: Large files detected. You may want to try Git Large File Storage - https://git-lfs.github.com.        
To github.com:gsyi5839-alt/https-vitufinance.com-.git
   dd7a80fc..7d80214f  main -> main
[2026-08-21 02:00:36]    Git push completed
[2026-08-21 02:00:36] 5. Cleaning up old backups...
[2026-08-21 02:00:36]    Old backups cleaned (keeping last 7 days)
[2026-08-21 02:00:36] ==========================================
[2026-08-21 02:00:36] Backup completed successfully!
[2026-08-21 02:00:36] ==========================================
[2026-08-21 02:00:36]    Total backup size: 581M
[2026-08-21 02:00:36] ==========================================
[2026-08-22 02:00:01] ==========================================
[2026-08-22 02:00:01] Starting backup: vitufinance_backup_20260822_020001
[2026-08-22 02:00:01] ==========================================
[2026-08-22 02:00:01] 1. Backing up critical source files...
[2026-08-22 02:00:01]    Critical files backed up: /www/wwwroot/vitufinance.com/backups/critical/critical_20260822_020001.tar.gz
[2026-08-22 02:00:01] 2. Backing up database...
[2026-08-22 02:00:14]    Database backed up: /www/wwwroot/vitufinance.com/backups/daily/db_20260822_020001.sql.gz
[2026-08-22 02:00:14] 3. Generating file integrity hashes...
[2026-08-22 02:00:14]    Hashes saved: /www/wwwroot/vitufinance.com/backups/critical/hashes_20260822_020001.sha256
[2026-08-22 02:00:14] 4. Checking for git changes...
[main 9931cbdd] Auto-backup: 20260822_020001
 6 files changed, 1788 insertions(+)
 create mode 100644 backups/critical/hashes_20260822_020001.sha256
 create mode 100644 backups/daily/db_20260822_020001.sql.gz
[2026-08-22 02:00:17]    Git commit created
remote: warning: See https://gh.io/lfs for more information.        
remote: warning: File backups/daily/db_20260822_020001.sql.gz is 51.70 MB; this is larger than GitHub's recommended maximum file size of 50.00 MB        
remote: warning: GH001: Large files detected. You may want to try Git Large File Storage - https://git-lfs.github.com.        
To github.com:gsyi5839-alt/https-vitufinance.com-.git
   7d80214f..9931cbdd  main -> main
[2026-08-22 02:00:35]    Git push completed
[2026-08-22 02:00:35] 5. Cleaning up old backups...
[2026-08-22 02:00:35]    Old backups cleaned (keeping last 7 days)
[2026-08-22 02:00:35] ==========================================
[2026-08-22 02:00:35] Backup completed successfully!
[2026-08-22 02:00:35] ==========================================
[2026-08-22 02:00:35]    Total backup size: 583M
[2026-08-22 02:00:35] ==========================================
[2026-08-22 03:00:01] [INFO] ========== Starting database backup ==========
[2026-08-22 03:00:01] [INFO] Backup time: 2026-08-22_03-00-01
[2026-08-22 03:00:01] [INFO] Project: /www/wwwroot/vitufinance.com
[2026-08-22 03:00:01] [INFO] Database: xie080886 @ 127.0.0.1:3306
[2026-08-22 03:00:01] [INFO] Creating database backup...
mysqldump: [Warning] Using a password on the command line interface can be insecure.
[2026-08-22 03:00:08] [INFO] Backup created: xie080886_2026-08-22.sql (309M)
[2026-08-22 03:00:08] [INFO] Compressing backup...
[2026-08-22 03:00:52] [INFO] Backup compressed: xie080886_2026-08-22.sql.gz (51M)
[2026-08-22 03:00:52] [INFO] Cleaning up old backups...
[2026-08-22 03:00:52] [INFO] Total backups retained: 3
[2026-08-22 03:00:52] [INFO] Pushing backup to Git repository...
[main 6740a873] 🗄️ Auto Backup: 2026-08-22
 3 files changed, 52 insertions(+)
 create mode 100644 backups/database/xie080886_2026-08-22.sql.gz
remote: warning: See https://gh.io/lfs for more information.        
remote: warning: File backups/database/xie080886_2026-08-22.sql.gz is 50.84 MB; this is larger than GitHub's recommended maximum file size of 50.00 MB        
remote: warning: GH001: Large files detected. You may want to try Git Large File Storage - https://git-lfs.github.com.        
To github.com:gsyi5839-alt/https-vitufinance.com-.git
   9931cbdd..6740a873  main -> main
[2026-08-22 03:01:08] [INFO] Successfully pushed to 'main' branch
[2026-08-22 03:01:08] [INFO] Git push completed successfully
[2026-08-22 03:01:08] [INFO] =========================================
[2026-08-22 03:01:08] [INFO] Backup Summary:
[2026-08-22 03:01:08] [INFO]   File: xie080886_2026-08-22.sql.gz
[2026-08-22 03:01:08] [INFO]   Size: 51M
[2026-08-22 03:01:08] [INFO]   Location: /www/wwwroot/vitufinance.com/backups/database
[2026-08-22 03:01:08] [INFO] ========== Backup completed successfully ==========
[2026-08-22 03:01:09] [INFO] 
[2026-08-23 02:00:01] ==========================================
[2026-08-23 02:00:01] Starting backup: vitufinance_backup_20260823_020001
[2026-08-23 02:00:01] ==========================================
[2026-08-23 02:00:01] 1. Backing up critical source files...
[2026-08-23 02:00:01]    Critical files backed up: /www/wwwroot/vitufinance.com/backups/critical/critical_20260823_020001.tar.gz
[2026-08-23 02:00:01] 2. Backing up database...
[2026-08-23 02:00:14]    Database backed up: /www/wwwroot/vitufinance.com/backups/daily/db_20260823_020001.sql.gz
[2026-08-23 02:00:14] 3. Generating file integrity hashes...
[2026-08-23 02:00:15]    Hashes saved: /www/wwwroot/vitufinance.com/backups/critical/hashes_20260823_020001.sha256
[2026-08-23 02:00:15] 4. Checking for git changes...
[main bc9f2f5b] Auto-backup: 20260823_020001
 6 files changed, 1785 insertions(+)
 create mode 100644 backups/critical/hashes_20260823_020001.sha256
 create mode 100644 backups/daily/db_20260823_020001.sql.gz
[2026-08-23 02:00:17]    Git commit created
remote: warning: See https://gh.io/lfs for more information.        
remote: warning: File backups/daily/db_20260823_020001.sql.gz is 51.91 MB; this is larger than GitHub's recommended maximum file size of 50.00 MB        
remote: warning: GH001: Large files detected. You may want to try Git Large File Storage - https://git-lfs.github.com.        
To github.com:gsyi5839-alt/https-vitufinance.com-.git
   6740a873..bc9f2f5b  main -> main
[2026-08-23 02:00:34]    Git push completed
[2026-08-23 02:00:34] 5. Cleaning up old backups...
[2026-08-23 02:00:34]    Old backups cleaned (keeping last 7 days)
[2026-08-23 02:00:34] ==========================================
[2026-08-23 02:00:34] Backup completed successfully!
[2026-08-23 02:00:34] ==========================================
[2026-08-23 02:00:34]    Total backup size: 586M
[2026-08-23 02:00:34] ==========================================
[2026-08-24 02:00:01] ==========================================
[2026-08-24 02:00:01] Starting backup: vitufinance_backup_20260824_020001
[2026-08-24 02:00:01] ==========================================
[2026-08-24 02:00:01] 1. Backing up critical source files...
[2026-08-24 02:00:01]    Critical files backed up: /www/wwwroot/vitufinance.com/backups/critical/critical_20260824_020001.tar.gz
[2026-08-24 02:00:01] 2. Backing up database...
[2026-08-24 02:00:14]    Database backed up: /www/wwwroot/vitufinance.com/backups/daily/db_20260824_020001.sql.gz
[2026-08-24 02:00:14] 3. Generating file integrity hashes...
[2026-08-24 02:00:14]    Hashes saved: /www/wwwroot/vitufinance.com/backups/critical/hashes_20260824_020001.sha256
[2026-08-24 02:00:14] 4. Checking for git changes...
[main 26a796bd] Auto-backup: 20260824_020001
 6 files changed, 1788 insertions(+)
 create mode 100644 backups/critical/hashes_20260824_020001.sha256
 create mode 100644 backups/daily/db_20260824_020001.sql.gz
[2026-08-24 02:00:17]    Git commit created
remote: warning: See https://gh.io/lfs for more information.        
remote: warning: File backups/daily/db_20260824_020001.sql.gz is 52.12 MB; this is larger than GitHub's recommended maximum file size of 50.00 MB        
remote: warning: GH001: Large files detected. You may want to try Git Large File Storage - https://git-lfs.github.com.        
To github.com:gsyi5839-alt/https-vitufinance.com-.git
   bc9f2f5b..26a796bd  main -> main
[2026-08-24 02:00:34]    Git push completed
[2026-08-24 02:00:34] 5. Cleaning up old backups...
[2026-08-24 02:00:34]    Old backups cleaned (keeping last 7 days)
[2026-08-24 02:00:34] ==========================================
[2026-08-24 02:00:34] Backup completed successfully!
[2026-08-24 02:00:34] ==========================================
[2026-08-24 02:00:34]    Total backup size: 588M
[2026-08-24 02:00:34] ==========================================
[2026-08-25 02:00:01] ==========================================
[2026-08-25 02:00:01] Starting backup: vitufinance_backup_20260825_020001
[2026-08-25 02:00:01] ==========================================
[2026-08-25 02:00:01] 1. Backing up critical source files...
[2026-08-25 02:00:01]    Critical files backed up: /www/wwwroot/vitufinance.com/backups/critical/critical_20260825_020001.tar.gz
[2026-08-25 02:00:01] 2. Backing up database...
[2026-08-25 02:00:14]    Database backed up: /www/wwwroot/vitufinance.com/backups/daily/db_20260825_020001.sql.gz
[2026-08-25 02:00:14] 3. Generating file integrity hashes...
[2026-08-25 02:00:14]    Hashes saved: /www/wwwroot/vitufinance.com/backups/critical/hashes_20260825_020001.sha256
[2026-08-25 02:00:14] 4. Checking for git changes...
[main ad0f6bc6] Auto-backup: 20260825_020001
 6 files changed, 1788 insertions(+)
 create mode 100644 backups/critical/hashes_20260825_020001.sha256
 create mode 100644 backups/daily/db_20260825_020001.sql.gz
[2026-08-25 02:00:17]    Git commit created
remote: warning: See https://gh.io/lfs for more information.        
remote: warning: File backups/daily/db_20260825_020001.sql.gz is 52.33 MB; this is larger than GitHub's recommended maximum file size of 50.00 MB        
remote: warning: GH001: Large files detected. You may want to try Git Large File Storage - https://git-lfs.github.com.        
To github.com:gsyi5839-alt/https-vitufinance.com-.git
   26a796bd..ad0f6bc6  main -> main
[2026-08-25 02:00:34]    Git push completed
[2026-08-25 02:00:34] 5. Cleaning up old backups...
[2026-08-25 02:00:34]    Old backups cleaned (keeping last 7 days)
[2026-08-25 02:00:34] ==========================================
[2026-08-25 02:00:34] Backup completed successfully!
[2026-08-25 02:00:34] ==========================================
[2026-08-25 02:00:34]    Total backup size: 590M
[2026-08-25 02:00:34] ==========================================
[2026-08-25 03:00:01] [INFO] ========== Starting database backup ==========
[2026-08-25 03:00:01] [INFO] Backup time: 2026-08-25_03-00-01
[2026-08-25 03:00:01] [INFO] Project: /www/wwwroot/vitufinance.com
[2026-08-25 03:00:01] [INFO] Database: xie080886 @ 127.0.0.1:3306
[2026-08-25 03:00:01] [INFO] Creating database backup...
mysqldump: [Warning] Using a password on the command line interface can be insecure.
[2026-08-25 03:00:06] [INFO] Backup created: xie080886_2026-08-25.sql (313M)
[2026-08-25 03:00:06] [INFO] Compressing backup...
[2026-08-25 03:00:50] [INFO] Backup compressed: xie080886_2026-08-25.sql.gz (52M)
[2026-08-25 03:00:50] [INFO] Cleaning up old backups...
[2026-08-25 03:00:50] [INFO] Total backups retained: 3
[2026-08-25 03:00:50] [INFO] Pushing backup to Git repository...
[main c8f1aa67] 🗄️ Auto Backup: 2026-08-25
 3 files changed, 52 insertions(+)
 create mode 100644 backups/database/xie080886_2026-08-25.sql.gz
remote: warning: See https://gh.io/lfs for more information.        
remote: warning: File backups/database/xie080886_2026-08-25.sql.gz is 51.46 MB; this is larger than GitHub's recommended maximum file size of 50.00 MB        
remote: warning: GH001: Large files detected. You may want to try Git Large File Storage - https://git-lfs.github.com.        
To github.com:gsyi5839-alt/https-vitufinance.com-.git
   ad0f6bc6..c8f1aa67  main -> main
[2026-08-25 03:01:08] [INFO] Successfully pushed to 'main' branch
[2026-08-25 03:01:08] [INFO] Git push completed successfully
[2026-08-25 03:01:08] [INFO] =========================================
[2026-08-25 03:01:08] [INFO] Backup Summary:
[2026-08-25 03:01:08] [INFO]   File: xie080886_2026-08-25.sql.gz
[2026-08-25 03:01:08] [INFO]   Size: 52M
[2026-08-25 03:01:08] [INFO]   Location: /www/wwwroot/vitufinance.com/backups/database
[2026-08-25 03:01:08] [INFO] ========== Backup completed successfully ==========
[2026-08-25 03:01:08] [INFO] 
[2026-08-26 02:00:01] ==========================================
[2026-08-26 02:00:01] Starting backup: vitufinance_backup_20260826_020001
[2026-08-26 02:00:01] ==========================================
[2026-08-26 02:00:01] 1. Backing up critical source files...
[2026-08-26 02:00:01]    Critical files backed up: /www/wwwroot/vitufinance.com/backups/critical/critical_20260826_020001.tar.gz
[2026-08-26 02:00:01] 2. Backing up database...
[2026-08-26 02:00:14]    Database backed up: /www/wwwroot/vitufinance.com/backups/daily/db_20260826_020001.sql.gz
[2026-08-26 02:00:14] 3. Generating file integrity hashes...
[2026-08-26 02:00:14]    Hashes saved: /www/wwwroot/vitufinance.com/backups/critical/hashes_20260826_020001.sha256
[2026-08-26 02:00:14] 4. Checking for git changes...
